timestamp,m1_pos,m1_vel,m1_torque,m2_pos,m2_vel,m2_torque,ch6_max,ch7_max,ch6_new,ch7_new,m1_label,m2_label
9,-8.777431,-0.245437,0.0,18.847624,0.122718,0.003906,3.949806,3.098063,1.0,1.0,0,0
10,-8.777431,-0.024544,0.0,18.847624,0.024544,0.003906,3.949806,3.098063,1.0,1.0,0,0
12,-8.777623,-0.368155,0.0,18.847624,0.196349,0.0,3.949806,3.098063,1.0,1.0,0,0
14,-8.777239,0.196349,-0.003906,18.847431,-0.319068,0.003906,3.949806,3.098063,1.0,1.0,0,0
16,-8.777623,-0.589048,0.0,18.847624,0.073631,0.0,3.949806,3.098063,1.0,1.0,0,0
18,-8.777239,0.122718,0.0,18.847624,0.122718,0.0,3.949806,3.098063,1.0,1.0,0,0
20,-8.777431,-0.245437,0.0,18.847624,0.122718,-0.003906,3.949806,3.098063,1.0,1.0,0,0
22,-8.777047,-0.392699,0.0,18.847624,0.024544,0.0,3.949806,3.098063,1.0,1.0,0,0
24,-8.777239,-0.049087,0.0,18.847624,0.073631,0.0,3.949806,3.098063,1.0,1.0,0,0
26,-8.777239,-0.098175,0.0,18.847624,0.024544,0.0,3.949806,3.098063,1.0,1.0,0,0
27,-8.777239,-0.024544,0.0,18.847815,0.319068,0.0,3.949806,3.098063,1.0,1.0,0,0
30,-8.777239,-0.098175,0.0,18.847624,-0.024544,0.0,3.949806,3.098063,1.0,1.0,0,0
32,-8.777239,0.220893,0.0,18.847624,0.0,0.0,3.949806,3.098063,1.0,1.0,0,0
34,-8.777239,-0.319068,0.0,18.847624,0.392699,0.0,3.949806,3.098063,1.0,1.0,0,0
35,-8.777047,0.073631,0.0,18.847624,0.073631,0.0,3.949806,3.098063,1.0,1.0,0,0
37,-8.777239,-0.245437,0.0,18.847815,0.392699,0.0,3.949806,3.098063,1.0,1.0,0,0
40,-8.777047,-0.171806,0.0,18.847624,0.122718,0.0,3.949806,3.098063,1.0,1.0,0,0
41,-8.777239,-0.343611,0.0,18.847815,0.490873,0.0,3.949806,3.098063,1.0,1.0,0,0
43,-8.777047,-0.024544,0.0,18.847624,0.098175,0.0,3.949806,3.098063,1.0,1.0,0,0
45,-8.777047,0.049087,0.0,18.847624,0.0,0.0,3.949806,3.098063,1.0,1.0,0,0
46,-8.777047,0.073631,0.0,18.847431,-0.294524,0.0,3.949806,3.098063,1.0,1.0,0,0
49,-8.777047,0.024544,0.0,18.847624,0.024544,0.0,3.949806,3.098063,1.0,1.0,0,0
51,-8.777239,-0.245437,0.0,18.847815,0.392699,0.003906,3.949806,3.098063,1.0,1.0,0,0
53,-8.777047,-0.049087,0.0,18.847624,0.073631,0.0,3.949806,3.098063,1.0,1.0,0,0
54,-8.777047,0.0,0.0,18.847624,0.0,0.003906,3.949806,3.098063,1.0,1.0,0,0
57,-8.777239,-0.319068,0.0,18.847815,0.26998,0.0,3.949806,3.098063,1.0,1.0,0,0
58,-8.777047,0.073631,0.0,18.847624,0.0,0.0,3.96,3.098063,1.0,1.0,0,0
60,-8.777047,0.0,0.0,18.847815,0.245437,0.0,3.949806,3.098063,1.0,1.0,0,0
61,-8.777047,0.0,0.003906,18.847815,0.294524,0.0,3.949806,3.098063,1.0,1.0,0,0
64,-8.777047,0.122718,0.0,18.847815,0.245437,0.0,3.949806,3.098063,1.0,1.0,0,0
65,-8.777239,-0.368155,0.0,18.847815,0.024544,0.0,3.949806,3.098063,1.0,1.0,0,0
68,-8.777047,0.147262,0.0,18.848007,0.368155,0.0,3.949806,3.098063,1.0,1.0,0,0
70,-8.777239,-0.26998,0.0,18.847815,0.417242,0.0,3.949806,3.098063,1.0,1.0,0,0
72,-8.777047,0.0,0.0,18.847815,0.049087,0.0,3.949806,3.098063,1.0,1.0,0,0
73,-8.777239,-0.245437,0.0,18.847815,0.0,0.0,3.949806,3.098063,1.0,1.0,0,0
75,-8.777047,0.049087,-0.003906,18.847815,-0.024544,0.0,3.949806,3.098063,1.0,1.0,0,0
77,-8.777239,-0.368155,0.0,18.848007,0.392699,0.0,3.949806,3.098063,1.0,1.0,0,0
79,-8.777239,-0.294524,0.0,18.847815,0.049087,0.0,3.949806,3.098063,1.0,1.0,0,0
80,-8.777047,0.098175,-0.007812,18.848007,0.343611,0.0,3.949806,3.098063,1.0,1.0,0,0
83,-8.777239,-0.196349,-0.003906,18.848007,0.245437,0.0,3.949806,3.098063,1.0,1.0,0,0
85,-8.777239,-0.245437,0.0,18.848007,0.319068,0.0,3.949806,3.098063,1.0,1.0,0,0
86,-8.777047,-0.245437,0.0,18.848007,0.245437,0.0,3.949806,3.098063,1.0,1.0,0,0
88,-8.777239,-0.294524,0.0,18.847815,-0.073631,0.003906,3.949806,3.098063,1.0,1.0,0,0
90,-8.777047,0.196349,-0.003906,18.847815,0.0,0.0,3.949806,3.098063,1.0,1.0,0,0
93,-8.777239,-0.245437,0.0,18.847815,-0.122718,0.0,3.949806,3.098063,1.0,1.0,0,0
94,-8.777239,-0.245437,0.0,18.847815,-0.049087,0.0,3.949806,3.098063,1.0,1.0,0,0
96,-8.777239,-0.220893,0.0,18.848198,0.589048,0.0,3.949806,3.098063,1.0,1.0,0,0
99,-8.777047,0.171806,0.0,18.847815,0.0,0.0,3.949806,3.098063,1.0,1.0,0,0
100,-8.777239,-0.245437,0.0,18.847815,-0.024544,0.003906,3.949806,3.098063,1.0,1.0,0,0
102,-8.777239,-0.196349,0.0,18.848007,0.294524,0.0,3.949806,3.098063,1.0,1.0,0,0
104,-8.777047,0.024544,0.0,18.848007,0.294524,0.0,3.949806,3.098063,1.0,1.0,0,0
106,-8.777431,-0.539961,0.0,18.848007,0.26998,0.0,3.949806,3.098063,1.0,1.0,0,0
108,-8.777431,-0.613592,-0.003906,18.848007,0.294524,0.0,3.949806,3.098063,1.0,1.0,0,0
110,-8.777239,-0.245437,0.0,18.848007,0.26998,0.0,3.949806,3.098063,1.0,1.0,0,0
112,-8.777047,0.171806,0.0,18.848007,0.147262,-0.003906,3.949806,3.098063,1.0,1.0,0,0
113,-8.777239,-0.147262,0.0,18.848007,0.171806,0.0,3.949806,3.098063,1.0,1.0,0,0
115,-8.777431,-0.245437,0.0,18.848007,0.122718,0.0,3.949806,3.098063,1.0,1.0,0,0
116,-8.777239,-0.196349,0.0,18.848007,0.0,0.0,3.949806,3.098063,1.0,1.0,0,0
117,-8.777047,0.245437,-0.007812,18.848198,0.343611,0.0,3.949806,3.098063,1.0,1.0,0,0
119,-8.777047,0.098175,0.0,18.848198,0.343611,0.0,3.949806,3.098063,1.0,1.0,0,0
121,-8.777239,-0.245437,0.0,18.848007,0.0,0.0,3.949806,3.098063,1.0,1.0,0,0
122,-8.777239,-0.26998,-0.007812,18.848007,0.0,0.0,3.949806,3.098063,1.0,1.0,0,0
124,-8.777047,0.073631,0.0,18.848198,0.294524,0.0,3.949806,3.098063,1.0,1.0,0,0
126,-8.777047,0.122718,0.0,18.848007,-0.122718,0.0,3.949806,3.098063,1.0,1.0,0,0
128,-8.777239,-0.220893,0.0,18.848198,0.294524,-0.003906,3.949806,3.098063,1.0,1.0,0,0
129,-8.777047,0.098175,-0.003906,18.848198,0.245437,0.0,3.949806,3.098063,1.0,1.0,0,0
131,-8.777239,-0.245437,0.0,18.848198,0.171806,-0.003906,3.949806,3.098063,1.0,1.0,0,0
132,-8.777239,-0.343611,0.0,18.848198,0.049087,-0.003906,3.949806,3.098063,1.0,1.0,0,0
134,-8.777239,-0.245437,0.0,18.848198,-0.024544,0.0,3.949806,3.098063,1.0,1.0,0,0
135,-8.777047,0.049087,0.0,18.848391,0.245437,0.0,3.949806,3.098063,1.0,1.0,0,0
136,-8.777239,0.098175,0.0,18.848391,0.245437,0.0,3.949806,3.098063,1.0,1.0,0,0
138,-8.777047,0.073631,0.0,18.848391,0.220893,0.0,3.949806,3.098063,1.0,1.0,0,0
140,-8.777239,-0.26998,0.0,18.848581,0.245437,0.0,3.949806,3.098063,1.0,1.0,0,0
141,-8.777239,-0.147262,0.0,18.848391,-0.220893,-0.003906,3.949806,3.098063,1.0,1.0,0,0
144,-8.777239,-0.171806,0.0,18.848774,0.245437,0.0,3.949806,3.098063,1.0,1.0,0,0
146,-8.777431,-0.441786,0.0,18.848774,0.196349,0.0,3.949806,3.098063,1.0,1.0,0,0
148,-8.777239,-0.122718,0.0,18.848774,0.171806,0.0,3.949806,3.098063,1.0,1.0,0,0
150,-8.777239,-0.245437,0.0,18.848965,0.319068,0.0,3.949806,3.098063,1.0,1.0,0,0
151,-8.777047,0.122718,0.0,18.848965,0.196349,0.0,3.949806,3.098063,1.0,1.0,0,0
153,-8.777239,-0.343611,-0.003906,18.849157,0.024544,0.0,3.949806,3.098063,1.0,1.0,0,0
155,-8.777239,-0.220893,0.0,18.849348,0.0,0.0,3.949806,3.098063,1.0,1.0,0,0
157,-8.777047,0.196349,0.0,18.849348,-0.171806,0.0,3.949806,3.098063,1.0,1.0,0,0
158,-8.777047,0.098175,0.0,18.849541,0.098175,0.0,3.949806,3.098063,1.0,1.0,0,0
160,-8.777239,-0.171806,0.0,18.849733,0.368155,0.003906,3.949806,3.098063,1.0,1.0,0,0
162,-8.777239,-0.26998,0.0,18.849733,0.098175,0.0,3.949806,3.098063,1.0,1.0,0,0
163,-8.777239,-0.147262,0.0,18.849733,0.122718,0.0,3.949806,3.098063,1.0,1.0,0,0
165,-8.777047,0.245437,0.0,18.850117,0.220893,0.0,3.949806,3.098063,1.0,1.0,0,0
167,-8.777239,-0.245437,0.0,18.850307,0.245437,0.0,3.949806,3.098063,1.0,1.0,0,0
168,-8.777047,0.122718,0.0,18.850307,-0.122718,0.0,3.949806,3.098063,1.0,1.0,0,0
169,-8.777431,-0.441786,0.0,18.850883,0.245437,0.0,3.949806,3.098063,1.0,1.0,0,0
171,-8.777431,-0.392699,0.0,18.851074,-0.196349,0.0,3.949806,3.098063,1.0,1.0,0,0
173,-8.777239,-0.147262,0.0,18.85165,-0.024544,0.0,3.949806,3.098063,1.0,1.0,0,0
175,-8.777239,-0.171806,0.0,18.852034,-0.245437,0.0,3.949806,3.098063,1.0,1.0,0,0
176,-8.777239,-0.049087,0.0,18.853184,0.711766,0.0,3.949806,3.098063,1.0,1.0,0,0
177,-8.777047,0.196349,0.0,18.853567,0.245437,0.0,3.949806,3.098063,1.0,1.0,0,0
179,-8.777431,-0.417242,-0.003906,18.854334,0.245437,0.003906,3.949806,3.098063,1.0,1.0,0,0
181,-8.777239,-0.073631,0.0,18.85491,0.245437,0.0,3.949806,3.098063,1.0,1.0,0,0
182,-8.777239,-0.147262,0.0,18.855869,0.073631,0.0,3.949806,3.098063,1.0,1.0,0,0
184,-8.777047,0.245437,0.0,18.857403,0.490873,0.0,3.949806,3.098063,1.0,1.0,0,0
186,-8.777047,0.147262,0.0,18.859129,0.098175,0.0,3.949806,3.098063,1.0,1.0,0,0
189,-8.777431,-0.539961,0.0,18.864496,0.908116,0.0,3.949806,3.098063,1.0,1.0,0,0
193,-8.777047,0.073631,0.0,18.875427,1.791688,0.0,3.949806,3.098063,1.0,1.0,0,0
196,-8.777047,-0.245437,0.0,18.88463,0.957203,0.0,3.949806,3.098063,1.0,1.0,0,0
200,-8.777239,-0.245437,0.0,18.893452,1.349902,0.0,3.949806,3.098063,1.0,1.0,0,0
204,-8.777431,-0.564505,0.0,18.904572,1.546251,0.0,3.949806,3.098063,1.0,1.0,0,0
208,-8.777239,-0.245437,0.0,18.910517,0.687223,0.0,3.949806,3.098063,1.0,1.0,0,0
211,-8.777239,-0.220893,0.0,18.914927,0.809941,0.0,3.949806,3.098063,1.0,1.0,0,0
215,-8.777047,0.098175,0.0,18.923939,1.325358,0.003906,3.949806,3.098063,1.0,1.0,0,0
217,-8.777239,-0.26998,0.0,18.932184,0.589048,0.0,3.949806,3.098063,1.0,1.0,0,0
219,-8.777047,0.122718,0.0,18.935827,0.245437,0.003906,3.949806,3.098063,1.0,1.0,0,0
221,-8.777047,0.073631,0.0,18.93832,0.859029,0.0,3.949806,3.098063,1.0,1.0,0,0
223,-8.777047,0.122718,0.0,18.941387,0.46633,0.0,3.949806,3.098063,1.0,1.0,0,0
225,-8.777239,-0.147262,0.0,18.945606,0.981747,0.0,3.949806,3.098063,1.0,1.0,0,0
226,-8.777047,0.122718,0.0,18.947906,0.319068,-0.003906,3.949806,3.098063,1.0,1.0,0,0
229,-8.777239,-0.196349,0.0,18.947716,-0.122718,0.003906,3.949806,3.098063,1.0,1.0,0,0
231,-8.777239,-0.073631,-0.003906,18.947906,-0.220893,0.003906,3.949806,3.098063,1.0,1.0,0,0
232,-8.777431,-0.147262,0.0,18.947906,0.049087,-0.003906,3.949806,3.098063,1.0,1.0,0,0
235,-8.777431,-0.564505,0.0,18.948099,0.122718,0.007812,3.949806,3.098063,1.0,1.0,0,0
236,-8.777239,-0.220893,0.0,18.94829,0.171806,-0.003906,3.949806,3.098063,1.0,1.0,0,0
238,-8.777047,-0.147262,0.0,18.948673,0.26998,0.003906,3.949806,3.098063,1.0,1.0,0,0
240,-8.777047,0.220893,0.0,18.948673,0.147262,0.0,3.949806,3.087325,1.0,1.0,0,0
242,-8.777239,-0.196349,0.0,18.948866,0.220893,-0.003906,3.949806,3.087325,1.0,1.0,0,0
244,-8.777239,-0.171806,0.0,18.949249,0.539961,0.0,3.949806,3.087325,1.0,1.0,0,0
245,-8.777047,0.220893,0.0,18.949442,0.0,-0.003906,3.949806,3.087325,1.0,1.0,0,0
247,-8.777239,-0.171806,0.0,18.949825,0.098175,-0.003906,3.949806,3.087325,1.0,1.0,0,0
250,-8.777047,0.171806,0.0,18.950016,0.319068,0.0,3.949806,3.087325,1.0,1.0,0,0
252,-8.777239,-0.245437,0.0,18.950016,0.024544,0.003906,3.949806,3.087325,1.0,1.0,0,0
253,-8.777047,0.171806,0.0,18.950016,-0.098175,0.003906,3.949806,3.087325,1.0,1.0,0,0
255,-8.777047,0.122718,0.0,18.950209,0.245437,0.003906,3.949806,3.01197,1.0,1.0,0,0
257,-8.777047,0.098175,0.0,18.950016,0.0,0.007812,3.949806,3.01197,1.0,1.0,0,0
259,-8.777239,-0.220893,-0.003906,18.950209,0.294524,0.0,3.949806,3.01197,1.0,1.0,0,0
260,-8.777239,-0.073631,0.0,18.950016,0.073631,0.0,3.949806,3.01197,1.0,1.0,0,0
263,-8.777239,-0.245437,0.0,18.950016,0.098175,0.003906,3.949806,3.01197,1.0,1.0,0,0
265,-8.777239,0.26998,0.0,18.950209,0.343611,0.0,3.949806,3.01197,1.0,1.0,0,0
266,-8.777239,-0.294524,0.0,18.950209,0.26998,-0.003906,3.949806,3.01197,1.0,1.0,0,0
268,-8.777239,-0.245437,0.0,18.950016,-0.319068,0.0,3.949806,3.01197,1.0,1.0,0,0
270,-8.777047,-0.294524,0.0,18.950399,0.245437,0.0,3.949806,3.01197,1.0,1.0,0,0
272,-8.777239,-0.294524,0.0,18.950592,0.245437,0.003906,3.949806,3.01197,1.0,1.0,0,0
274,-8.777047,0.0,0.0,18.950399,-0.319068,0.003906,3.949806,3.011777,1.0,1.0,0,0
275,-8.777239,-0.220893,0.0,18.951166,0.294524,-0.003906,3.949806,3.011777,1.0,1.0,0,0
278,-8.777239,-0.171806,0.0,18.95155,0.711766,0.0,3.949806,3.011777,1.0,1.0,0,0
280,-8.777047,0.171806,0.0,18.951742,0.220893,0.0,3.949806,3.011777,1.0,1.0,0,0
281,-8.777047,0.220893,0.0,18.952509,0.171806,0.0,3.949806,3.011777,1.0,1.0,0,0
284,-8.777431,-0.245437,0.0,18.953276,0.441786,0.003906,3.949806,3.011777,1.0,1.0,0,0
285,-8.777239,0.098175,0.0,18.953852,-0.122718,0.003906,3.949806,3.011586,1.0,1.0,0,0
287,-8.777431,-0.343611,0.0,18.954618,0.098175,0.003906,3.949806,3.011586,1.0,1.0,0,0
289,-8.777239,-0.024544,0.0,18.955002,0.024544,-0.003906,3.949806,3.011586,1.0,1.0,0,0
291,-8.777239,0.0,-0.003906,18.955961,0.589048,0.0,3.949806,3.011586,1.0,1.0,0,0
293,-8.777239,0.0,0.0,18.957111,0.319068,0.0,3.949806,3.011586,1.0,1.0,0,0
294,-8.777239,0.098175,0.0,18.958838,0.245437,0.0,3.949806,3.011586,1.0,1.0,0,0
296,-8.777239,-0.049087,0.0,18.962288,0.613592,0.0,3.949806,3.011586,1.0,1.0,0,0
299,-8.777239,0.0,0.007812,18.970533,1.448077,-0.003906,3.949806,3.011586,1.0,1.0,0,0
300,-8.777431,-0.049087,0.0,18.982805,1.251727,0.003906,3.949806,3.011586,1.0,1.0,0,0
302,-8.777239,0.0,0.0,18.993351,1.791688,0.0,3.949806,3.011586,1.0,1.0,0,0
304,-8.777431,-0.319068,0.003906,19.005816,0.809941,0.0,3.949806,3.011586,1.0,1.0,0,0
306,-8.777239,-0.073631,0.0,19.011568,0.589048,-0.003906,3.949806,3.011586,1.0,1.0,0,0
308,-8.777047,0.417242,0.0,19.015594,0.908116,0.0,3.949806,3.011586,1.0,1.0,0,0
309,-8.777623,-0.638135,0.0,19.021154,0.638135,-0.003906,3.949806,3.011586,1.0,1.0,0,0
312,-8.777239,0.122718,0.0,19.026524,0.687223,0.0,3.949806,3.011586,1.0,1.0,0,0
314,-8.777239,0.073631,0.0,19.027674,0.343611,0.0,3.949806,3.011586,1.0,1.0,0,0
316,-8.777239,0.073631,0.0,19.02729,-0.220893,0.0,3.949806,3.011586,1.0,1.0,0,0
318,-8.777431,-0.26998,0.0,19.027483,0.0,0.0,3.949806,3.011586,1.0,1.0,0,0
322,-8.777815,-0.26998,0.0,19.102455,0.245437,0.0,3.12836,3.011586,1.0,1.0,0,0
324,-8.777431,-0.024544,0.0,19.102455,0.368155,0.0,3.12836,3.011586,1.0,1.0,0,0
326,-8.777431,-0.26998,0.0,19.102455,0.368155,0.0,3.12836,3.011586,1.0,1.0,0,0
328,-8.777239,0.049087,0.0,19.102455,0.319068,0.003906,3.12836,3.011586,1.0,1.0,0,0
330,-8.777239,0.073631,0.0,19.102455,0.245437,0.0,3.12836,3.011586,1.0,1.0,0,0
331,-8.777431,-0.368155,0.0,19.102455,0.343611,0.0,3.12836,3.011586,1.0,1.0,0,0
333,-8.777431,-0.171806,0.0,19.102455,0.26998,0.003906,3.12836,3.011586,1.0,1.0,0,0
335,-8.777431,-0.343611,0.0,19.102455,0.122718,0.0,3.12836,3.011586,1.0,1.0,0,0
337,-8.777239,0.024544,0.0,19.102648,0.490873,0.0,3.12836,3.011586,1.0,1.0,0,0
339,-8.777431,-0.294524,0.0,19.102455,-0.024544,0.0,3.12836,3.011586,1.0,1.0,0,0
341,-8.777239,-0.049087,0.0,19.102648,0.319068,0.0,3.12836,3.011586,1.0,1.0,0,0
343,-8.777431,-0.343611,0.0,19.102455,-0.122718,0.0,3.12836,3.011586,1.0,1.0,0,0
345,-8.777239,0.122718,0.0,19.102839,0.245437,0.0,3.12836,3.011586,1.0,1.0,0,0
347,-8.777431,-0.220893,0.003906,19.103222,0.294524,0.0,3.12836,3.011586,1.0,1.0,0,0
349,-8.777431,-0.245437,0.0,19.103798,0.46633,-0.003906,3.12836,3.011586,1.0,1.0,0,0
351,-8.777239,0.122718,0.0,19.104374,0.0,0.0,3.12836,3.011586,1.0,1.0,0,0
353,-8.777431,-0.294524,-0.003906,19.105715,0.417242,0.0,3.12836,3.011586,1.0,1.0,0,0
354,-8.777623,-0.589048,0.0,19.10725,0.245437,0.0,3.12836,3.011586,1.0,1.0,0,0
356,-8.777431,-0.319068,0.0,19.10955,0.171806,0.0,3.12836,3.011586,1.0,1.0,0,0
358,-8.777623,-0.687223,-0.007812,19.11396,0.687223,0.003906,3.12836,3.011586,1.0,1.0,0,0
360,-8.777239,0.0,0.0,19.120289,0.73631,0.0,3.12836,3.011586,1.0,1.0,0,0
362,-8.777239,0.122718,0.0,19.123356,-0.319068,0.0,3.12836,3.011586,1.0,1.0,0,0
363,-8.777431,-0.319068,0.0,19.122972,-0.368155,0.0,3.12836,3.011586,1.0,1.0,0,0
365,-8.777431,-0.171806,0.0,19.123549,0.368155,0.0,3.12836,3.011586,1.0,1.0,0,0
368,-8.777239,0.098175,0.0,19.123356,0.073631,0.0,3.12836,3.011586,1.0,1.0,0,0
370,-8.777431,-0.245437,0.0,19.123356,0.171806,0.0,3.12836,3.011586,1.0,1.0,0,0
371,-8.777431,-0.245437,-0.003906,19.123165,-0.122718,0.0,3.12836,3.011586,1.0,1.0,0,0
373,-8.777239,0.0,-0.007812,19.123356,0.26998,0.0,3.12836,3.011586,1.0,1.0,0,0
375,-8.777623,-0.662679,0.0,19.123356,0.368155,0.0,3.12836,3.011586,1.0,1.0,0,0
377,-8.777239,0.0,0.0,19.123165,-0.049087,0.0,3.12836,3.011586,1.0,1.0,0,0
379,-8.777239,0.049087,0.0,19.123165,-0.049087,0.0,3.12836,3.011586,1.0,1.0,0,0
381,-8.777239,0.122718,0.0,19.123165,0.122718,0.0,3.12836,3.011586,1.0,1.0,0,0
405,-8.777239,0.049087,0.003906,19.123165,0.171806,0.0,3.12836,3.011586,1.0,1.0,0,0
407,-8.777431,-0.343611,0.0,19.122972,-0.196349,0.0,3.12836,3.011586,1.0,1.0,0,0
409,-8.777047,0.343611,0.0,19.123165,-0.073631,-0.003906,3.12836,3.011586,1.0,1.0,0,0
411,-8.777239,-0.073631,0.0,19.122972,-0.049087,0.0,3.12836,3.011586,1.0,1.0,0,0
421,-8.777047,0.171806,0.0,19.122972,0.024544,0.0,3.12836,3.011586,1.0,1.0,0,0
423,-8.777047,0.098175,0.0,19.122972,0.049087,0.0,3.12836,3.011586,1.0,1.0,0,0
433,-8.777047,-0.024544,0.0,19.123165,-0.098175,0.0,3.12836,3.011586,1.0,1.0,0,0
450,-8.776855,0.024544,0.0,19.122972,-0.073631,0.003906,3.12836,3.011586,1.0,1.0,0,0
452,-8.776855,-0.245437,0.0,19.123165,0.26998,0.0,3.12836,3.011586,1.0,1.0,0,0
454,-8.776472,0.0,0.0,19.122972,0.245437,0.0,3.12836,3.011586,1.0,1.0,0,0
463,-8.77628,-0.171806,0.0,19.122782,-0.220893,0.0,3.12836,3.011586,1.0,1.0,0,0
483,-8.776089,0.0,0.0,19.122972,0.024544,-0.003906,3.12836,3.011586,1.0,1.0,0,0
485,-8.776089,-0.171806,0.0,19.122782,-0.196349,0.0,3.12836,3.011586,1.0,1.0,0,0
496,-8.775897,0.0,0.003906,19.122782,-0.26998,0.0,3.12836,3.011586,1.0,1.0,0,0
499,-8.775897,-0.171806,0.0,19.122782,0.0,0.0,3.12836,3.011586,1.0,1.0,0,0
516,-8.775705,0.122718,0.0,19.122782,0.0,0.0,3.12836,3.011586,1.0,1.0,0,0
518,-8.775897,-0.441786,0.0,19.122972,0.319068,-0.003906,3.12836,3.011586,1.0,1.0,0,0
527,-8.775705,-0.220893,0.0,19.122782,-0.049087,0.003906,3.12836,3.011586,1.0,1.0,0,0
547,-8.775514,0.024544,0.0,19.122782,0.0,0.0,3.12836,3.011586,1.0,1.0,0,0
548,-8.775705,-0.245437,0.0,19.122972,0.368155,0.0,3.12836,3.011586,1.0,1.0,0,0
556,-8.775514,0.049087,0.0,19.123165,0.589048,0.003906,3.12836,3.011586,1.0,1.0,0,0
558,-8.775514,-0.024544,0.0,19.122972,0.073631,0.0,3.12836,3.011586,1.0,1.0,0,0
578,-8.775705,-0.343611,0.0,19.123165,0.46633,0.0,3.12836,3.011586,1.0,1.0,0,0
579,-8.775705,-0.319068,0.0,19.123165,0.343611,0.0,3.12836,3.011586,1.0,1.0,0,0
589,-8.775514,0.0,0.0,19.123165,0.049087,0.0,3.12836,3.011586,1.0,1.0,0,0
609,-8.775514,0.024544,0.0,19.123165,0.073631,0.003906,3.12836,3.011586,1.0,1.0,0,0
611,-8.775705,-0.343611,0.0,19.123356,0.294524,0.0,3.12836,3.011586,1.0,1.0,0,0
612,-8.775514,0.024544,0.0,19.123165,0.0,0.0,3.12836,2.295025,1.0,1.0,0,0
619,-8.775514,0.049087,0.0,19.123356,0.368155,0.0,3.12836,2.295025,1.0,1.0,0,0
653,-8.775705,-0.392699,0.0,19.123165,-0.147262,0.0,3.12836,2.295025,1.0,1.0,0,0
655,-8.775514,0.0,0.0,19.123356,0.171806,0.0,3.12836,2.295025,1.0,1.0,0,0
658,-8.775514,0.024544,0.0,19.123356,0.245437,0.0,3.12836,2.295025,1.0,1.0,0,0
676,-8.775514,0.122718,0.0,19.123356,0.147262,0.0,3.12836,2.295025,1.0,1.0,0,0
678,-8.775514,0.171806,0.0,19.123356,0.171806,0.0,3.12836,2.295025,1.0,1.0,0,0
680,-8.775514,0.049087,0.0,19.123549,0.368155,0.0,3.12836,2.295025,1.0,1.0,0,0
683,-8.775514,0.098175,0.007812,19.123549,0.539961,0.0,3.12836,2.295025,1.0,1.0,0,0
703,-8.775514,0.122718,0.0,19.123356,0.196349,0.0,3.12836,2.295025,1.0,1.0,0,0
705,-8.775514,0.024544,0.0,19.123165,-0.196349,0.0,3.12836,2.295025,1.0,1.0,0,0
712,-8.775705,-0.26998,-0.003906,19.123356,-0.073631,0.0,3.12836,2.295025,1.0,1.0,0,0
714,-8.775514,0.073631,0.0,19.123549,0.613592,0.0,3.12836,2.295025,1.0,1.0,0,0
734,-8.775705,-0.245437,0.0,19.123356,0.245437,0.0,3.12836,2.295025,1.0,1.0,0,0
736,-8.775514,0.024544,0.0,19.123165,0.0,0.0,3.12836,2.295025,1.0,1.0,0,0
762,-8.775514,0.0,0.0,19.123356,0.245437,0.0,3.12836,2.295025,1.0,1.0,0,0
766,-8.775514,0.024544,0.0,19.123356,0.245437,0.0,3.12836,2.295025,1.0,1.0,0,0
791,-8.775514,-0.049087,0.0,19.123356,0.147262,0.0,3.12836,2.295025,1.0,1.0,0,0
795,-8.775514,0.147262,0.0,19.123356,0.220893,0.0,3.12836,2.295025,1.0,1.0,0,0
798,-8.775514,0.0,0.0,19.123356,0.245437,0.0,3.12836,2.295025,1.0,1.0,0,0
802,-8.775705,-0.368155,-0.007812,19.123356,0.368155,0.0,3.12836,2.295025,1.0,1.0,0,0
805,-8.775705,0.0,0.0,19.123165,0.122718,0.0,3.12836,2.295025,1.0,1.0,0,0
811,-8.775514,-0.26998,0.0,19.123356,0.245437,0.0,3.12836,2.295025,1.0,1.0,0,0
815,-8.775514,0.0,0.0,19.123356,0.319068,0.0,3.12836,2.295025,1.0,1.0,0,0
821,-8.775514,0.0,0.0,19.123356,0.245437,0.0,3.12836,2.295025,1.0,1.0,0,0
832,-8.775514,0.098175,0.0,19.123165,-0.049087,0.0,3.12836,2.295025,1.0,1.0,0,0
843,-8.775514,0.024544,0.003906,19.123165,0.049087,0.0,3.12836,2.295025,1.0,1.0,0,0
863,-8.775705,-0.368155,0.0,19.123165,0.073631,0.003906,3.12836,2.295025,1.0,1.0,0,0
865,-8.775705,-0.368155,-0.003906,19.123356,0.343611,0.0,3.12836,2.295025,1.0,1.0,0,0
866,-8.775705,-0.319068,0.0,19.123356,0.343611,0.0,3.12836,2.295025,1.0,1.0,0,0
880,-8.775514,-0.024544,0.0,19.122972,-0.122718,0.0,3.12836,2.295025,1.0,1.0,0,0
885,-8.775705,-0.368155,0.0,19.123165,0.196349,0.0,3.12836,2.295025,1.0,1.0,0,0
912,-8.775514,0.098175,0.0,19.123165,0.220893,0.0,3.12836,2.295025,1.0,1.0,0,0
914,-8.775705,-0.245437,0.0,19.123356,0.515417,0.003906,3.12836,2.295025,1.0,1.0,0,0
915,-8.775514,0.0,0.0,19.122972,-0.294524,0.0,3.12836,2.295025,1.0,1.0,0,0
920,-8.775514,0.098175,0.0,19.123165,0.122718,0.0,3.12836,2.295025,1.0,1.0,0,0
943,-8.775514,0.0,0.0,19.123165,0.098175,0.0,3.12836,2.295025,1.0,1.0,0,0
946,-8.775705,-0.26998,0.0,19.123356,0.589048,0.0,3.12836,2.295025,1.0,1.0,0,0
961,-8.775705,-0.368155,0.0,19.123165,0.171806,0.0,3.12836,2.295025,1.0,1.0,0,0
963,-8.775514,0.122718,0.0,19.123165,0.245437,0.0,3.12836,2.295025,1.0,1.0,0,0
974,-8.775514,0.0,0.0,19.122972,-0.196349,-0.003906,3.12836,2.295025,1.0,1.0,0,0
976,-8.775514,0.122718,0.0,19.122972,-0.220893,0.0,3.12836,2.295025,1.0,1.0,0,0
994,-8.775514,0.049087,0.0,19.122972,-0.098175,0.003906,3.12836,2.295025,1.0,1.0,0,0
995,-8.775705,-0.343611,0.0,19.123165,0.294524,0.0,3.12836,2.295025,1.0,1.0,0,0
1003,-8.775705,-0.343611,0.0,19.123165,0.368155,0.0,3.12836,2.295025,1.0,1.0,0,0
1023,-8.775322,0.343611,0.0,19.122972,-0.122718,0.0,3.12836,2.295025,1.0,1.0,0,0
1025,-8.775705,-0.26998,0.0,19.123165,0.049087,0.0,3.12836,2.295025,1.0,1.0,0,0
1027,-8.775514,0.098175,0.0,19.123356,0.368155,0.0,3.12836,2.295025,1.0,1.0,0,0
1038,-8.775705,-0.368155,0.0,19.123165,0.220893,0.0,3.12836,2.295025,1.0,1.0,0,0
1068,-8.775514,0.122718,0.0,19.123165,-0.024544,0.0,3.12836,2.295025,1.0,1.0,0,0
1070,-8.775705,-0.26998,0.0,19.123165,0.122718,0.0,3.12836,2.295025,1.0,1.0,0,0
1072,-8.775897,-0.638135,0.0,19.123356,0.368155,0.0,3.12836,2.295025,1.0,1.0,0,0
1086,-8.775705,-0.245437,0.0,19.122972,-0.343611,0.003906,3.12836,2.295025,1.0,1.0,0,0
1088,-8.775514,0.024544,0.0,19.123356,0.441786,0.0,3.12836,2.295025,1.0,1.0,0,0
1091,-8.775514,-0.049087,0.0,19.123356,0.417242,0.003906,3.12836,2.295025,1.0,1.0,0,0
1098,-8.775514,0.098175,0.0,19.123165,0.049087,0.003906,3.12836,2.295025,1.0,1.0,0,0
1119,-8.775514,0.024544,0.0,19.123165,-0.171806,0.0,3.12836,2.295025,1.0,1.0,0,0
1121,-8.775514,0.049087,0.0,19.123165,0.0,0.0,3.12836,2.295025,1.0,1.0,0,0
1126,-8.775705,-0.392699,0.0,19.123356,0.515417,0.0,3.12836,2.295025,1.0,1.0,0,0
1128,-8.775514,0.0,0.0,19.123165,0.26998,0.0,3.12836,2.295025,1.0,1.0,0,0
1150,-8.775514,0.0,-0.003906,19.123165,0.26998,0.0,3.12836,2.295025,1.0,1.0,0,0
1152,-8.775705,-0.245437,0.0,19.123165,0.392699,0.0,3.12836,2.295025,1.0,1.0,0,0
1165,-8.775514,-0.368155,0.0,19.122972,-0.073631,0.0,3.12836,2.295025,1.0,1.0,0,0
1181,-8.775705,-0.26998,-0.003906,19.122972,0.073631,0.0,3.12836,2.295025,1.0,1.0,0,0
1183,-8.775514,0.0,0.0,19.122972,0.122718,0.0,3.12836,2.295025,1.0,1.0,0,0
1200,-8.775514,0.122718,0.0,19.123165,0.564505,0.0,3.12836,2.295025,1.0,1.0,0,0
1202,-8.775514,0.0,0.0,19.122972,0.171806,0.0,3.12836,2.295025,1.0,1.0,0,0
1204,-8.775705,-0.024544,0.0,19.123165,0.490873,0.0,3.12836,2.295025,1.0,1.0,0,0
1221,-8.775705,0.0,0.0,19.122972,0.0,0.0,3.12836,2.295025,1.0,1.0,0,0
1223,-8.775705,-0.368155,0.0,19.122972,0.0,0.0,3.12836,2.295025,1.0,1.0,0,0
1243,-8.775705,-0.220893,0.0,19.123165,0.441786,0.0,3.12836,2.295025,1.0,1.0,0,0
1247,-8.775514,0.122718,0.0,19.122972,0.0,0.0,3.12836,2.295025,1.0,1.0,0,0
1252,-8.775514,0.122718,0.0,19.122972,0.0,0.003906,3.12836,2.295025,1.0,1.0,0,0
1255,-8.775514,0.049087,0.0,19.122972,0.0,0.0,3.12836,2.295025,1.0,1.0,0,0
1275,-8.775514,0.0,0.0,19.122782,-0.245437,0.0,3.12836,2.295025,1.0,1.0,0,0
1277,-8.775514,0.122718,-0.007812,19.122972,-0.073631,0.0,3.12836,2.295025,1.0,1.0,0,0
1285,-8.775514,0.0,0.0,19.123165,0.073631,0.0,3.12836,2.295025,1.0,1.0,0,0
1305,-8.775514,0.122718,0.0,19.123165,0.147262,0.0,3.12836,2.295025,1.0,1.0,0,0
1306,-8.775322,-0.024544,0.007812,19.123356,0.417242,0.0,3.12836,2.295025,1.0,1.0,0,0
1308,-8.775705,-0.26998,-0.007812,19.123165,-0.049087,0.0,3.12836,2.295025,1.0,1.0,0,0
1315,-8.775705,-0.245437,0.0,19.123356,0.245437,0.0,3.12836,2.295025,1.0,1.0,0,0
1337,-8.775514,0.098175,0.007812,19.123356,0.294524,0.0,3.12836,2.295025,1.0,1.0,0,0
1340,-8.775897,-0.589048,-0.007812,19.123356,0.245437,0.0,3.12836,2.295025,1.0,1.0,0,0
1348,-8.775705,-0.196349,0.0,19.123356,0.220893,0.0,3.12836,2.295025,1.0,1.0,0,0
1351,-8.775705,-0.196349,0.0,19.123356,0.245437,0.0,3.12836,2.295025,1.0,1.0,0,0
1368,-8.775705,-0.245437,0.0,19.123165,-0.220893,0.0,3.12836,2.295025,1.0,1.0,0,0
1369,-8.775705,-0.098175,0.0,19.123165,-0.122718,0.0,3.12836,2.295025,1.0,1.0,0,0
1378,-8.775514,-0.196349,0.0,19.123165,-0.049087,0.0,3.12836,2.295025,1.0,1.0,0,0
1399,-8.775705,-0.024544,0.0,19.123165,0.049087,0.0,3.12836,2.295025,1.0,1.0,0,0
1402,-8.775705,0.0,0.0,19.123165,-0.049087,0.0,3.12836,2.295025,1.0,1.0,0,0
1409,-8.775897,-0.26998,0.0,19.122972,-0.490873,0.0,3.12836,2.295025,1.0,1.0,0,0
1410,-8.775897,-0.343611,0.0,19.123165,-0.122718,0.003906,3.12836,2.295025,1.0,1.0,0,0
1432,-8.775897,-0.294524,0.0,19.123356,0.171806,0.0,3.12836,2.295025,1.0,1.0,0,0
1434,-8.775897,-0.245437,-0.007812,19.123356,0.098175,0.003906,3.12836,2.295025,1.0,1.0,0,0
1445,-8.77628,-0.760854,0.0,19.123549,0.368155,0.0,3.12836,2.295025,1.0,1.0,0,0
1447,-8.775897,-0.024544,0.0,19.123549,0.171806,0.003906,3.12836,2.295025,1.0,1.0,0,0
1458,-8.775897,0.0,-0.003906,19.123739,0.368155,0.0,3.12836,2.295025,1.0,1.0,0,0
1482,-8.776089,-0.343611,0.0,19.123739,0.368155,0.0,3.12836,2.295025,1.0,1.0,0,0
1484,-8.776089,-0.294524,0.0,19.123549,0.0,0.0,3.12836,2.295025,1.0,1.0,0,0
1497,-8.775897,0.0,0.0,19.123739,0.441786,0.0,3.12836,2.295025,1.0,1.0,0,0
1498,-8.775897,0.0,-0.003906,19.123549,0.245437,0.0,3.12836,2.295025,1.0,1.0,0,0
1510,-8.775897,0.147262,0.0,19.123549,0.245437,0.0,3.12836,2.295025,1.0,1.0,0,0
1512,-8.776089,-0.343611,0.0,19.123549,0.196349,0.0,3.12836,2.295025,1.0,1.0,0,0
1543,-8.776089,-0.343611,-0.007812,19.123549,-0.073631,0.0,3.12836,2.295025,1.0,1.0,0,0
1545,-8.775897,0.049087,0.0,19.123356,0.122718,0.0,3.12836,2.295025,1.0,1.0,0,0
1547,-8.775897,0.122718,0.0,19.123165,-0.220893,0.0,3.12836,2.295025,1.0,1.0,0,0
1560,-8.776089,-0.368155,0.0,19.123356,0.0,0.0,3.12836,2.295025,1.0,1.0,0,0
1562,-8.775897,0.0,0.0,19.123356,0.049087,0.0,3.12836,2.295025,1.0,1.0,0,0
1564,-8.776089,-0.368155,0.0,19.123356,0.147262,0.0,3.12836,2.295025,1.0,1.0,0,0
1573,-8.775897,0.122718,0.007812,19.122972,-0.515417,0.0,3.12836,2.295025,1.0,1.0,0,0
1592,-8.776089,-0.220893,-0.003906,19.123356,0.098175,-0.003906,3.12836,2.295025,1.0,1.0,0,0
1593,-8.775897,0.0,0.0,19.123165,-0.147262,0.0,3.12836,2.295025,1.0,1.0,0,0
1604,-8.776089,-0.368155,0.0,19.123356,0.171806,0.003906,3.12836,2.295025,1.0,1.0,0,0
1614,-8.775897,-0.024544,-0.007812,19.123549,0.392699,0.0,3.12836,2.295025,1.0,1.0,0,0
1634,-8.776089,-0.294524,0.0,19.123165,-0.294524,0.003906,3.12836,2.295025,1.0,1.0,0,0
1635,-8.775897,0.0,0.0,19.123549,0.368155,0.0,3.12836,2.295025,1.0,1.0,0,0
1637,-8.776089,0.0,0.007812,19.123165,-0.26998,0.0,3.12836,2.295025,1.0,1.0,0,0
1657,-8.775897,-0.122718,0.0,19.123356,0.171806,0.0,3.12836,2.295025,1.0,1.0,0,0
1658,-8.77628,-0.711766,0.0,19.123356,0.098175,0.0,3.12836,2.295025,1.0,1.0,0,0
1669,-8.775897,0.0,0.0,19.123356,0.147262,0.0,3.12836,2.295025,1.0,1.0,0,0
1672,-8.776089,-0.319068,0.0,19.123549,0.26998,0.0,3.12836,2.295025,1.0,1.0,0,0
1682,-8.776089,-0.368155,0.0,19.123549,0.196349,0.0,3.12836,2.295025,1.0,1.0,0,0
1700,-8.776089,-0.392699,0.0,19.123356,-0.147262,0.0,3.12836,2.295025,1.0,1.0,0,0
1702,-8.776089,-0.368155,0.0,19.123549,0.196349,0.0,3.12836,2.295025,1.0,1.0,0,0
1713,-8.775897,0.049087,0.0,19.123549,0.049087,0.0,3.12836,2.295025,1.0,1.0,0,0
1714,-8.775897,0.0,0.0,19.123549,0.049087,0.0,3.12836,2.295025,1.0,1.0,0,0
1725,-8.775897,0.0,0.0,19.123549,0.122718,0.0,3.12836,2.295025,1.0,1.0,0,0
1745,-8.776089,-0.368155,0.0,19.123549,0.122718,0.0,3.12836,2.295025,1.0,1.0,0,0
1747,-8.775897,0.098175,0.0,19.123549,0.098175,0.0,3.12836,2.295025,1.0,1.0,0,0
1761,-8.775705,0.392699,0.0,19.123549,0.024544,0.0,3.12836,2.295025,1.0,1.0,0,0
1776,-8.775897,-0.098175,0.0,19.123549,0.098175,0.0,3.12836,2.295025,1.0,1.0,0,0
1778,-8.775897,-0.073631,0.0,19.123549,0.073631,0.0,3.12836,2.295025,1.0,1.0,0,0
1780,-8.775897,-0.196349,0.0,19.123739,0.392699,0.0,3.12836,2.295025,1.0,1.0,0,0
1789,-8.775897,-0.196349,0.0,19.123739,0.417242,0.0,3.12836,2.295025,1.0,1.0,0,0
1811,-8.77628,-0.93266,0.0,19.123739,0.0,0.0,3.12836,2.295025,1.0,1.0,0,0
1812,-8.775897,-0.26998,0.0,19.123549,0.049087,0.0,3.12836,2.295025,1.0,1.0,0,0
1820,-8.775705,0.122718,0.0,19.123549,0.024544,0.0,3.12836,2.295025,1.0,1.0,0,0
1842,-8.775897,-0.196349,0.0,19.123549,-0.024544,0.0,3.12836,2.295025,1.0,1.0,0,0
1844,-8.775897,-0.294524,0.0,19.123549,0.0,-0.003906,3.12836,2.295025,1.0,1.0,0,0
1845,-8.775897,-0.098175,0.0,19.123549,0.0,0.0,3.12836,2.295025,1.0,1.0,0,0
1862,-8.775897,-0.245437,0.0,19.123549,0.0,0.0,3.12836,2.295025,1.0,1.0,0,0
1863,-8.775897,-0.220893,0.0,19.123549,0.0,0.0,3.12836,2.295025,1.0,1.0,0,0
1869,-8.775897,-0.245437,0.0,19.123739,0.26998,0.0,3.12836,2.295025,1.0,1.0,0,0
1889,-8.775897,-0.294524,0.0,19.123739,0.245437,-0.003906,3.12836,2.295025,1.0,1.0,0,0
1891,-8.775897,-0.26998,0.0,19.123739,0.26998,0.0,3.12836,2.295025,1.0,1.0,0,0
1900,-8.775897,-0.294524,0.0,19.123549,-0.122718,0.0,3.12836,2.295025,1.0,1.0,0,0
1911,-8.775705,0.098175,0.0,19.123549,0.098175,0.0,3.12836,2.295025,1.0,1.0,0,0
1926,-8.775897,-0.245437,0.0,19.123549,0.171806,0.0,3.12836,2.295025,1.0,1.0,0,0
1927,-8.775897,-0.245437,0.007812,19.123165,0.368155,0.0,3.12836,2.295025,1.0,1.0,0,0
1944,-8.775897,-0.589048,0.0,19.123549,0.098175,0.0,3.12836,2.295025,1.0,1.0,0,0
1945,-8.775897,-0.26998,0.0,19.123739,0.589048,0.0,3.12836,2.295025,1.0,1.0,0,0
1963,-8.776089,-0.589048,0.0,19.123356,-0.073631,0.0,3.12836,2.295025,1.0,1.0,0,0
1964,-8.775705,0.122718,0.0,19.123356,-0.147262,0.0,3.12836,2.295025,1.0,1.0,0,0
1975,-8.775897,-0.26998,0.0,19.123739,0.613592,0.003906,3.12836,2.295025,1.0,1.0,0,0
1976,-8.776089,-0.662679,0.0,19.123549,-0.098175,0.0,3.12836,2.295025,1.0,1.0,0,0
1994,-8.775897,-0.294524,0.0,19.123549,0.589048,0.0,3.12836,2.295025,1.0,1.0,0,0
1995,-8.775705,0.0,0.0,19.123165,-0.294524,0.0,3.12836,2.295025,1.0,1.0,0,0
2007,-8.775705,0.024544,0.0,19.123356,0.0,0.0,3.12836,2.295025,1.0,1.0,0,0
2025,-8.775705,0.024544,0.0,19.123165,0.0,0.0,3.12836,2.295025,1.0,1.0,0,0
2026,-8.775705,0.024544,0.0,19.122972,-0.319068,0.0,3.12836,2.295025,1.0,1.0,0,0
2036,-8.775897,-0.245437,0.0,19.122972,-0.122718,0.0,3.12836,2.295025,1.0,1.0,0,0
2038,-8.775897,-0.343611,0.0,19.123165,0.171806,-0.003906,3.12836,2.295025,1.0,1.0,0,0
2057,-8.775897,-0.245437,0.0,19.123165,0.26998,0.0,3.12836,2.295025,1.0,1.0,0,0
2059,-8.775897,0.024544,0.0,19.123165,0.245437,0.0,3.12836,2.295025,1.0,1.0,0,0
2068,-8.775897,-0.26998,0.0,19.122972,0.0,0.0,3.12836,2.295025,1.0,1.0,0,0
2086,-8.775514,0.46633,0.0,19.123165,0.294524,0.0,3.12836,2.295025,1.0,1.0,0,0
2088,-8.775897,-0.196349,0.0,19.122972,0.073631,0.0,3.12836,2.295025,1.0,1.0,0,0
2090,-8.775897,-0.171806,0.0,19.122972,-0.024544,0.0,3.12836,2.295025,1.0,1.0,0,0
2099,-8.775897,-0.245437,0.0,19.122972,0.024544,0.003906,3.12836,2.295025,1.0,1.0,0,0
2119,-8.775897,-0.196349,0.0,19.122972,0.122718,0.0,3.12836,2.295025,1.0,1.0,0,0
2120,-8.775897,-0.196349,0.0,19.123165,0.319068,0.0,3.12836,2.295025,1.0,1.0,0,0
2130,-8.775897,-0.26998,-0.007812,19.123165,0.245437,0.0,3.12836,2.295025,1.0,1.0,0,0
2150,-8.775705,0.073631,0.0,19.123165,0.147262,0.0,3.12836,2.295025,1.0,1.0,0,0
2152,-8.775897,-0.245437,0.0,19.123165,0.122718,0.0,3.12836,2.295025,1.0,1.0,0,0
2154,-8.775705,0.098175,0.0,19.123165,0.245437,0.0,3.12836,2.295025,1.0,1.0,0,0
2163,-8.775897,-0.098175,0.0,19.123356,0.589048,0.0,3.12836,2.295025,1.0,1.0,0,0
2183,-8.775897,-0.171806,0.0,19.122972,-0.024544,0.0,3.12836,2.295025,1.0,1.0,0,0
2185,-8.775897,-0.049087,0.003906,19.123165,0.589048,0.0,3.12836,2.295025,1.0,1.0,0,0
2195,-8.775897,-0.245437,0.0,19.122782,0.024544,0.0,3.12836,2.295025,1.0,1.0,0,0
2197,-8.775705,0.122718,0.0,19.122782,0.171806,0.0,3.12836,2.295025,1.0,1.0,0,0
2215,-8.775705,-0.196349,0.0,19.122589,-0.220893,0.0,3.12836,2.295025,1.0,1.0,0,0
2217,-8.77628,-0.834485,0.0,19.122782,0.245437,-0.003906,3.12836,2.295025,1.0,1.0,0,0
2225,-8.775897,-0.073631,0.0,19.122206,-0.343611,0.0,3.12836,2.295025,1.0,1.0,0,0
2245,-8.775705,0.343611,0.0,19.122396,0.0,0.0,3.12836,2.295025,1.0,1.0,0,0
2246,-8.775897,0.098175,0.0,19.122396,0.024544,0.0,3.12836,2.295025,1.0,1.0,0,0
2256,-8.77628,-0.392699,-0.003906,19.122396,0.024544,0.0,3.12836,2.295025,1.0,1.0,0,0
2257,-8.776472,-0.589048,0.0,19.122589,0.294524,0.0,3.12836,2.295025,1.0,1.0,0,0
2276,-8.776472,-0.392699,0.0,19.122589,0.46633,0.0,3.12836,2.295025,1.0,1.0,0,0
2277,-8.776472,-0.392699,0.0,19.122589,0.441786,0.0,3.12836,2.295025,1.0,1.0,0,0
2288,-8.776472,-0.392699,0.0,19.122396,0.122718,0.0,3.12836,2.295025,1.0,1.0,0,0
2322,-8.77628,-0.26998,0.0,19.122589,0.245437,-0.003906,3.12836,2.295025,1.0,1.0,0,0
2324,-8.776089,0.073631,0.0,19.122589,0.049087,0.0,3.12836,2.295025,1.0,1.0,0,0
2326,-8.775705,-0.171806,0.0,19.122589,0.171806,0.0,3.12836,2.295025,1.0,1.0,0,0
2327,-8.775514,0.0,0.0,19.122396,-0.196349,0.0,3.12836,2.295025,1.0,1.0,0,0
2339,-8.775322,-0.26998,0.0,19.122206,-0.490873,0.0,3.12836,2.295025,1.0,1.0,0,0
2341,-8.772254,0.26998,0.0,19.122589,0.294524,0.0,3.12836,2.295025,1.0,1.0,0,0
2359,-8.768228,0.245437,0.0,19.122206,-0.392699,0.0,3.12836,2.295025,1.0,1.0,0,0
2360,-8.765735,0.024544,0.0,19.122589,0.0,-0.003906,3.12836,2.295025,1.0,1.0,0,0
2362,-8.7642,0.171806,0.003906,19.122589,0.024544,0.0,3.12836,2.295025,1.0,1.0,0,0
2376,-8.764009,0.417242,0.0,19.122782,0.245437,0.0,3.12836,2.295025,1.0,1.0,0,0
2398,-8.763817,0.0,0.0,19.122589,-0.049087,0.0,3.12836,2.295025,1.0,1.0,0,0
2399,-8.763625,-0.245437,0.0,19.122782,0.245437,0.0,3.12836,2.295025,1.0,1.0,0,0
2416,-8.763433,-0.441786,0.0,19.122782,0.26998,0.0,3.12836,2.295025,1.0,1.0,0,0
2418,-8.763242,-0.122718,0.0,19.122972,0.589048,0.0,3.12836,2.295025,1.0,1.0,0,0
2422,-8.763242,-0.098175,-0.007812,19.122972,0.245437,0.0,3.12836,2.295025,1.0,1.0,0,0
2425,-8.76305,0.122718,0.0,19.123165,0.26998,-0.003906,3.12836,2.295025,1.0,1.0,0,0
2434,-8.76305,0.098175,0.0,19.123356,0.122718,0.0,3.12836,2.295025,1.0,1.0,0,0
2446,-8.763242,-0.024544,0.0,19.123739,0.343611,0.0,3.12836,2.295025,1.0,1.0,0,0
2467,-8.763242,0.098175,0.0,19.123739,0.343611,0.003906,3.12836,2.295025,1.0,1.0,0,0
2468,-8.763625,-0.46633,0.0,19.123932,0.392699,0.0,3.12836,2.295025,1.0,1.0,0,0
2486,-8.763817,-0.441786,0.0,19.124315,0.368155,0.0,3.12836,2.295025,1.0,1.0,0,0
2487,-8.763625,0.0,0.0,19.124889,0.319068,0.0,3.12836,2.295025,1.0,1.0,0,0
2489,-8.763625,0.073631,0.0,19.125082,0.171806,-0.007812,3.12836,2.295025,1.0,1.0,0,0
2509,-8.763625,0.122718,0.0,19.125656,0.46633,0.0,3.12836,2.295025,1.0,1.0,0,0
2510,-8.763817,-0.024544,-0.003906,19.126425,0.0,0.0,3.12836,2.295025,1.0,1.0,0,0
2519,-8.763817,-0.073631,0.007812,19.127766,0.147262,0.0,3.12836,2.295025,1.0,1.0,0,0
2538,-8.763817,-0.26998,0.0,19.129684,0.196349,0.0,3.12836,2.295025,1.0,1.0,0,0
2540,-8.763817,-0.294524,0.0,19.132751,0.343611,0.0,3.12836,2.295025,1.0,1.0,0,0
2541,-8.763625,0.122718,0.0,19.140421,1.349902,0.0,3.12836,2.295025,1.0,1.0,0,0
2549,-8.763625,-0.024544,0.0,19.154995,1.767144,0.0,3.12836,2.295025,1.0,1.0,0,0
2561,-8.763817,-0.245437,0.0,19.172443,2.356193,0.0,3.12836,2.295025,1.0,1.0,0,0
2583,-8.763817,-0.171806,0.0,19.189892,2.282562,-0.003906,3.12836,2.295025,1.0,1.0,0,0
2585,-8.763817,0.0,0.0,19.206766,1.914407,-0.003906,3.12836,2.295025,1.0,1.0,0,0
2593,-8.764392,-0.319068,0.0,19.226133,2.601629,-0.003906,3.12836,2.295025,1.0,1.0,0,0
2612,-8.76516,-0.539961,0.0,19.249142,2.650717,0.007812,3.12836,2.295025,1.0,1.0,0,0
2614,-8.765543,0.0,0.0,19.273302,3.387027,-0.003906,3.12836,2.295025,1.0,1.0,0,0
2615,-8.766501,-0.490873,0.0,19.300722,3.288852,0.0,3.12836,2.295025,1.0,1.0,0,0
2623,-8.76746,-0.073631,0.0,19.329676,3.436114,0.0,3.12836,2.295025,1.0,1.0,0,0
2634,-8.769569,-0.760854,0.0,19.360548,2.87161,0.0,3.12836,2.295025,1.0,1.0,0,0
2647,-8.770911,-0.196349,0.0,19.387775,3.14159,-0.007812,3.12836,2.295025,1.0,1.0,0,0
2667,-8.772254,-0.26998,0.0,19.410976,1.816232,0.0,3.12836,2.295025,1.0,1.0,0,0
2668,-8.773212,0.220893,0.0,19.426317,1.570795,0.003906,3.12836,2.295025,1.0,1.0,0,0
2669,-8.774171,-0.098175,0.0,19.42766,-0.343611,0.0,3.12836,2.295025,1.0,1.0,0,0
2681,-8.77513,0.171806,0.0,19.425358,0.245437,0.003906,3.12836,2.295025,1.0,1.0,0,0
2699,-8.776089,-0.564505,0.0,19.424974,0.049087,0.0,3.12836,2.295025,1.0,1.0,0,0
2701,-8.775897,0.0,0.0,19.424591,0.245437,0.0,3.12836,2.295025,1.0,1.0,0,0
2708,-8.776089,-0.368155,-0.003906,19.423248,-0.122718,0.0,3.12836,2.295025,1.0,1.0,0,0
2729,-8.775897,-0.098175,0.0,19.421524,-0.245437,0.0,3.12836,2.295025,1.0,1.0,0,0
2732,-8.776089,-0.171806,0.0,19.421141,-0.073631,0.0,3.12836,2.295025,1.0,1.0,0,0
2736,-8.775897,-0.294524,0.0,19.420948,0.122718,0.0,3.12836,2.295025,1.0,1.0,0,0
2745,-8.775705,-0.245437,0.0,19.420372,0.049087,0.0,3.12836,2.295025,1.0,1.0,0,0
2759,-8.775322,0.368155,-0.003906,19.419415,-0.196349,0.0,3.12836,2.295025,1.0,1.0,0,0
2761,-8.775322,0.0,0.0,19.419222,0.319068,0.0,3.12836,1.888521,1.0,1.0,0,0
2770,-8.77513,0.024544,0.0,19.419031,0.024544,0.0,3.12836,1.888521,1.0,1.0,0,0
2772,-8.77513,-0.319068,0.0,19.418839,-0.343611,0.0,3.12836,1.888521,1.0,1.0,0,0
2802,-8.774747,-0.319068,0.0,19.419031,0.049087,-0.003906,3.12836,1.888521,1.0,1.0,0,0
2803,-8.774363,-0.343611,0.0,19.419222,0.245437,0.0,3.12836,1.888521,1.0,1.0,0,0
2805,-8.773404,-0.589048,0.0,19.419031,0.0,0.0,3.12836,1.888521,1.0,1.0,0,0
2821,-8.77072,0.098175,0.0,19.420181,0.515417,0.0,3.12836,1.888521,1.0,1.0,0,0
2822,-8.768994,0.024544,0.0,19.419605,0.049087,0.0,3.12836,1.888521,1.0,1.0,0,0
2823,-8.768035,-0.049087,0.0,19.419798,0.147262,0.0,3.12836,1.888521,1.0,1.0,0,0
2836,-8.76746,-0.122718,-0.003906,19.419605,-0.098175,0.0,3.12836,1.888521,1.0,1.0,0,0
2853,-8.766118,0.098175,0.0,19.419798,0.122718,0.0,3.12836,1.888521,1.0,1.0,0,0
2855,-8.762858,0.26998,-0.007812,19.419605,-0.171806,0.0,3.12836,1.888521,1.0,1.0,0,0
2865,-8.755571,0.809941,0.0,19.419989,0.392699,0.0,3.12836,1.888521,1.0,1.0,0,0
2886,-8.741383,1.178096,0.0,19.419989,-0.122718,0.0,3.12836,1.888521,1.0,1.0,0,0
2888,-8.730453,0.981747,0.0,19.420181,0.245437,0.0,3.12836,1.888521,1.0,1.0,0,0
2889,-8.721249,0.392699,0.0,19.420181,0.0,0.0,3.12836,1.888521,1.0,1.0,0,0
2907,-8.718181,-0.024544,0.003906,19.420372,0.220893,0.0,3.12836,1.888521,1.0,1.0,0,0
2909,-8.718757,-0.171806,0.0,19.421331,0.687223,0.0,3.12836,1.888521,1.0,1.0,0,0
2927,-8.716647,0.343611,-0.011719,19.422098,-0.049087,0.0,3.12836,1.888521,1.0,1.0,0,0
2932,-8.70706,1.20264,-0.007812,19.422482,0.098175,0.0,3.12836,1.888521,1.0,1.0,0,0
2938,-8.689419,2.110756,0.0,19.423058,0.319068,0.0,3.12836,1.888521,1.0,1.0,0,0
2940,-8.669861,2.233474,0.0,19.423248,0.0,-0.003906,3.12836,1.888521,1.0,1.0,1,0
2961,-8.644742,2.773435,0.0,19.423824,0.46633,0.0,3.12836,1.888521,1.0,1.0,1,0
2963,-8.615788,3.485202,0.0,19.424591,0.515417,0.0,3.12836,1.888521,1.0,1.0,1,0
2971,-8.577822,4.466949,-0.003906,19.426317,0.613592,0.0,3.12836,1.888521,1.0,1.0,1,0
2982,-8.535446,4.393317,0.0,19.427084,0.245437,0.0,3.12836,1.888521,1.0,1.0,1,0
2992,-8.496521,4.319686,0.0,19.428234,0.024544,0.0,3.12836,1.888521,1.0,1.0,1,0
2994,-8.452036,5.448695,-0.011719,19.436096,1.644426,0.0,3.12836,1.888521,1.0,1.0,1,0
3014,-8.390101,8.271217,0.0,19.454121,2.503455,0.0,3.12836,1.888521,1.0,1.0,1,0
3015,-8.320113,7.412189,0.003906,19.474062,2.037125,0.003906,3.12836,1.888521,1.0,1.0,1,0
3022,-8.25837,6.774054,0.0,19.488251,1.448077,-0.003906,3.12836,1.888521,1.0,1.0,1,0
3037,-8.198737,6.577704,0.0,19.500715,1.374446,0.0,3.12836,1.888521,1.0,1.0,1,0
3048,-8.144089,5.743219,0.0,19.508194,1.227184,-0.003906,3.12836,1.888521,1.0,1.0,1,0
3052,-8.090975,5.792307,0.0,19.514521,0.908116,0.0,3.12836,1.888521,1.0,1.0,1,0
3068,-8.03115,6.724967,0.003906,19.519314,0.539961,0.003906,3.12836,1.888521,1.0,1.0,1,0
3070,-7.983788,3.926988,0.007812,19.518547,-0.319068,0.0,3.12836,1.888521,1.0,1.0,1,0
3079,-7.957711,2.527998,0.003906,19.51874,0.196349,-0.003906,3.12836,1.888521,1.0,1.0,1,0
3090,-7.936235,2.478911,-0.003906,19.51874,0.589048,0.0,3.12836,1.888521,1.0,1.0,1,0
3109,-7.909007,3.411571,-0.007812,19.51874,0.343611,0.0,3.12836,1.888521,1.0,1.0,1,0
3110,-7.866631,5.006909,-0.007812,19.519506,0.417242,0.003906,3.12836,1.888521,1.0,1.0,1,0
3112,-7.820419,5.129628,0.0,19.51989,0.319068,0.0,3.12836,1.888521,1.0,1.0,1,0
3139,-7.774209,5.301434,0.0,19.524109,0.613592,0.0,3.12836,1.888521,1.0,1.0,1,0
3140,-7.719177,6.577704,0.003906,19.532928,1.276271,-0.003906,3.12836,1.888521,1.0,1.0,1,0
3143,-7.657434,6.234093,0.003906,19.54731,1.693513,0.0,3.12836,1.888521,1.0,1.0,1,0
3176,-7.602978,5.743219,0.0,19.561308,1.791688,-0.003906,3.12836,1.888521,1.0,1.0,1,0
3178,-7.542386,7.436733,-0.007812,19.58029,2.233474,0.0,3.12836,1.888521,1.0,1.0,1,0
3180,-7.470289,6.994947,0.003906,19.601574,2.503455,0.0,3.12836,1.888521,1.0,1.0,1,0
3182,-7.407204,6.823141,0.003906,19.626884,2.969784,0.0,3.12836,1.888521,1.0,1.0,1,0
3195,-7.348529,6.945859,0.0,19.654881,2.822522,0.007812,3.12836,1.888521,1.0,1.0,1,0
3197,-7.299058,4.540579,0.0,19.678272,2.20893,0.0,3.12836,1.888521,1.0,1.0,1,0
3207,-7.258216,4.565123,-0.003906,19.698406,1.791688,0.003906,3.12836,1.888521,1.0,1.0,1,0
3218,-7.216607,5.129628,0.0,19.710295,1.619882,0.0,3.12836,1.888521,1.0,1.0,1,0
3220,-7.167136,5.473239,0.0,19.722183,1.889863,0.0,3.12836,1.888521,1.0,1.0,1,0
3230,-7.123417,3.853357,0.011719,19.735415,2.037125,0.0,3.12836,1.888521,1.0,1.0,1,0
3253,-7.095806,2.356193,0.007812,19.755163,2.331649,0.0,3.12836,1.888521,1.0,1.0,1,0
3254,-7.080082,1.325358,0.003906,19.775681,1.963494,0.003906,3.12836,1.888521,1.0,1.0,1,0
3256,-7.073946,0.220893,0.003906,19.793322,2.307105,0.0,3.12836,1.888521,1.0,1.0,1,0
3264,-7.068003,0.883572,0.003906,19.810963,2.110756,-0.003906,3.12836,1.888521,1.0,1.0,1,0
3285,-7.055539,1.349902,0.0,19.828794,1.840775,0.003906,3.12836,1.888521,1.0,1.0,1,0
3287,-7.035214,3.067959,-0.007812,19.848162,2.552542,0.0,3.12836,1.888521,1.0,1.0,1,0
3305,-7.004726,3.485202,-0.007812,19.874239,3.215221,0.003906,3.12836,1.888521,1.0,1.0,1,0
3306,-6.972129,3.166134,0.0,19.902618,3.043416,0.0,3.12836,1.888521,1.0,1.0,1,0
3308,-6.943942,2.920697,0.0,19.931955,3.190677,0.0,3.12836,1.888521,1.0,1.0,1,0
3315,-6.915947,2.724348,0.0,19.960142,3.485202,0.0,3.12836,1.888521,1.0,1.0,1,0
3330,-6.887185,2.994328,0.003906,19.986986,2.748891,0.0,3.12836,1.888521,1.0,1.0,1,0
3339,-6.85708,3.657007,0.0,20.008654,1.816232,0.0,3.12836,1.888521,1.0,1.0,1,0
3359,-6.823908,3.387027,0.003906,20.024761,1.546251,0.0,3.12836,1.888521,1.0,1.0,0,0
3361,-6.802624,0.809941,0.011719,20.035114,1.153553,0.0,3.12836,1.888521,1.0,1.0,0,0
3370,-6.803008,-0.981747,0.003906,20.04336,0.539961,0.0,3.12836,1.888521,1.0,1.0,0,0
3372,-6.810869,-0.908116,-0.007812,20.044127,-0.122718,0.0,3.12836,1.888521,1.0,1.0,0,0
3392,-6.81202,-0.26998,-0.003906,20.044127,0.171806,-0.003906,3.12836,1.888521,1.0,1.0,0,0
3393,-6.810486,0.024544,0.0,20.045279,0.294524,0.0,3.12836,1.888521,1.0,1.0,0,0
3401,-6.811061,0.024544,0.0,20.046429,0.441786,0.0,3.12836,1.888521,1.0,1.0,0,0
3421,-6.810869,0.0,0.0,20.047579,0.26998,-0.003906,3.12836,1.888521,1.0,1.0,0,0
3422,-6.811061,-0.392699,0.003906,20.048922,-0.049087,0.0,3.12836,1.888521,1.0,1.0,0,0
3424,-6.810869,-0.098175,0.0,20.050262,0.049087,0.0,3.12836,1.888521,1.0,1.0,0,0
3431,-6.810869,-0.245437,0.003906,20.051989,0.245437,0.0,3.12836,1.888521,1.0,1.0,0,0
3453,-6.810869,-0.245437,0.003906,20.054865,0.46633,0.0,3.12836,1.888521,1.0,1.0,0,0
3454,-6.810869,-0.098175,0.003906,20.062344,1.055378,0.0,3.12836,1.888521,1.0,1.0,0,0
3466,-6.810869,-0.024544,0.0,20.072889,1.374446,0.0,3.12836,1.888521,1.0,1.0,0,0
3475,-6.811061,-0.26998,0.0,20.082478,1.66897,-0.003906,3.12836,1.888521,1.0,1.0,0,0
3476,-6.811253,-0.073631,0.0,20.097626,1.66897,0.0,3.12836,1.888521,1.0,1.0,0,0
3487,-6.811444,-0.196349,0.0,20.114115,2.233474,0.0,3.12836,1.888521,1.0,1.0,0,0
3505,-6.811636,-0.368155,0.0,20.130413,2.20893,0.003906,3.12836,1.888521,1.0,1.0,0,0
3507,-6.811444,0.024544,0.0,20.147095,2.012581,0.003906,3.12836,1.888521,1.0,1.0,0,0
3517,-6.811636,-0.26998,0.0,20.166655,2.748891,-0.003906,3.12836,1.888521,1.0,1.0,0,0
3534,-6.811828,-0.122718,0.0,20.184486,2.159843,-0.003906,3.12836,1.888521,1.0,1.0,0,0
3536,-6.812403,-0.147262,0.003906,20.205578,2.135299,-0.003906,3.12836,1.888521,1.0,1.0,0,0
3538,-6.812787,-0.245437,0.0,20.225521,2.429824,0.0,3.12836,1.888521,1.0,1.0,0,0
3549,-6.816238,-1.227184,0.0,20.243353,2.527998,0.0,3.12836,1.888521,1.0,1.0,0,0
3569,-6.829852,-2.110756,0.003906,20.262527,2.233474,0.0,3.12836,1.888521,1.0,1.0,0,0
3570,-6.847685,-2.20893,0.003906,20.281702,2.159843,0.0,3.12836,1.888521,1.0,1.0,0,0
3578,-6.86801,-2.012581,0.0,20.30126,1.595339,0.003906,3.12836,1.888521,1.0,1.0,0,0
3600,-6.890444,-2.945241,-0.003906,20.317751,1.988037,0.0,3.12836,1.888521,1.0,1.0,0,0
3602,-6.91192,-2.503455,0.0,20.332516,1.349902,0.003906,3.12836,1.888521,1.0,1.0,0,0
3603,-6.922658,-0.883572,-0.007812,20.343637,1.718057,0.0,3.12836,1.888521,1.0,1.0,0,0
3611,-6.926301,0.073631,0.0,20.34613,-0.220893,0.0,3.12836,1.888521,1.0,1.0,0,0
3648,-6.925343,-0.024544,0.0,20.343445,0.122718,0.0,3.12836,1.888521,1.0,1.0,0,0
3652,-6.923617,0.073631,0.003906,20.344595,0.441786,0.0,3.12836,1.888521,1.0,1.0,0,0
3654,-6.921891,0.245437,0.0,20.344021,-0.26998,0.0,3.12836,1.888521,1.0,1.0,0,0
3658,-6.918823,0.319068,0.0,20.344212,0.417242,-0.003906,3.12836,1.888521,1.0,1.0,0,0
3667,-6.912879,0.93266,0.0,20.343828,-0.122718,0.0,3.12836,1.888521,1.0,1.0,0,0
3668,-6.905017,0.785398,0.0,20.343637,-0.098175,0.0,3.12836,1.888521,1.0,1.0,0,0
3673,-6.903292,-0.319068,0.0,20.343445,0.147262,0.0,3.12836,1.887945,1.0,1.0,0,0
3693,-6.904826,-0.589048,0.0,20.342485,0.0,0.0,3.12836,1.887945,1.0,1.0,0,0
3695,-6.905017,0.024544,0.0,20.342102,0.098175,0.0,3.12836,1.887945,1.0,1.0,0,0
3714,-6.905209,-0.441786,0.0,20.339035,0.049087,0.0,3.12836,1.887945,1.0,1.0,0,1
3715,-6.905209,-0.245437,0.0,20.337118,-0.196349,0.0,3.12836,1.887945,1.0,1.0,0,1
3717,-6.905209,0.024544,0.0,20.330599,-1.104465,0.0,3.12836,1.887945,1.0,1.0,0,1
3746,-6.905784,-0.196349,0.0,20.318134,-1.840775,0.0,3.12836,1.887945,1.0,1.0,0,1
3747,-6.906935,0.049087,0.0,20.29781,-2.601629,0.003906,3.12836,1.887945,1.0,1.0,0,1
3755,-6.910769,-0.809941,0.003906,20.265787,-4.07425,0.0,3.124333,1.887945,1.0,1.0,0,1
3756,-6.921699,-1.791688,0.003906,20.220919,-5.448695,0.003906,3.124333,1.887945,1.0,1.0,0,1
3758,-6.937231,-2.356193,0.0,20.168955,-6.553161,0.0,3.124333,1.887945,1.0,1.0,2,1
3780,-6.962733,-3.534289,0.0,20.105103,-7.314014,0.003906,3.124333,1.887945,1.0,1.0,2,1
3781,-6.997823,-4.687841,0.007812,20.037416,-7.534907,0.0,3.124333,1.887945,1.0,1.0,2,1
3828,-7.036364,-4.417861,0.003906,19.970304,-6.74951,0.0,3.124333,1.887945,1.0,1.0,2,1
3830,-7.082384,-6.258636,0.011719,19.914122,-5.448695,0.0,3.124333,1.887945,1.0,1.0,2,1
3831,-7.151796,-8.467567,0.003906,19.860817,-5.939569,0.0,3.124333,1.887945,1.0,1.0,2,1
3832,-7.234439,-9.326595,0.0,19.805786,-5.939569,0.0,3.124333,1.887945,1.0,1.0,2,1
3834,-7.311138,-10.602867,0.011719,19.759958,-5.350521,-0.003906,3.124333,1.887945,1.0,1.0,2,1
3836,-7.407395,-11.09374,0.007812,19.710487,-5.694132,0.0,3.124141,1.887945,1.0,1.0,2,1
3851,-7.512281,-12.394555,-0.003906,19.65929,-5.350521,0.0,3.124141,1.887945,1.0,1.0,2,1
3853,-7.616592,-11.780963,0.003906,19.612503,-4.442405,0.0,3.124141,1.887945,1.0,1.0,2,1
3860,-7.725504,-12.689079,0.0,19.571854,-4.246056,0.0,3.124141,1.887945,1.0,1.0,2,1
3881,-7.838444,-12.836341,0.0,19.531202,-4.908734,0.007812,3.124141,1.887945,1.0,1.0,2,1
3883,-7.950041,-12.100031,0.007812,19.484608,-5.399608,0.003906,3.124141,1.887945,1.0,1.0,2,1
3885,-8.060871,-12.590904,-0.003906,19.440315,-4.417861,-0.003906,3.124141,1.887945,1.0,1.0,2,1
3893,-8.171509,-11.682788,0.0,19.395638,-5.055996,-0.007812,3.124141,1.887945,1.0,1.0,2,1
3912,-8.269492,-11.412807,0.003906,19.35096,-4.736929,0.0,3.124141,1.887945,1.0,1.0,2,1
3913,-8.368434,-11.142827,-0.003906,19.307051,-4.589667,0.0,3.124141,1.887945,1.0,1.0,2,1
3923,-8.462007,-10.16108,-0.007812,19.264099,-5.055996,0.003906,3.124141,1.887945,1.0,1.0,2,1
3943,-8.547525,-9.694751,0.003906,19.217505,-5.105084,0.007812,3.124141,1.887945,1.0,1.0,2,1
3944,-8.631895,-8.982985,0.0,19.159021,-7.264927,0.003906,3.124141,1.887945,1.0,1.0,2,1
3946,-8.713771,-9.032072,0.0,19.094593,-7.21584,-0.007812,3.124141,1.387676,1.0,1.0,2,1
3956,-8.789894,-7.780344,-0.007812,19.030743,-7.314014,0.003906,3.124141,1.387676,1.0,1.0,2,1
3988,-8.858349,-8.41848,0.007812,18.964205,-7.534907,0.0,3.124141,1.387676,1.0,1.0,2,1
3990,-8.931596,-7.95215,-0.003906,18.896902,-7.044034,0.003906,3.124141,1.387676,1.0,1.0,2,1
3992,-8.996407,-7.142209,-0.007812,18.826723,-7.780344,0.0,3.124141,1.387676,1.0,1.0,2,1
4005,-9.056231,-7.191296,0.0,18.755585,-7.314014,-0.003906,3.124141,1.387676,1.0,1.0,2,1
4006,-9.111072,-5.448695,-0.003906,18.692116,-6.872229,0.0,3.124141,1.387676,1.0,1.0,2,1
4008,-9.15364,-4.540579,-0.003906,18.625196,-7.363102,0.003906,3.124141,1.387676,1.0,1.0,2,1
4018,-9.192372,-5.08054,0.0,18.559427,-8.025781,-0.003906,3.124141,1.387676,1.0,1.0,2,1
4037,-9.240693,-5.816851,0.0,18.485603,-7.657626,0.0,3.124141,1.387676,1.0,1.0,2,1
4039,-9.285562,-4.786016,-0.007812,18.41715,-6.896772,-0.003906,3.124141,1.387676,1.0,1.0,2,1
4049,-9.31164,-2.012581,0.0,18.356558,-6.74951,0.0,3.124141,1.387676,1.0,1.0,2,1
4066,-9.325062,-1.349902,-0.007812,18.292706,-7.363102,0.0,3.124141,1.387676,1.0,1.0,2,1
4068,-9.334074,-1.079922,0.0,18.223677,-7.21584,0.0,3.124141,1.387676,1.0,1.0,2,1
4070,-9.346154,-1.595339,0.0,18.155607,-7.314014,-0.003906,3.124141,1.387676,1.0,1.0,2,1
4083,-9.361686,-2.061668,0.0,18.088112,-6.896772,0.0,3.124141,1.387676,1.0,1.0,2,1
4099,-9.384503,-3.387027,0.003906,18.031546,-5.939569,0.003906,3.124141,1.387676,1.0,1.0,2,1
4101,-9.419209,-4.835104,0.007812,17.971529,-6.675879,0.0,3.124141,1.387676,1.0,1.0,2,1
4115,-9.45871,-5.178715,0.0,17.914772,-6.675879,-0.007812,2.39761,1.387676,1.0,1.0,2,1
4131,-9.503003,-5.375064,0.011719,17.855713,-5.767763,-0.007812,2.39761,1.387676,1.0,1.0,2,1
4132,-9.554008,-5.669589,0.0,17.804708,-5.105084,0.0,2.39761,1.387676,1.0,1.0,2,1
4134,-9.610765,-6.921316,-0.007812,17.754087,-5.718676,-0.003906,2.39761,1.387676,1.0,1.0,2,1
4143,-9.65621,-4.368774,-0.011719,17.702316,-5.595957,0.0,2.39761,1.387676,1.0,1.0,2,1
4162,-9.690148,-4.098794,0.0,17.653996,-5.178715,0.0,2.39761,1.387676,1.0,1.0,2,1
4164,-9.727347,-4.859647,0.003906,17.607401,-5.105084,0.0,2.39761,1.016455,1.0,1.0,2,1
4172,-9.772217,-5.792307,0.003906,17.567133,-3.902444,-0.007812,2.39761,1.016455,1.0,1.0,2,1
4193,-9.820729,-5.301434,-0.003906,17.538179,-2.307105,0.0,2.39761,1.016455,1.0,1.0,2,1
4194,-9.861188,-4.516036,-0.003906,17.521114,-1.104465,0.0,2.39761,1.016455,1.0,1.0,2,1
4196,-9.900304,-4.393317,0.0,17.516129,0.098175,0.0,2.39761,1.016455,1.0,1.0,2,1
4207,-9.933668,-4.466949,0.0,17.517088,0.368155,0.0,2.39761,2.828083,1.0,1.0,2,1
4223,-9.968566,-3.853357,-0.007812,17.517662,-0.343611,0.0,2.39761,2.828083,1.0,1.0,2,0
4224,-9.993493,-2.40528,0.0,17.518238,0.441786,0.0,2.39761,2.828083,1.0,1.0,2,0
4237,-10.007683,-1.374446,0.0,17.519005,0.26998,0.0,2.39761,2.828083,1.0,1.0,2,0
4255,-10.01842,-1.914407,0.003906,17.519772,0.098175,0.0,2.39761,2.828083,1.0,1.0,2,0
4256,-10.03587,-2.478911,0.003906,17.519964,0.147262,0.0,2.39761,2.828083,1.0,1.0,2,0
4258,-10.058879,-3.411571,0.0,17.520155,0.147262,0.0,2.39761,2.828083,1.0,1.0,2,0
4268,-10.093393,-4.000618,0.003906,17.520348,-0.024544,0.0,2.39761,2.828083,1.0,1.0,2,0
4287,-10.133852,-4.516036,-0.003906,17.521114,0.024544,-0.003906,2.39761,2.828083,1.0,1.0,2,0
4288,-10.16434,-2.822522,-0.007812,17.522074,-0.147262,0.0,2.39761,2.828083,1.0,1.0,2,0
4299,-10.176804,-0.539961,-0.007812,17.52284,0.245437,0.0,2.39761,2.828083,1.0,1.0,0,0
4318,-10.173352,0.441786,0.0,17.523991,0.490873,0.0,3.273512,2.828083,1.0,1.0,0,0
4320,-10.172585,-0.196349,0.003906,17.525524,0.098175,0.0,3.273512,2.828083,1.0,1.0,0,0
4322,-10.174311,-0.46633,0.0,17.525908,0.049087,0.0,3.273512,2.828083,1.0,1.0,0,0
4340,-10.174887,-0.515417,0.0,17.526291,0.196349,0.0,3.273512,2.828083,1.0,1.0,0,0
4341,-10.175078,-0.245437,0.003906,17.526291,0.392699,0.0,3.273512,2.828083,1.0,1.0,0,0
4367,-10.175078,-0.245437,0.003906,17.5261,-0.122718,0.0,3.273512,2.828083,1.0,1.0,0,0
4368,-10.175653,-0.147262,-0.003906,17.526484,0.417242,-0.003906,3.273512,2.828083,1.0,1.0,0,0
4381,-10.175845,-0.196349,0.0,17.526291,0.0,0.0,3.273512,2.828083,1.0,1.0,0,0
4382,-10.176037,-0.245437,0.0,17.526484,0.0,0.0,3.273512,2.828083,1.0,1.0,0,0
4383,-10.176037,0.049087,0.0,17.526867,0.098175,0.003906,3.273512,2.828083,1.0,1.0,0,0
4394,-10.176229,-0.294524,0.0,17.52725,0.147262,0.0,3.273512,2.828083,1.0,1.0,0,0
4411,-10.176995,-0.147262,0.0,17.527634,-0.196349,0.0,3.273512,2.828083,1.0,1.0,0,0
4413,-10.179296,-0.368155,0.0,17.5284,0.245437,0.0,3.273512,2.828083,1.0,1.0,0,0
4423,-10.183131,-1.079922,0.0,17.528784,0.294524,0.0,3.273512,2.828083,1.0,1.0,0,0
4443,-10.188692,-1.349902,0.0,17.528976,0.245437,-0.003906,3.273512,2.828083,1.0,1.0,0,0
4444,-10.201922,-2.503455,0.0,17.531086,0.589048,-0.003906,3.273512,2.828083,1.0,1.0,0,0
4445,-10.220905,-2.920697,0.003906,17.536455,1.030834,-0.003906,3.273512,2.828083,1.0,1.0,0,0
4456,-10.246408,-3.043416,0.007812,17.551411,2.159843,0.0,3.273512,2.828083,1.0,1.0,0,0
4473,-10.272677,-3.33794,0.007812,17.572502,2.67526,0.0,3.273512,2.828083,1.0,1.0,0,0
4474,-10.298756,-3.288852,0.003906,17.594746,2.527998,0.0,3.273512,2.828083,1.0,1.0,0,0
4486,-10.321957,-2.429824,0.003906,17.613153,1.840775,0.0,3.273512,2.828083,1.0,1.0,0,0
4505,-10.337872,-1.816232,-0.003906,17.623508,1.129009,0.003906,3.273512,2.828083,1.0,1.0,0,0
4506,-10.348226,-1.178096,0.0,17.628109,0.147262,0.0,3.273512,2.828083,1.0,1.0,0,0
4508,-10.353211,-0.834485,-0.003906,17.627342,0.0,0.0,3.273512,2.828083,1.0,1.0,0,0
4517,-10.352061,0.46633,-0.003906,17.627342,0.245437,0.003906,3.273512,2.828083,1.0,1.0,0,0
4538,-10.349952,-0.073631,0.011719,17.627151,0.245437,0.0,3.273512,2.828083,1.0,1.0,0,0
4542,-10.34861,0.26998,0.0,17.626959,0.417242,0.003906,3.273512,2.828083,1.0,1.0,0,0
4549,-10.348418,-0.46633,0.0,17.626959,0.245437,0.0,3.273512,2.828083,1.0,1.0,0,0
4566,-10.347267,-0.024544,-0.003906,17.627151,0.220893,0.0,3.273512,2.828083,1.0,1.0,0,0
4570,-10.344774,-0.098175,0.0,17.627535,-0.147262,0.0,3.273512,2.828083,1.0,1.0,0,0
4573,-10.341515,0.392699,0.0,17.627726,0.147262,0.0,3.273512,2.828083,1.0,1.0,0,0
4580,-10.339598,0.0,0.0,17.628109,0.417242,0.0,3.273512,2.828083,1.0,1.0,0,0
4599,-10.331927,1.570795,-0.007812,17.628302,0.245437,-0.019531,3.273512,2.828083,1.0,1.0,0,0
4600,-10.308535,3.239765,-0.003906,17.628109,-0.024544,0.0,3.273512,2.828083,1.0,1.0,0,0
4612,-10.276704,2.920697,0.0,17.628685,0.490873,0.0,3.273512,2.828083,1.0,1.0,0,0
4614,-10.2466,3.632463,0.0,17.628876,0.245437,0.0,3.273512,2.828083,1.0,1.0,0,0
4630,-10.211318,4.319686,0.0,17.629452,0.098175,0.0,3.273512,2.828083,1.0,1.0,1,0
4632,-10.171435,5.694132,-0.007812,17.630795,0.147262,0.003906,3.273512,2.828083,1.0,1.0,1,0
4643,-10.115061,6.307724,0.003906,17.634628,0.809941,0.0,3.273512,2.828083,1.0,1.0,1,0
4661,-10.071726,4.147881,0.003906,17.6423,1.66897,-0.003906,3.273512,2.828083,1.0,1.0,1,0
4663,-10.036636,3.460658,0.0,17.662432,2.454367,-0.003906,3.273512,2.828083,1.0,1.0,1,2
4672,-10.000587,4.663298,-0.007812,17.691771,3.485202,-0.003906,3.273512,2.828083,1.0,1.0,1,2
4674,-9.951501,5.645045,-0.007812,17.727627,4.859647,-0.003906,3.273512,2.828083,1.0,1.0,1,2
4699,-9.904139,5.792307,0.0,17.762524,4.466949,0.003906,3.273512,2.828083,1.0,1.0,1,2
4701,-9.842012,6.994947,0.0,17.803366,4.319686,0.0,3.273512,2.828083,1.0,1.0,1,2
4705,-9.763013,8.762092,0.003906,17.847086,5.227802,-0.003906,3.273512,2.828083,1.0,1.0,1,2
4735,-9.688615,8.123956,0.0,17.899431,6.602248,0.0,3.273512,2.828083,1.0,1.0,1,2
4737,-9.618819,9.498402,-0.011719,17.950054,6.675879,0.003906,3.273512,2.828083,1.0,1.0,1,2
4739,-9.534066,9.302052,0.003906,18.001825,5.694132,0.003906,3.273512,2.828083,1.0,1.0,1,2
4740,-9.452957,9.473858,0.0,18.044394,4.663298,-0.003906,3.273512,2.828083,1.0,1.0,1,2
4781,-9.383545,7.927606,0.0,18.081783,4.908734,0.0,3.273512,2.828083,1.0,1.0,1,2
4782,-9.30953,8.148499,0.003906,18.125694,5.743219,0.0,3.273512,2.828083,1.0,1.0,1,2
4784,-9.233406,8.050324,0.003906,18.167879,4.786016,0.0,3.273512,2.828083,1.0,1.0,1,2
4787,-9.175691,6.651335,0.003906,18.207188,5.669589,0.0,3.273512,2.828083,1.0,1.0,1,2
4788,-9.122577,6.062287,-0.003906,18.251673,4.957822,0.003906,3.273512,2.828083,1.0,1.0,1,2
4789,-9.06697,5.816851,0.007812,18.291939,4.049706,0.0,3.273512,2.828083,1.0,1.0,1,2
4800,-9.017307,5.325977,0.0,18.323195,2.920697,0.0,3.273512,2.828083,1.0,1.0,1,2
4817,-8.973013,5.939569,-0.003906,18.341026,2.012581,-0.003906,3.273512,2.828083,1.0,1.0,1,2
4819,-8.915873,6.798597,0.0,18.357901,1.791688,0.003906,3.273512,2.828083,1.0,1.0,1,2
4830,-8.86295,4.933278,0.0,18.372282,2.086212,0.0,3.273512,2.828083,1.0,1.0,1,2
4832,-8.827669,4.07425,0.0,18.387047,2.110756,0.0,3.273512,2.828083,1.0,1.0,1,2
4850,-8.791429,3.8779,0.0,18.408522,2.969784,-0.003906,3.273512,2.828083,1.0,1.0,1,2
4852,-8.74656,5.375064,-0.007812,18.440544,4.466949,0.0,3.273512,2.828083,1.0,1.0,1,2
4863,-8.696705,5.006909,0.003906,18.483303,5.27689,0.003906,3.273512,2.828083,1.0,1.0,1,2
4881,-8.657397,5.031453,0.007812,18.525295,5.154171,0.0,3.273512,2.828083,1.0,1.0,1,2
4883,-8.614637,4.81056,0.003906,18.574959,5.424152,0.003906,3.273512,2.828083,1.0,1.0,1,2
4885,-8.567851,5.08054,0.003906,18.620787,5.129628,0.0,3.273512,2.828083,1.0,1.0,1,2
4896,-8.531419,4.000618,0.003906,18.65645,4.614211,0.0,3.273512,2.828083,1.0,1.0,1,2
4924,-8.500356,2.945241,0.0,18.691349,4.123337,0.0,3.273512,2.828083,1.0,1.0,1,2
4925,-8.472552,3.485202,-0.007812,18.731424,5.252346,-0.003906,3.273512,2.828083,1.0,1.0,1,2
4926,-8.438996,4.246056,-0.007812,18.779169,6.209549,0.0,3.273512,2.828083,1.0,1.0,1,2
4942,-8.394511,6.553161,-0.003906,18.82634,5.865938,0.003906,3.273512,2.828083,1.0,1.0,1,2
4944,-8.335645,6.381355,0.0,18.87466,5.252346,0.0,3.273512,2.828083,1.0,1.0,1,2
4946,-8.279463,5.865938,0.003906,18.919912,4.933278,-0.003906,3.273512,2.828083,1.0,1.0,1,2
4953,-8.219446,7.142209,-0.003906,18.96459,4.417861,0.0,3.273512,2.828083,1.0,1.0,1,2
4979,-8.164989,5.939569,0.0,19.000446,4.34423,0.003906,3.273512,2.828083,1.0,1.0,1,2
4981,-8.104781,6.798597,0.0,19.033619,3.8779,0.003906,3.273512,2.828083,1.0,1.0,1,2
4990,-8.036327,8.025781,0.0,19.062763,3.509745,0.0,3.273512,2.828083,1.0,1.0,1,2
5005,-7.978995,6.135918,0.011719,19.088457,2.945241,0.0,3.273512,2.828083,1.0,1.0,1,2
5006,-7.927031,5.694132,0.0,19.117603,3.534289,0.003906,3.273512,2.828083,1.0,1.0,1,2
5008,-7.86989,6.823141,-0.003906,19.143106,2.920697,0.003906,3.273512,2.828083,1.0,1.0,1,2
5017,-7.809298,5.890481,0.003906,19.164581,2.307105,-0.003906,3.273512,2.828083,1.0,1.0,1,2
5037,-7.760211,5.792307,0.003906,19.181646,2.159843,0.0,3.273512,2.828083,1.0,1.0,1,2
5038,-7.701344,7.264927,0.0,19.196411,1.914407,0.0,3.273512,2.828083,1.0,1.0,1,2
5046,-7.647847,4.786016,0.003906,19.209642,1.865319,-0.003906,3.273512,2.828083,1.0,1.0,1,2
5048,-7.608922,4.540579,0.0,19.225557,3.117046,-0.003906,3.273512,2.828083,1.0,1.0,1,2
5068,-7.562711,5.27689,-0.011719,19.253553,4.196968,0.003906,3.273512,2.828083,1.0,1.0,1,2
5069,-7.503269,6.847685,-0.003906,19.292093,5.375064,-0.003906,3.273512,2.828083,1.0,1.0,1,2
5080,-7.448238,6.062287,0.003906,19.341948,6.626791,-0.007812,3.273512,2.828083,1.0,1.0,1,2
5099,-7.396849,5.939569,0.0,19.394295,6.062287,0.0,3.273512,2.828083,1.0,1.0,1,2
5103,-7.349679,5.939569,-0.003906,19.438972,5.669589,0.0,3.273512,2.828083,1.0,1.0,1,2
5107,-7.302701,4.393317,-0.003906,19.485184,4.957822,0.0,3.273512,2.828083,1.0,1.0,1,2
5115,-7.265311,4.098794,0.0,19.526409,4.07425,0.003906,3.273512,2.828083,1.0,1.0,1,2
5133,-7.234439,3.951531,0.0,19.558622,3.755182,0.0,3.273512,2.828083,1.0,1.0,1,2
5136,-7.191871,5.325977,-0.003906,19.59889,5.325977,0.0,3.273512,2.828083,1.0,1.0,1,2
5143,-7.144701,4.565123,0.007812,19.647402,5.915025,-0.007812,3.273512,2.828083,1.0,1.0,1,2
5160,-7.109036,3.239765,0.007812,19.699173,5.595957,0.0,3.273512,2.828083,1.0,1.0,1,2
5162,-7.08641,2.773435,0.003906,19.743275,5.203259,0.003906,3.273512,2.828083,1.0,1.0,1,2
5164,-7.065126,1.718057,0.0,19.793129,5.645045,0.0,3.273512,2.828083,1.0,1.0,1,2
5173,-7.044034,2.527998,-0.003906,19.841642,5.301434,-0.003906,3.273512,2.828083,1.0,1.0,1,2
5193,-7.016614,3.583376,-0.003906,19.891113,5.620501,0.0,3.273512,2.828083,1.0,1.0,1,2
5195,-6.98766,3.411571,0.0,19.938665,6.970403,-0.003906,3.273512,2.828083,1.0,1.0,1,2
5207,-6.957556,3.14159,0.0,20.000408,7.461277,0.0,3.273512,2.828083,1.0,1.0,1,2
5237,-6.928219,3.018872,-0.003906,20.06426,7.240384,0.003906,3.273512,2.828083,1.0,1.0,1,2
5238,-6.895046,3.657007,0.003906,20.119677,5.841394,0.0,3.273512,2.828083,1.0,1.0,1,2
5240,-6.862257,4.540579,0.0,20.167038,5.964112,-0.003906,3.273512,2.828083,1.0,1.0,1,2
5241,-6.81969,4.638754,0.003906,20.221493,6.356811,-0.003906,3.273512,2.828083,1.0,1.0,1,2
5255,-6.787093,2.552542,0.007812,20.271156,5.841394,0.0,3.273512,2.828083,1.0,1.0,1,2
5256,-6.774245,0.785398,0.019531,20.315258,5.350521,0.0,3.273512,2.828083,1.0,1.0,1,2
5267,-6.77693,-0.613592,0.003906,20.363962,5.178715,0.003906,3.578966,2.828083,1.0,1.0,1,2
5271,-6.778656,0.122718,0.0,20.404804,4.417861,0.003906,3.578966,2.828083,1.0,1.0,1,2
5285,-6.778272,-0.098175,0.0,20.436443,3.632463,0.0,3.578966,2.828083,1.0,1.0,1,2
5287,-6.778272,0.024544,0.0,20.465588,3.976075,-0.003906,3.578966,2.828083,1.0,1.0,1,2
5297,-6.778464,-0.392699,0.0,20.504513,4.908734,-0.003906,3.578966,2.828083,1.0,1.0,1,2
5317,-6.778272,0.0,-0.003906,20.550148,4.982366,0.0,3.578966,2.828083,1.0,1.0,1,2
5319,-6.778464,-0.368155,0.003906,20.596935,5.129628,0.0,3.578966,2.828083,1.0,1.0,1,2
5320,-6.778464,-0.171806,0.0,20.636244,4.908734,0.0,3.578966,2.828083,1.0,1.0,1,2
5330,-6.778656,0.26998,0.003906,20.678812,5.006909,0.003906,3.578966,2.828083,1.0,1.0,1,2
5349,-6.779614,-0.392699,-0.003906,20.716585,4.025162,0.003906,3.578966,2.828083,1.0,1.0,1,2
5351,-6.780381,-0.196349,0.0,20.746307,2.920697,0.003906,3.578966,2.828083,1.0,1.0,1,2
5362,-6.782107,-0.319068,0.003906,20.762796,1.619882,0.003906,3.578966,2.828083,1.0,1.0,0,0
5378,-6.782682,-0.196349,0.0,20.770658,0.294524,0.0,3.578966,2.828083,1.0,1.0,0,0
5380,-6.782682,-0.024544,-0.003906,20.771042,-0.319068,0.003906,3.578966,2.828083,1.0,1.0,0,0
5381,-6.782491,0.26998,0.0,20.768932,-0.122718,-0.003906,3.578966,3.142933,1.0,1.0,0,0
5394,-6.782299,0.098175,0.003906,20.769892,0.294524,0.0,3.578966,3.142933,1.0,1.0,0,0
5413,-6.782299,0.049087,-0.011719,20.769508,0.46633,0.0,3.578966,3.142933,1.0,1.0,0,0
5415,-6.782299,-0.073631,0.003906,20.769508,0.343611,0.0,3.578966,3.142933,1.0,1.0,0,0
5422,-6.782299,-0.073631,0.0,20.769316,0.122718,-0.003906,3.578966,3.142933,1.0,1.0,0,0
5445,-6.782299,0.098175,-0.003906,20.769316,-0.294524,0.0,3.578966,3.142933,1.0,1.0,0,0
5446,-6.782682,-0.589048,0.0,20.768932,0.196349,0.0,3.578966,3.142933,1.0,1.0,0,0
5448,-6.782682,-0.245437,0.003906,20.768166,-0.049087,-0.003906,3.578966,3.142933,1.0,1.0,0,0
5465,-6.783066,-0.319068,0.0,20.767015,-0.245437,0.0,3.578966,3.142933,1.0,1.0,0,0
5467,-6.783641,-0.687223,0.003906,20.764906,-0.122718,0.0,3.578966,3.142933,1.0,1.0,0,0
5485,-6.784216,-0.441786,0.003906,20.762606,-0.220893,0.0,3.578966,3.142933,1.0,1.0,0,0
5486,-6.7846,0.073631,0.0,20.759346,-0.196349,0.0,3.578966,3.142933,1.0,1.0,0,0
5488,-6.784983,0.122718,0.0,20.752634,-0.785398,0.003906,3.578966,3.142933,1.0,1.0,0,0
5507,-6.785175,-0.245437,0.0,20.734802,-2.20893,0.0,3.578966,3.142933,1.0,1.0,0,1
5509,-6.78575,-0.319068,0.003906,20.711599,-3.583376,0.003906,3.578966,3.142933,1.0,1.0,0,1
5519,-6.788627,-0.46633,0.0,20.66654,-6.479529,0.007812,3.578966,3.142933,1.0,1.0,0,1
5535,-6.792078,-0.441786,0.003906,20.601345,-7.780344,0.0,3.578966,3.142933,1.0,1.0,2,1
5537,-6.801282,-1.570795,0.0,20.532316,-6.945859,-0.003906,3.578966,3.142933,1.0,1.0,2,1
5548,-6.817964,-2.331649,0.003906,20.471149,-6.135918,0.0,3.578966,3.142933,1.0,1.0,2,1
5550,-6.84385,-3.092503,0.0,20.41324,-6.724967,0.003906,3.578966,3.142933,1.0,1.0,2,1
5568,-6.871845,-3.387027,0.0,20.352266,-6.675879,0.0,3.578966,3.142933,1.0,1.0,2,1
5570,-6.902333,-3.706095,-0.003906,20.291481,-6.381355,0.0,3.578966,3.142933,1.0,1.0,2,1
5579,-6.937231,-4.957822,0.0,20.2353,-7.682169,0.003906,3.578966,3.142933,1.0,1.0,2,1
5605,-6.983634,-5.595957,0.0,20.164928,-8.344849,0.0,3.578966,3.142933,1.0,1.0,2,1
5606,-7.032721,-5.865938,0.003906,20.087461,-8.958441,0.0,3.578966,3.142933,1.0,1.0,2,1
5623,-7.082,-6.774054,0.007812,20.002134,-9.621119,-0.007812,3.578966,3.142933,1.0,1.0,2,1
5624,-7.145085,-7.903063,0.0,19.918917,-9.621119,-0.003906,3.578966,3.142933,1.0,1.0,2,1
5630,-7.212772,-7.044034,-0.007812,19.83819,-8.958441,0.0,3.578966,3.142933,1.0,1.0,2,1
5631,-7.269337,-6.405899,0.0,19.756889,-8.68846,0.0,3.578966,3.142933,1.0,1.0,2,1
5641,-7.325327,-6.479529,0.007812,19.677698,-8.68846,0.0,3.578966,3.142933,1.0,1.0,2,1
5661,-7.382085,-6.185006,0.0,19.605026,-7.338558,-0.003906,3.578966,3.142933,1.0,1.0,2,1
5663,-7.436349,-6.872229,0.0,19.535997,-7.903063,0.003906,3.578966,3.142933,1.0,1.0,2,1
5684,-7.488313,-7.191296,-0.007812,19.472336,-7.559451,0.0,3.578966,3.142933,1.0,1.0,2,1
5686,-7.542577,-5.27689,-0.007812,19.401773,-7.191296,-0.007812,3.578966,3.142933,1.0,1.0,2,1
5687,-7.5769,-3.092503,0.0,19.335238,-6.651335,0.0,3.578966,3.142933,1.0,1.0,2,1
5706,-7.606621,-3.730638,0.003906,19.276754,-5.767763,-0.003906,3.578966,3.142933,1.0,1.0,2,1
5708,-7.641902,-4.761473,0.007812,19.22364,-5.743219,0.003906,3.578966,3.142933,1.0,1.0,2,1
5727,-7.689073,-5.620501,0.0,19.164391,-6.700423,0.0,3.578966,3.142933,1.0,1.0,2,1
5728,-7.741419,-5.424152,-0.003906,19.099579,-7.044034,0.0,3.578966,3.142933,1.0,1.0,2,1
5736,-7.792808,-6.307724,-0.007812,19.037069,-7.01949,0.003906,3.578966,3.142933,1.0,1.0,2,1
5738,-7.84688,-5.792307,0.0,18.9713,-7.731257,0.0,3.578966,3.142933,1.0,1.0,2,1
5756,-7.899611,-5.178715,-0.003906,18.902271,-7.755801,0.0,3.578966,3.142933,1.0,1.0,2,1
5757,-7.939303,-5.424152,0.0,18.839186,-8.025781,0.0,3.578966,3.142933,1.0,1.0,2,1
5767,-7.989349,-5.964112,0.003906,18.76594,-7.436733,0.0,3.578966,3.142933,1.0,1.0,2,1
5797,-8.048599,-6.651335,0.0,18.697678,-6.896772,0.003906,3.578966,3.142933,1.0,1.0,2,1
5798,-8.100562,-5.27689,-0.007812,18.629606,-7.117665,0.003906,3.578966,3.142933,1.0,1.0,2,1
5800,-8.146198,-5.325977,-0.003906,18.556551,-8.074868,0.0,3.578966,3.142933,1.0,1.0,2,1
5802,-8.192793,-5.816851,0.003906,18.485603,-6.970403,0.0,3.578966,3.142933,1.0,1.0,2,1
5830,-8.239963,-5.055996,0.003906,18.418493,-6.872229,0.0,3.578966,3.142933,1.0,1.0,2,1
5832,-8.283489,-5.006909,0.0,18.357517,-6.356811,0.0,3.578966,3.142933,1.0,1.0,2,1
5833,-8.327784,-6.160462,0.0,18.299225,-7.436733,-0.003906,3.578966,3.142933,1.0,1.0,2,1
5851,-8.383774,-6.774054,0.0,18.229046,-7.853975,0.0,3.578966,3.142933,1.0,1.0,2,1
5853,-8.438805,-4.638754,-0.011719,18.158867,-6.258636,0.0,3.578966,3.142933,1.0,1.0,2,1
5854,-8.477346,-4.614211,0.0,18.100767,-5.792307,0.0,3.578966,3.142933,1.0,1.0,2,1
5862,-8.513011,-4.81056,0.003906,18.055706,-5.301434,0.0,3.578966,3.142933,1.0,1.0,2,1
5880,-8.559414,-5.497783,0.003906,18.009304,-5.350521,-0.003906,3.578966,3.142933,1.0,1.0,2,1
5881,-8.607926,-5.227802,-0.003906,17.961367,-5.522326,0.0,3.578966,3.142933,1.0,1.0,2,1
5891,-8.652411,-5.399608,-0.007812,17.915155,-4.835104,-0.003906,3.578966,3.142933,1.0,1.0,2,1
5911,-8.700541,-5.571414,-0.003906,17.880833,-2.822522,0.0,3.578966,3.142933,1.0,1.0,2,1
5913,-8.750395,-5.178715,0.0,17.860699,-1.791688,0.0,3.578966,3.142933,1.0,1.0,2,1
5914,-8.789511,-3.8779,0.0,17.847086,-1.276271,0.0,3.578966,3.142933,1.0,1.0,2,0
5926,-8.819999,-4.368774,0.007812,17.839031,-0.441786,0.0,3.578966,3.142933,1.0,1.0,2,0
5978,-8.867168,-5.571414,0.003906,17.828295,-1.20264,0.0,3.578966,3.142933,1.0,1.0,2,0
5980,-8.916064,-6.798597,0.0,17.818323,-0.981747,-0.003906,3.578966,3.142933,1.0,1.0,2,0
5982,-8.96937,-6.0132,-0.007812,17.81142,-0.73631,0.0,3.578966,3.142933,1.0,1.0,2,0
5983,-9.019992,-5.718676,-0.003906,17.802408,-0.981747,0.0,3.578966,3.142933,1.0,1.0,2,0
5984,-9.073873,-6.896772,0.0,17.793587,-0.417242,-0.003906,3.578966,3.142933,1.0,1.0,2,0
5985,-9.124302,-5.227802,0.007812,17.786493,-1.153553,0.0,3.578966,3.142933,1.0,1.0,2,0
5991,-9.168595,-5.54687,0.0,17.775179,-1.644426,0.0,3.578966,3.142933,1.0,1.0,2,0
6006,-9.217875,-6.405899,0.0,17.765017,-0.662679,0.003906,3.578966,3.142933,1.0,1.0,2,0
6007,-9.264277,-5.841394,-0.007812,17.758497,-0.392699,0.0,3.578966,3.142933,1.0,1.0,2,0
6016,-9.30512,-3.362483,-0.019531,17.749485,-1.079922,0.003906,3.578966,3.142933,1.0,1.0,2,0
6037,-9.328705,-2.699804,-0.007812,17.743542,0.024544,-0.007812,3.578966,3.142933,1.0,1.0,0,0
6039,-9.346154,-2.380736,-0.003906,17.741049,-0.049087,0.0,3.578966,3.142933,1.0,1.0,0,0
6040,-9.360151,-1.423533,0.0,17.740089,0.0,0.003906,3.578966,3.142933,1.0,1.0,0,0
6049,-9.374916,-1.816232,0.007812,17.738939,0.0,0.0,3.578966,3.142933,1.0,1.0,0,0
6082,-9.392749,-2.650717,0.003906,17.735872,-0.515417,0.003906,3.578966,3.142933,1.0,1.0,0,0
6083,-9.416525,-3.264308,0.003906,17.727818,-1.227184,0.0,3.578966,3.142933,1.0,1.0,0,0
6084,-9.442795,-4.000618,0.003906,17.719574,-0.662679,0.0,3.578966,3.142933,1.0,1.0,0,0
6098,-9.47405,-3.657007,0.003906,17.714588,-0.171806,0.0,3.578966,3.142933,1.0,1.0,0,0
6100,-9.514125,-5.055996,0.003906,17.709219,-0.564505,0.0,3.578966,3.142933,1.0,1.0,0,0
6102,-9.564938,-6.405899,0.003906,17.698481,-1.276271,0.0,3.578966,3.142933,1.0,1.0,0,0
6115,-9.623037,-6.504073,0.0,17.685249,-2.012581,0.003906,3.578966,3.142933,1.0,1.0,0,0
6133,-9.674617,-5.620501,0.0,17.665691,-2.20893,0.0,3.578966,3.142933,1.0,1.0,0,0
6135,-9.731375,-6.921316,0.007812,17.644407,-2.233474,0.0,3.578966,3.142933,1.0,1.0,0,0
6140,-9.790816,-8.050324,0.007812,17.625042,-2.233474,-0.003906,3.578966,3.142933,1.0,1.0,0,0
6161,-9.855627,-7.387646,-0.007812,17.601072,-2.429824,0.003906,3.578966,3.142933,1.0,1.0,0,0
6162,-9.91852,-7.289471,0.0,17.582474,-1.546251,0.0,3.578966,3.142933,1.0,1.0,0,0
6164,-9.981221,-6.405899,0.0,17.571352,-0.711766,-0.007812,3.578966,3.142933,1.0,1.0,0,0
6184,-10.032227,-5.694132,0.0,17.570585,0.46633,0.0,3.578966,3.142933,1.0,1.0,0,0
6185,-10.083614,-6.234093,0.007812,17.571735,0.073631,-0.007812,3.578966,3.199306,1.0,1.0,0,0
6203,-10.144782,-6.872229,0.0,17.571928,0.098175,0.0,3.578966,3.199306,1.0,1.0,0,0
6205,-10.199622,-5.448695,-0.011719,17.571352,-0.049087,0.0,3.578966,3.199306,1.0,1.0,0,0
6224,-10.241806,-4.270599,0.0,17.569818,-0.171806,0.0,3.578966,3.199306,1.0,1.0,0,0
6226,-10.278622,-3.976075,0.0,17.565409,-0.392699,0.0,3.578966,3.199306,1.0,1.0,0,0
6228,-10.309876,-3.362483,-0.003906,17.55352,-1.570795,0.0,3.578966,3.199306,1.0,1.0,0,0
6235,-10.328859,-1.374446,-0.003906,17.542015,-0.638135,0.0,3.578966,3.199306,1.0,1.0,0,0
6255,-10.332887,-0.147262,-0.003906,17.537605,-0.049087,-0.003906,3.578966,3.199306,1.0,1.0,0,0
6257,-10.327134,0.098175,0.0,17.534536,-0.294524,0.0,3.578966,3.199306,1.0,1.0,0,0
6267,-10.323107,0.098175,0.003906,17.535112,0.46633,0.0,3.578966,3.235355,1.0,1.0,0,0
6285,-10.318697,0.343611,0.0,17.53607,0.073631,0.0,3.578966,3.235355,1.0,1.0,0,0
6286,-10.315821,0.441786,-0.003906,17.537605,0.368155,0.0,3.578966,3.235355,1.0,1.0,0,0
6287,-10.297605,3.436114,-0.007812,17.538563,0.245437,0.0,3.578966,3.235355,1.0,1.0,0,0
6299,-10.255996,5.252346,-0.007812,17.541248,0.46633,0.0,3.578966,3.235355,1.0,1.0,1,0
6318,-10.197129,7.21584,-0.011719,17.543741,0.294524,0.0,3.578966,3.235355,1.0,1.0,1,0
6319,-10.115829,9.670207,0.0,17.548534,0.46633,0.0,3.578966,3.235355,1.0,1.0,1,0
6329,-10.04469,9.081159,0.0,17.552177,0.220893,0.0,3.578966,3.235355,1.0,1.0,1,0
6348,-9.963197,9.964731,-0.007812,17.556396,0.908116,0.0,3.578966,3.235355,1.0,1.0,1,2
6350,-9.867899,11.020109,-0.003906,17.562149,0.760854,0.0,3.578966,3.235355,1.0,1.0,1,2
6351,-9.76263,12.320924,0.007812,17.573269,1.93895,0.0,3.578966,3.235355,1.0,1.0,1,2
6361,-9.662729,10.725585,-0.007812,17.591677,2.307105,0.0,3.578966,3.235355,1.0,1.0,1,2
6379,-9.569157,12.050943,0.0,17.610661,2.380736,0.003906,3.578966,3.235355,1.0,1.0,1,2
6380,-9.472132,10.89739,0.011719,17.630028,2.20893,0.0,3.578966,3.235355,1.0,1.0,1,2
6390,-9.383162,8.443024,0.0,17.645176,1.742601,0.0,3.578966,3.235355,1.0,1.0,1,2
6392,-9.305504,8.197587,0.0,17.660898,1.644426,0.0,3.578966,3.235355,1.0,1.0,1,2
6411,-9.233598,8.835722,0.003906,17.674704,1.742601,0.0,3.578966,3.235355,1.0,1.0,1,2
6414,-9.167829,6.28318,0.019531,17.690428,1.889863,-0.003906,3.578966,3.235355,1.0,1.0,1,2
6423,-9.116824,5.252346,-0.003906,17.707876,2.527998,0.0,3.578966,3.235355,1.0,1.0,1,2
6443,-9.066586,5.375064,0.0,17.727434,2.969784,0.0,3.578966,3.235355,1.0,1.0,1,2
6444,-9.030538,4.246056,0.0,17.744501,2.282562,0.0,3.578966,3.235355,1.0,1.0,1,2
6446,-8.99468,3.460658,0.003906,17.762907,1.816232,0.003906,3.578966,3.235355,1.0,1.0,1,2
6456,-8.959783,4.246056,0.003906,17.781507,2.012581,0.0,3.578966,3.235355,1.0,1.0,1,2
6473,-8.924118,4.81056,-0.003906,17.79608,1.889863,-0.003906,3.578966,3.235355,1.0,1.0,1,2
6475,-8.888069,2.969784,0.007812,17.825993,4.589667,-0.011719,3.578966,3.235355,1.0,1.0,1,2
6487,-8.867553,1.325358,0.003906,17.875847,6.28318,-0.007812,3.578966,3.235355,1.0,1.0,1,2
6507,-8.862184,0.122718,0.003906,17.93874,6.774054,0.003906,3.578966,3.235355,1.0,1.0,1,2
6508,-8.857389,0.883572,-0.003906,17.992813,5.988656,0.0,3.578966,3.235355,1.0,1.0,1,2
6509,-8.841858,1.718057,0.0,18.045736,6.111374,-0.003906,3.578966,3.235355,1.0,1.0,1,2
6518,-8.817314,3.313396,-0.003906,18.099424,6.185006,-0.003906,3.578966,3.235355,1.0,1.0,1,2
6537,-8.788552,3.313396,-0.007812,18.156374,6.430442,0.0,3.578966,3.235355,1.0,1.0,1,2
6538,-8.75097,5.301434,-0.011719,18.208145,7.068578,0.003906,3.578966,3.235355,1.0,1.0,1,2
6549,-8.703033,5.27689,0.003906,18.266628,6.356811,0.0,3.578966,3.235355,1.0,1.0,1,2
6573,-8.658547,4.957822,0.003906,18.318016,5.27689,0.0,3.578966,3.235355,1.0,1.0,1,2
6574,-8.612336,5.129628,0.0,18.357325,3.926988,0.003906,3.578966,3.235355,1.0,1.0,1,2
6575,-8.564783,6.405899,0.003906,18.387621,3.804269,0.0,3.578966,3.235355,1.0,1.0,1,2
6580,-8.516079,5.006909,-0.003906,18.423094,4.908734,0.0,3.578966,3.235355,1.0,1.0,1,2
6599,-8.47121,5.006909,-0.007812,18.459719,4.147881,0.007812,3.578966,3.235355,1.0,1.0,1,2
6601,-8.424041,6.74951,-0.011719,18.493465,4.246056,0.0,3.578966,3.235355,1.0,1.0,1,2
6613,-8.357312,7.240384,0.0,18.529705,4.295143,0.0,3.578966,3.235355,1.0,1.0,1,2
6614,-8.297679,5.988656,0.003906,18.566521,4.270599,0.0,3.578966,3.235355,1.0,1.0,1,2
6636,-8.245907,6.0132,0.0,18.599693,3.730638,0.0,3.578966,3.235355,1.0,1.0,1,2
6637,-8.196819,6.086831,-0.003906,18.622704,2.748891,0.003906,3.578966,3.235355,1.0,1.0,1,2
6641,-8.142555,5.031453,0.0,18.646864,2.969784,0.0,3.578966,3.235355,1.0,1.0,1,2
6663,-8.095577,5.792307,0.0,18.668531,2.699804,0.0,3.578966,3.235355,1.0,1.0,1,2
6665,-8.04323,7.044034,0.003906,18.696335,4.172424,-0.003906,3.578966,3.235355,1.0,1.0,1,2
6666,-7.986089,5.227802,0.007812,18.740053,5.375064,0.0,3.578966,3.235355,1.0,1.0,1,2
6676,-7.940262,4.417861,0.0,18.793167,5.816851,-0.007812,3.578966,3.235355,1.0,1.0,1,2
6693,-7.889449,6.185006,-0.007812,18.846664,5.350521,0.0,3.578966,3.235355,1.0,1.0,1,2
6695,-7.835759,6.332268,0.0,18.889807,5.350521,-0.003906,3.578966,3.235355,1.0,1.0,1,2
6707,-7.783796,5.203259,0.007812,18.937744,5.816851,-0.003906,3.578966,3.235355,1.0,1.0,1,2
6723,-7.738352,4.786016,0.0,18.989517,5.497783,-0.003906,3.578966,3.235355,1.0,1.0,1,2
6724,-7.692141,4.663298,0.007812,19.039755,5.227802,0.0,3.578966,3.235355,1.0,1.0,1,2
6726,-7.660694,3.215221,0.003906,19.083473,5.154171,0.0,3.578966,3.235355,1.0,1.0,1,2
6739,-7.638259,2.184387,0.003906,19.133327,5.841394,0.003906,3.578966,3.235355,1.0,1.0,1,2
6769,-7.618318,2.307105,-0.003906,19.180689,4.663298,0.0,3.578966,3.235355,1.0,1.0,1,2
6772,-7.594733,2.429824,0.0,19.219421,5.178715,0.0,3.578966,3.235355,1.0,1.0,1,2
6776,-7.569997,2.822522,-0.007812,19.259304,5.669589,-0.003906,3.578966,3.235355,1.0,1.0,1,2
6786,-7.529347,5.129628,-0.007812,19.316446,6.798597,-0.003906,3.578966,3.235355,1.0,1.0,1,2
6788,-7.485629,4.417861,0.0,19.382982,7.363102,0.0,3.578966,3.235355,1.0,1.0,1,2
6791,-7.44843,3.926988,0.007812,19.447601,6.872229,0.003906,3.578966,3.235355,1.0,1.0,1,2
6797,-7.418133,3.926988,0.003906,19.499756,6.528617,0.0,3.578966,3.235355,1.0,1.0,1,2
6817,-7.386303,3.755182,0.0,19.547884,4.884191,0.003906,3.578966,3.235355,1.0,1.0,1,2
6819,-7.352939,3.313396,0.0,19.590645,5.129628,-0.003906,3.578966,3.235355,1.0,1.0,1,2
6828,-7.327245,2.87161,0.003906,19.634747,6.577704,-0.003906,3.578966,3.235355,1.0,1.0,1,2
6830,-7.305002,2.184387,0.0,19.69112,6.700423,0.0,3.578966,3.235355,1.0,1.0,1,2
6849,-7.282185,2.650717,-0.007812,19.747877,6.381355,0.0,3.578966,3.235355,1.0,1.0,1,2
6850,-7.252656,3.632463,-0.007812,19.80751,7.387646,0.0,3.578966,3.235355,1.0,1.0,1,2
6862,-7.220634,4.34423,-0.007812,19.860241,6.651335,-0.007812,3.578966,3.235355,1.0,1.0,1,2
6879,-7.17193,5.792307,-0.003906,19.918917,6.504073,-0.003906,3.578966,3.235355,1.0,1.0,1,2
6881,-7.124376,4.835104,0.011719,19.984877,7.412189,0.0,3.578966,3.235355,1.0,1.0,1,2
6881,-7.09082,2.969784,0.003906,20.051222,7.95215,0.007812,3.578966,3.235355,1.0,1.0,1,2
6894,-7.072029,1.398989,0.007812,20.105486,6.528617,0.003906,3.578966,3.235355,1.0,1.0,1,2
6912,-7.059757,1.398989,0.003906,20.160709,6.086831,0.0,3.578966,3.235355,1.0,1.0,1,2
6914,-7.044226,1.742601,-0.003906,20.214399,6.111374,-0.003906,3.578966,3.235355,1.0,1.0,1,2
6923,-7.020833,2.945241,-0.003906,20.268663,6.258636,0.0,3.578966,3.235355,1.0,1.0,1,2
6943,-6.995905,2.87161,0.0,20.321011,7.21584,0.0,3.578966,3.235355,1.0,1.0,1,2
6944,-6.96791,2.429824,0.0,20.383329,6.577704,0.0,3.578966,3.235355,1.0,1.0,1,2
6945,-6.946434,2.429824,0.003906,20.43932,6.135918,0.003906,3.578966,3.235355,1.0,1.0,1,2
6955,-6.927643,2.429824,0.003906,20.482462,4.884191,0.0,3.578966,3.235355,1.0,1.0,1,2
6973,-6.906935,2.650717,0.0,20.530783,5.448695,0.0,3.578966,3.235355,1.0,1.0,1,2
6975,-6.888335,2.135299,0.003906,20.579487,5.718676,0.003906,3.578966,3.235355,1.0,1.0,1,2
6986,-6.869927,2.380736,0.003906,20.620903,5.252346,0.0,3.578966,3.235355,1.0,1.0,1,2
6987,-6.843275,2.920697,0.0,20.665197,4.786016,0.0,3.578966,3.235355,1.0,1.0,0,2
7005,-6.817197,2.282562,0.003906,20.706232,4.172424,0.003906,3.578966,3.235355,1.0,1.0,0,2
7007,-6.804733,-0.245437,0.003906,20.740171,3.460658,0.003906,3.578966,3.235355,1.0,1.0,0,2
7017,-6.809144,-1.129009,0.0,20.762989,2.969784,0.0,3.578966,3.235355,1.0,1.0,0,2
7036,-6.813362,0.0,0.0,20.782164,2.307105,0.0,3.578966,3.235355,1.0,1.0,0,0
7038,-6.811828,-0.024544,0.0,20.804789,2.773435,0.0,3.578966,3.235355,1.0,1.0,0,0
7039,-6.812403,-0.343611,0.0,20.834702,3.779726,0.0,3.578966,3.235355,1.0,1.0,0,0
7054,-6.812212,0.0,-0.003906,20.867683,4.908734,0.0,3.578966,3.235355,1.0,1.0,0,0
7068,-6.811253,0.098175,-0.003906,20.904882,4.319686,0.003906,3.578966,3.235355,1.0,1.0,0,0
7068,-6.809335,0.26998,0.003906,20.938053,3.632463,0.0,3.578966,3.235355,1.0,1.0,0,0
7079,-6.808376,-0.024544,0.0,20.957804,2.159843,0.003906,3.578966,3.235355,1.0,1.0,0,0
7098,-6.807801,0.196349,0.003906,20.972376,1.47262,0.003906,3.578966,3.235355,1.0,1.0,0,0
7100,-6.808185,-0.46633,0.003906,20.973719,-0.073631,0.003906,3.578966,3.235355,1.0,1.0,0,0
7102,-6.808376,-0.245437,0.0,20.970459,-0.171806,0.0,3.578966,3.439182,1.0,1.0,0,0
7113,-6.807993,0.122718,0.0,20.970268,0.245437,0.0,3.578966,3.439182,1.0,1.0,0,0
7131,-6.808185,-0.417242,0.0,20.970076,0.245437,0.0,3.578966,3.439182,1.0,1.0,0,0
7132,-6.807801,0.392699,0.0,20.969692,-0.122718,0.0,3.578966,3.439182,1.0,1.0,0,0
7140,-6.808185,0.098175,-0.007812,20.969885,0.539961,0.0,3.578966,3.439182,1.0,1.0,0,0
7161,-6.808568,-0.294524,0.0,20.969309,-0.26998,0.0,3.578966,3.439182,1.0,1.0,0,0
7163,-6.808952,-0.220893,0.0,20.967775,-0.024544,-0.003906,3.578966,3.439182,1.0,1.0,0,0
7164,-6.810678,-0.417242,0.0,20.965473,0.049087,0.0,3.578966,3.439182,1.0,1.0,0,0
7173,-6.811828,-0.122718,0.0,20.964516,0.392699,0.0,3.578966,3.439182,1.0,1.0,0,0
7193,-6.811636,-0.196349,0.0,20.961639,-0.049087,0.0,3.578966,3.439182,1.0,1.0,0,0
7194,-6.81202,-0.196349,0.0,20.944189,-4.270599,0.011719,3.578966,3.439182,1.0,1.0,0,0
7204,-6.812787,-0.147262,0.0,20.882639,-8.614829,0.0,3.578966,3.439182,1.0,1.0,0,0
7243,-6.815663,-0.73631,0.003906,20.815144,-8.737548,0.0,3.578966,3.439182,1.0,1.0,0,1
7244,-6.828318,-2.307105,0.011719,20.738062,-8.786634,0.003906,3.578966,3.439182,1.0,1.0,0,1
7245,-6.851328,-3.018872,0.0,20.656952,-8.958441,0.0,3.578966,3.439182,1.0,1.0,2,1
7247,-6.872995,-2.577086,0.0,20.576611,-9.302052,0.0,3.578966,3.439182,1.0,1.0,2,1
7269,-6.894279,-2.527998,0.0,20.496077,-8.958441,-0.003906,3.578966,3.439182,1.0,1.0,2,1
7271,-6.917481,-3.067959,0.0,20.415543,-9.056615,0.003906,3.578966,3.439182,1.0,1.0,2,1
7273,-6.942791,-3.067959,0.0,20.32523,-10.381973,0.0,3.578966,3.439182,1.0,1.0,2,1
7274,-6.970787,-3.387027,0.0,20.230505,-11.142827,0.007812,3.578966,3.439182,1.0,1.0,2,1
7289,-7.000124,-3.313396,0.003906,20.129646,-11.56007,0.003906,3.578966,3.439182,1.0,1.0,2,1
7291,-7.026777,-3.239765,0.0,20.023802,-12.443642,-0.003906,3.578966,3.439182,1.0,1.0,2,1
7309,-7.048828,-2.87161,0.0,19.916231,-12.247293,0.0,3.578966,3.439182,1.0,1.0,2,1
7311,-7.075289,-4.000618,0.007812,19.820742,-11.510983,0.003906,3.578966,3.439182,1.0,1.0,2,1
7329,-7.121883,-6.160462,0.003906,19.713747,-12.29638,0.0,3.578966,3.439182,1.0,1.0,2,1
7331,-7.181134,-7.044034,-0.007812,19.609436,-11.314633,-0.003906,3.578966,3.439182,1.0,1.0,2,1
7351,-7.232522,-5.08054,-0.007812,19.510494,-11.486439,0.0,3.578966,3.439182,1.0,1.0,2,1
7352,-7.283719,-5.301434,0.0,19.402924,-11.020109,-0.007812,3.578966,3.439182,1.0,1.0,2,1
7354,-7.331655,-5.595957,0.003906,19.310694,-9.572032,-0.003906,3.578966,3.439182,1.0,1.0,2,1
7361,-7.378058,-5.915025,0.003906,19.237253,-8.68846,0.0,3.578966,3.439182,1.0,1.0,2,1
7380,-7.429638,-6.28318,0.007812,19.157871,-9.252965,0.0,3.578966,3.439182,1.0,1.0,2,1
7382,-7.490231,-7.191296,0.0,19.079447,-8.590285,0.0,3.578966,3.439182,1.0,1.0,2,1
7393,-7.550247,-6.405899,0.0,19.004089,-8.099412,0.0,3.578966,3.439182,1.0,1.0,2,1
7411,-7.594541,-4.712385,0.0,18.928925,-8.050324,0.003906,3.578966,3.439182,1.0,1.0,2,1
7412,-7.640944,-5.939569,0.007812,18.853951,-7.878519,0.0,3.578966,3.439182,1.0,1.0,2,1
7413,-7.698277,-7.21584,0.007812,18.776676,-8.737548,-0.007812,3.578966,3.439182,1.0,1.0,2,1
7423,-7.756184,-6.234093,-0.003906,18.702854,-8.123956,0.0,3.578966,3.439182,1.0,1.0,2,1
7449,-7.805079,-6.185006,-0.003906,18.638042,-8.393936,0.003906,3.578966,3.439182,1.0,1.0,2,1
7451,-7.860495,-6.209549,-0.007812,18.561537,-9.007528,0.0,3.578966,3.439182,1.0,1.0,2,1
7455,-7.909007,-5.055996,-0.003906,18.484453,-8.41848,0.0,3.578966,3.439182,1.0,1.0,2,1
7472,-7.951958,-5.424152,0.003906,18.412741,-7.510364,-0.003906,3.578966,3.439182,1.0,1.0,2,1
7473,-8.007373,-6.528617,0.003906,18.347355,-6.945859,0.007812,3.578966,3.439182,1.0,1.0,2,1
7475,-8.070458,-6.74951,-0.007812,18.27545,-8.541198,0.0,3.578966,3.439182,1.0,1.0,2,1
7488,-8.124914,-5.841394,0.0,18.198942,-8.001237,-0.003906,3.578966,3.439182,1.0,1.0,2,1
7517,-8.179563,-6.602248,0.0,18.136816,-6.872229,0.0,3.578966,3.439182,1.0,1.0,2,1
7519,-8.235744,-6.724967,0.003906,18.076607,-5.767763,0.003906,3.578966,3.439182,1.0,1.0,2,1
7521,-8.293653,-6.405899,0.003906,18.0233,-5.792307,0.0,3.578966,3.439182,1.0,1.0,2,1
7522,-8.352519,-7.583995,0.0,17.968269,-6.381355,0.0,3.578966,3.439182,1.0,1.0,2,1
7538,-8.416945,-6.577704,-0.007812,17.912088,-5.792307,-0.007812,3.578966,3.439182,1.0,1.0,2,1
7540,-8.465075,-5.792307,-0.007812,17.868753,-4.687841,0.0,3.578966,3.439182,1.0,1.0,2,1
7547,-8.517613,-6.086831,0.0,17.835197,-3.583376,0.0,3.578966,3.439182,1.0,1.0,2,1
7567,-8.575521,-7.191296,0.003906,17.805668,-3.043416,0.003906,3.578966,3.439182,1.0,1.0,2,1
7569,-8.632087,-6.160462,0.003906,17.775755,-3.411571,0.003906,3.578966,3.439182,1.0,1.0,2,1
7588,-8.690953,-6.626791,0.0,17.747568,-2.748891,0.0,3.578966,3.439182,1.0,1.0,2,1
7593,-8.75212,-6.430442,0.0,17.722641,-2.699804,-0.003906,3.578966,3.439182,1.0,1.0,2,1
7596,-8.803317,-5.841394,-0.003906,17.705383,-1.398989,-0.003906,3.578966,3.439182,1.0,1.0,2,1
7612,-8.852788,-6.28318,0.003906,17.694645,-0.687223,-0.003906,3.578966,3.439182,1.0,1.0,2,1
7613,-8.910503,-6.724967,0.003906,17.694262,0.220893,0.0,3.578966,3.439182,1.0,1.0,2,1
7629,-8.960166,-5.865938,-0.007812,17.69618,0.392699,0.0,3.578966,3.439182,1.0,1.0,2,1
7630,-9.008678,-5.055996,-0.007812,17.696564,0.073631,-0.003906,3.578966,3.439182,1.0,1.0,2,1
7640,-9.054123,-5.154171,0.0,17.696371,0.245437,0.0,3.578966,3.439182,1.0,1.0,2,1
7642,-9.0988,-4.957822,0.0,17.696564,0.245437,0.0,3.578966,3.439182,1.0,1.0,2,1
7667,-9.133314,-3.190677,0.0,17.696371,-0.098175,0.003906,3.578966,3.439182,1.0,1.0,2,1
7669,-9.163994,-3.976075,0.0,17.696564,0.220893,0.0,3.578966,3.439182,1.0,1.0,2,1
7673,-9.196783,-5.055996,0.003906,17.696564,-0.220893,0.0,3.578966,3.439182,1.0,1.0,2,1
7693,-9.239734,-5.448695,0.0,17.696754,-0.024544,0.0,3.578966,3.439182,1.0,1.0,2,1
7694,-9.28211,-4.295143,-0.007812,17.696947,0.319068,0.0,3.578966,3.439182,1.0,1.0,2,1
7705,-9.308572,-2.307105,-0.007812,17.696947,0.441786,0.0,3.578966,3.439182,1.0,1.0,2,1
7708,-9.319693,-1.178096,-0.007812,17.696947,0.368155,-0.003906,3.578966,3.439182,1.0,1.0,2,1
7724,-9.325445,-0.515417,0.0,17.696564,-0.26998,0.0,3.578966,3.439182,1.0,1.0,2,1
7725,-9.327746,-0.319068,0.0,17.696754,0.196349,0.0,3.578966,3.439182,1.0,1.0,2,1
7735,-9.32813,-0.245437,0.0,17.696754,0.343611,0.007812,3.578966,3.439182,1.0,1.0,2,1
7754,-9.335799,-1.865319,0.007812,17.696754,0.196349,0.003906,3.578966,3.439182,1.0,1.0,2,1
7756,-9.363603,-3.558833,0.003906,17.696371,-0.073631,0.003906,3.578966,3.439182,1.0,1.0,2,1
7757,-9.401953,-4.736929,0.007812,17.695797,0.196349,0.003906,3.578966,3.439182,1.0,1.0,2,1
7767,-9.444903,-5.718676,0.007812,17.695604,0.171806,0.003906,3.578966,3.439182,1.0,1.0,2,1
7790,-9.496675,-6.160462,0.003906,17.694071,0.196349,0.007812,3.578966,3.439182,1.0,1.0,2,1
7791,-9.55535,-6.945859,0.0,17.692345,-0.343611,0.0,3.578966,3.439182,1.0,1.0,2,1
7801,-9.619203,-6.945859,-0.003906,17.690235,-0.441786,0.0,3.578966,3.439182,1.0,1.0,2,1
7817,-9.673658,-6.209549,0.0,17.686401,-0.073631,0.0,3.578966,3.439182,1.0,1.0,2,1
7819,-9.726964,-6.651335,0.007812,17.678347,-0.711766,0.0,3.578966,3.439182,1.0,1.0,2,1
7820,-9.79235,-7.853975,0.007812,17.671444,-0.171806,0.0,3.578966,3.439182,1.0,1.0,2,1
7830,-9.849683,-7.289471,-0.003906,17.671061,0.392699,0.0,3.578966,3.439182,1.0,1.0,2,1
7850,-9.912767,-7.21584,-0.003906,17.671444,-0.294524,0.0,3.578966,3.439182,1.0,1.0,2,1
7851,-9.975277,-6.577704,-0.007812,17.671827,0.098175,0.0,3.578966,3.439182,1.0,1.0,2,1
7865,-10.025707,-5.178715,0.0,17.67202,0.122718,-0.003906,3.578966,3.439182,1.0,1.0,2,1
7879,-10.074027,-6.062287,0.0,17.672403,0.441786,0.0,3.578966,3.439182,1.0,1.0,2,1
7880,-10.130017,-6.430442,-0.003906,17.673937,0.098175,0.0,3.578966,3.439182,1.0,1.0,2,1
7882,-10.179872,-4.221512,-0.011719,17.67547,0.589048,-0.003906,3.578966,3.439182,1.0,1.0,2,1
7896,-10.209018,-2.699804,-0.003906,17.675663,0.073631,0.0,3.578966,3.439182,1.0,1.0,2,0
7923,-10.226658,-1.448077,0.0,17.675663,0.196349,0.0,3.578966,3.439182,1.0,1.0,0,0
7925,-10.233945,-0.441786,0.0,17.67547,0.122718,0.0,3.578966,3.439182,1.0,1.0,0,0
7927,-10.232219,0.245437,-0.007812,17.675854,0.196349,0.0,3.578966,3.439182,1.0,1.0,0,0
7942,-10.228576,0.024544,0.0,17.675663,0.26998,0.0,3.578966,3.439182,1.0,1.0,0,0
7944,-10.226466,0.073631,0.003906,17.675663,0.0,0.0,3.578966,3.439182,1.0,1.0,0,0
7946,-10.225891,-0.098175,0.0,17.676239,0.711766,-0.003906,3.578966,3.439182,1.0,1.0,0,0
7953,-10.225124,0.220893,0.0,17.677773,0.490873,0.0,3.578966,3.439182,1.0,1.0,0,0
7978,-10.22359,0.0,0.0,17.679499,0.245437,0.0,3.578966,3.439182,1.0,1.0,0,0
7979,-10.223015,-0.368155,0.003906,17.680073,0.613592,0.0,3.578966,3.439182,1.0,1.0,0,0
7985,-10.222248,0.024544,0.0,17.680073,0.392699,0.003906,3.578966,3.439182,1.0,1.0,0,0
8005,-10.218988,0.564505,0.0,17.680265,0.343611,0.0,3.578966,3.439182,1.0,1.0,0,0
8006,-10.214769,0.785398,0.0,17.681416,0.343611,0.0,3.578966,3.439182,1.0,1.0,0,0
8008,-10.206908,1.030834,-0.007812,17.684099,0.417242,0.0,3.578966,3.439182,1.0,1.0,0,0
8028,-10.184666,3.264308,-0.007812,17.690235,1.742601,-0.007812,3.578966,3.439182,1.0,1.0,0,2
8029,-10.138071,6.135918,0.0,17.712286,3.902444,-0.003906,3.578966,3.439182,1.0,1.0,0,2
8047,-10.087833,4.540579,0.0,17.757156,6.28318,0.0,3.578966,3.439182,1.0,1.0,1,2
8049,-10.046799,4.147881,0.0,17.811228,6.209549,-0.003906,3.578966,3.439182,1.0,1.0,1,2
8050,-10.003655,5.792307,-0.011719,17.869711,7.166752,-0.007812,3.578966,3.439182,1.0,1.0,1,2
8069,-9.940571,7.657626,-0.007812,17.93759,8.099412,0.003906,3.578966,3.439182,1.0,1.0,1,2
8071,-9.88343,7.01949,0.0,17.998373,7.755801,0.003906,3.578966,3.439182,1.0,1.0,1,2
8079,-9.821113,7.117665,0.0,18.058775,6.700423,-0.003906,3.578966,3.439182,1.0,1.0,1,2
8113,-9.758795,6.332268,0.003906,18.117065,6.479529,0.0,3.578966,3.439182,1.0,1.0,1,2
8114,-9.712008,4.687841,0.003906,18.175165,6.405899,0.0,3.578966,3.439182,1.0,1.0,1,2
8117,-9.675385,4.835104,-0.007812,18.227703,6.700423,0.0,3.578966,3.439182,1.0,1.0,1,2
8118,-9.621311,7.142209,-0.007812,18.285229,5.767763,0.003906,3.578966,3.439182,1.0,1.0,1,2
8131,-9.557843,6.479529,0.003906,18.332397,4.614211,0.0,3.578966,3.439182,1.0,1.0,1,2
8133,-9.508564,5.694132,0.003906,18.362886,3.436114,0.0,3.578966,3.439182,1.0,1.0,1,2
8141,-9.456792,5.448695,0.0,18.390306,2.748891,-0.003906,3.578966,3.439182,1.0,1.0,1,2
8179,-9.407705,5.129628,0.0,18.416958,2.724348,-0.003906,3.578966,3.439182,1.0,1.0,1,2
8181,-9.36437,4.712385,-0.007812,18.443037,2.67526,0.0,3.578966,3.439182,1.0,1.0,1,2
8183,-9.325445,4.638754,-0.007812,18.465662,3.313396,0.0,3.578966,3.439182,1.0,1.0,1,2
8184,-9.272523,6.258636,0.0,18.488672,2.012581,0.0,3.578966,3.439182,1.0,1.0,1,2
8193,-9.219792,4.786016,0.007812,18.505354,1.93895,0.0,3.578966,3.439182,1.0,1.0,1,2
8194,-9.183935,2.650717,0.011719,18.514366,1.055378,0.0,3.578966,3.439182,1.0,1.0,1,2
8203,-9.159008,2.724348,0.0,18.522612,1.227184,0.0,3.578966,3.439182,1.0,1.0,1,2
8225,-9.130246,3.657007,-0.007812,18.530664,0.859029,0.0,3.578966,3.439182,1.0,1.0,1,2
8227,-9.088829,5.105084,-0.003906,18.533541,0.441786,0.003906,3.578966,3.439182,1.0,1.0,1,2
8228,-9.048562,4.687841,0.0,18.533924,0.073631,0.0,3.578966,3.439182,1.0,1.0,1,2
8235,-9.003693,5.375064,0.0,18.533924,0.26998,0.0,3.578966,3.439182,1.0,1.0,1,2
8255,-8.950579,6.258636,-0.003906,18.534307,0.392699,0.0,3.578966,3.439182,1.0,1.0,1,2
8256,-8.889028,6.724967,0.007812,18.53565,0.441786,0.0,3.578966,3.439182,1.0,1.0,1,2
8266,-8.842433,5.227802,0.003906,18.537567,0.245437,0.0,3.578966,3.439182,1.0,1.0,1,2
8268,-8.79488,5.473239,-0.007812,18.544086,1.178096,-0.003906,3.578966,3.439182,1.0,1.0,1,2
8285,-8.733712,7.559451,-0.011719,18.557508,1.178096,0.0,3.578966,3.439182,1.0,1.0,1,2
8287,-8.669861,6.577704,0.003906,18.574766,2.67526,-0.003906,3.578966,3.439182,1.0,1.0,1,2
8301,-8.615979,6.724967,0.007812,18.593941,2.699804,0.0,3.578966,3.439182,1.0,1.0,1,2
8318,-8.551361,6.970403,0.0,18.616184,2.282562,0.0,3.578966,3.439182,1.0,1.0,1,2
8320,-8.49192,6.037744,-0.003906,18.635551,2.159843,0.0,3.578966,3.439182,1.0,1.0,1,2
8322,-8.440722,6.970403,-0.007812,18.653191,2.577086,0.0,3.578966,3.439182,1.0,1.0,1,2
8330,-8.372844,8.025781,0.0,18.672941,2.380736,-0.003906,3.578966,3.439182,1.0,1.0,1,2
8349,-8.309567,6.356811,0.011719,18.697485,3.239765,0.0,3.578966,3.439182,1.0,1.0,1,2
8351,-8.25722,5.939569,0.0,18.730848,3.853357,-0.003906,3.578966,3.439182,1.0,1.0,1,2
8361,-8.208516,6.135918,-0.003906,18.764404,4.614211,-0.007812,3.578966,3.439182,1.0,1.0,1,2
8384,-8.153869,5.718676,0.0,18.806398,5.252346,0.003906,3.578966,3.439182,1.0,1.0,1,2
8386,-8.100754,5.669589,-0.003906,18.846664,3.902444,0.003906,3.578966,3.439182,1.0,1.0,1,2
8388,-8.039587,7.338558,0.0,18.881563,3.828813,0.0,3.578966,3.439182,1.0,1.0,1,2
8391,-7.990883,5.105084,0.011719,18.910707,3.411571,0.003906,3.578966,3.439182,1.0,1.0,1,2
8415,-7.951575,4.123337,0.003906,18.944456,3.706095,0.0,3.578966,3.439182,1.0,1.0,1,2
8416,-7.916485,4.491492,-0.003906,18.974752,3.288852,0.0,3.578966,3.439182,1.0,1.0,1,2
8422,-7.86989,5.227802,-0.007812,19.000446,2.822522,0.003906,3.578966,3.439182,1.0,1.0,1,2
8440,-7.825597,4.933278,-0.003906,19.020771,2.577086,0.0,3.578966,3.439182,1.0,1.0,1,2
8442,-7.780728,5.129628,0.0,19.044548,3.239765,0.0,3.578966,3.439182,1.0,1.0,1,2
8443,-7.735476,4.933278,0.0,19.075228,3.730638,0.003906,3.578966,3.439182,1.0,1.0,1,2
8456,-7.689648,5.252346,0.003906,19.103415,3.853357,0.0,3.578966,3.439182,1.0,1.0,1,2
8485,-7.647847,3.657007,0.003906,19.133135,3.14159,0.003906,3.578966,3.439182,1.0,1.0,1,2
8487,-7.619468,3.018872,0.0,19.159405,2.626173,0.003906,3.578966,3.439182,1.0,1.0,1,2
8489,-7.593007,3.33794,-0.003906,19.180496,2.650717,0.003906,3.578966,3.439182,1.0,1.0,1,2
8490,-7.558493,4.07425,-0.007812,19.199287,2.380736,-0.003906,3.578966,3.439182,1.0,1.0,1,2
8505,-7.513815,4.786016,0.0,19.223257,3.264308,-0.007812,3.578966,3.439182,1.0,1.0,1,2
8507,-7.471247,4.295143,0.003906,19.258537,4.147881,0.0,3.578966,3.439182,1.0,1.0,1,2
8527,-7.4375,3.043416,0.003906,19.301105,5.031453,-0.003906,3.578966,3.439182,1.0,1.0,1,2
8529,-7.411231,3.166134,0.003906,19.339264,5.129628,0.0,3.578966,3.439182,1.0,1.0,1,2
8546,-7.382085,3.239765,0.0,19.377996,3.755182,0.003906,3.578966,3.439182,1.0,1.0,1,2
8548,-7.351597,2.994328,0.0,19.412703,4.025162,0.0,3.578966,3.439182,1.0,1.0,1,2
8549,-7.330697,2.135299,0.003906,19.440123,3.828813,0.0,3.578966,3.439182,1.0,1.0,1,2
8571,-7.318041,0.73631,0.0,19.470226,3.190677,0.0,3.578966,3.439182,1.0,1.0,1,2
8572,-7.307878,1.055378,-0.003906,19.497072,2.822522,0.0,3.578966,3.439182,1.0,1.0,1,2
8583,-7.297908,1.227184,0.0,19.522573,2.822522,-0.003906,3.578966,3.439182,1.0,1.0,1,2
8599,-7.289662,1.325358,-0.007812,19.544624,2.650717,0.0,3.578966,3.439182,1.0,1.0,1,2
8600,-7.273939,2.258018,-0.007812,19.572044,3.436114,-0.003906,3.578966,3.439182,1.0,1.0,1,2
8602,-7.253614,2.40528,-0.007812,19.60675,4.663298,0.0,3.578966,3.439182,1.0,1.0,1,2
8612,-7.227345,3.362483,0.0,19.647785,4.81056,0.0,3.578966,3.439182,1.0,1.0,1,2
8630,-7.188228,5.055996,-0.007812,19.687284,4.172424,0.0,3.578966,3.439182,1.0,1.0,0,2
8631,-7.147961,4.589667,0.007812,19.717964,3.632463,0.003906,3.578966,3.439182,1.0,1.0,0,2
8640,-7.114406,2.552542,0.011719,19.743851,2.650717,0.003906,3.578966,3.439182,1.0,1.0,0,2
8643,-7.096956,0.809941,0.007812,19.762451,1.963494,0.0,3.578966,3.439182,1.0,1.0,0,2
8662,-7.09408,-0.392699,0.003906,19.774723,1.079922,0.003906,3.578966,3.439182,1.0,1.0,0,0
8663,-7.096381,-0.343611,0.0,19.77779,0.539961,0.0,3.578966,3.439182,1.0,1.0,0,0
8673,-7.096381,0.098175,0.0,19.77894,0.441786,0.0,3.578966,3.439182,1.0,1.0,0,0
8693,-7.095231,0.294524,0.003906,19.781626,1.129009,0.0,3.578966,3.439182,1.0,1.0,0,0
8695,-7.092738,0.245437,0.0,19.789679,0.883572,0.003906,3.578966,3.439182,1.0,1.0,0,0
8696,-7.089862,0.368155,0.0,19.801374,1.20264,0.0,3.578966,3.439182,1.0,1.0,0,0
8705,-7.086986,0.049087,0.0,19.814413,2.012581,-0.003906,3.578966,3.439182,1.0,1.0,0,0
8724,-7.086027,0.024544,0.0,19.830137,2.012581,0.0,3.578966,3.439182,1.0,1.0,0,0
8725,-7.086218,0.0,0.0,19.846628,2.037125,-0.003906,3.578966,3.439182,1.0,1.0,0,0
8737,-7.086218,-0.319068,0.003906,19.86331,2.012581,0.0,3.578966,3.439182,1.0,1.0,0,0
8755,-7.086027,0.073631,0.003906,19.878649,0.883572,0.0,3.578966,3.439182,1.0,1.0,0,0
8758,-7.086218,-0.220893,0.0,19.886318,1.153553,0.0,3.578966,3.439182,1.0,1.0,0,0
8762,-7.08641,0.098175,0.0,19.893797,1.129009,0.0,3.578966,3.439182,1.0,1.0,0,0
8767,-7.087369,-0.024544,0.0,19.896482,0.515417,0.0,3.578966,3.439182,1.0,1.0,0,0
8786,-7.088328,-0.294524,0.0,19.897633,0.392699,0.0,3.578966,3.439182,1.0,1.0,0,0
8788,-7.089478,-0.589048,0.0,19.898783,0.294524,0.003906,3.578966,3.439182,1.0,1.0,0,0
8798,-7.090437,-0.368155,-0.003906,19.901466,0.589048,0.0,3.578966,3.439182,1.0,1.0,0,0
8819,-7.091396,-0.245437,0.003906,19.906452,1.20264,0.0,3.578966,3.439182,1.0,1.0,0,0
8821,-7.094464,-0.539961,0.003906,19.91489,1.497164,0.0,3.578966,3.439182,1.0,1.0,0,0
8822,-7.101367,-0.981747,0.0,19.925053,0.908116,0.003906,3.578966,3.439182,1.0,1.0,0,0
8830,-7.106352,-0.392699,0.0,19.931763,0.957203,-0.003906,3.578966,3.439182,1.0,1.0,0,0
8849,-7.106352,-0.196349,-0.003906,19.939817,0.981747,0.0,3.578966,3.439182,1.0,1.0,0,0
8851,-7.106352,-0.196349,-0.003906,19.945953,0.785398,0.0,3.578966,3.439182,1.0,1.0,0,0
8860,-7.10616,0.122718,0.003906,19.946337,0.098175,0.0,3.578966,3.439182,1.0,1.0,0,0
8862,-7.106352,-0.196349,0.0,19.94557,0.122718,0.0,3.578966,3.439182,1.0,1.0,0,0
8881,-7.10616,0.147262,-0.003906,19.945377,-0.098175,0.0,3.578966,3.439182,1.0,1.0,0,0
8883,-7.106352,-0.171806,0.0,19.945377,0.245437,0.0,3.578966,3.439182,1.0,1.0,0,0
8897,-7.106352,0.0,0.0,19.94557,0.294524,0.0,3.578966,3.439182,1.0,1.0,0,0
8911,-7.106352,0.0,0.0,19.944994,0.024544,0.0,3.578966,3.439182,1.0,1.0,0,0
8913,-7.10616,-0.147262,0.003906,19.944035,0.0,0.0,3.578966,3.439182,1.0,1.0,0,0
8915,-7.10501,0.392699,0.0,19.944035,0.294524,0.0,3.578966,3.439182,1.0,1.0,0,0
8929,-7.105202,-0.245437,-0.003906,19.944035,0.589048,0.0,3.578966,3.439182,1.0,1.0,0,0
8942,-7.105393,0.049087,0.0,19.943844,-0.122718,0.0,3.578966,3.439182,1.0,1.0,0,0
8943,-7.105968,-0.245437,-0.007812,19.944035,0.024544,0.0,3.578966,3.439182,1.0,1.0,0,0
8953,-7.10616,0.0,0.0,19.944994,0.539961,0.0,3.578966,3.439182,1.0,1.0,0,0
8973,-7.10616,-0.147262,0.003906,19.944611,0.0,0.0,3.578966,3.439182,1.0,1.0,0,0
8975,-7.106544,-0.245437,-0.003906,19.944035,0.024544,0.0,3.578966,3.439182,1.0,1.0,0,0
8976,-7.106736,0.171806,0.0,19.944035,0.0,0.0,3.578966,3.439182,1.0,1.0,0,0
8985,-7.107886,-0.245437,0.0,19.944035,0.245437,0.0,3.578966,3.439182,1.0,1.0,0,0
9005,-7.108845,-0.147262,0.0,19.942118,-0.098175,0.0,3.578966,3.439182,1.0,1.0,0,0
9007,-7.10942,-0.196349,0.0,19.939817,0.073631,-0.003906,3.578966,3.439182,1.0,1.0,0,0
9018,-7.110187,-0.343611,0.003906,19.939817,0.294524,0.003906,3.578966,3.439182,1.0,1.0,0,0
9037,-7.111913,-0.441786,0.003906,19.939434,0.098175,0.003906,3.578966,3.439182,1.0,1.0,2,0
9038,-7.114406,-0.687223,0.0,19.938091,0.171806,0.0,3.578966,3.439182,1.0,1.0,2,0
9039,-7.122842,-1.644426,0.003906,19.935022,-0.589048,0.0,3.578966,3.439182,1.0,1.0,2,0
9047,-7.144701,-3.264308,0.007812,19.926586,-1.644426,0.003906,3.578966,3.439182,1.0,1.0,2,0
9067,-7.179024,-4.049706,0.0,19.907028,-2.110756,0.0,3.578966,3.439182,1.0,1.0,2,1
9068,-7.209129,-3.264308,-0.003906,19.874432,-4.565123,0.007812,3.578966,3.439182,1.0,1.0,2,1
9079,-7.22907,-2.086212,0.0,19.827644,-5.350521,0.007812,3.578966,3.439182,1.0,1.0,2,1
9099,-7.248629,-2.527998,0.0,19.776257,-5.325977,0.0,3.578966,3.439182,1.0,1.0,2,1
9100,-7.27183,-2.773435,0.0,19.725826,-5.473239,0.0,3.578966,3.439182,1.0,1.0,2,1
9101,-7.300017,-3.460658,0.003906,19.674629,-5.571414,0.0,3.578966,3.439182,1.0,1.0,2,1
9111,-7.335299,-4.638754,0.011719,19.63283,-5.129628,-0.003906,3.578966,3.439182,1.0,1.0,2,1
9141,-7.379209,-5.841394,0.003906,19.593328,-4.540579,0.0,3.578966,3.439182,1.0,1.0,2,1
9143,-7.429638,-6.553161,0.0,19.557472,-3.853357,0.0,3.578966,3.439182,1.0,1.0,2,1
9145,-7.493107,-7.976694,0.0,19.51759,-5.129628,0.0,3.578966,3.439182,1.0,1.0,2,1
9161,-7.560027,-6.626791,-0.007812,19.475405,-4.761473,0.0,3.578966,3.439182,1.0,1.0,2,1
9163,-7.621002,-7.363102,0.007812,19.435904,-3.976075,0.0,3.578966,3.439182,1.0,1.0,2,1
9164,-7.689456,-8.467567,0.003906,19.398514,-4.147881,0.0,3.578966,3.439182,1.0,1.0,2,1
9172,-7.761169,-8.123956,-0.007812,19.361891,-3.926988,0.0,3.578966,3.439182,1.0,1.0,2,1
9195,-7.835567,-7.95215,-0.003906,19.326799,-3.313396,0.0,3.578966,3.439182,1.0,1.0,2,1
9197,-7.902679,-7.853975,0.003906,19.297655,-3.067959,0.0,3.578966,3.439182,1.0,1.0,2,1
9203,-7.95982,-7.731257,0.003906,19.274261,-2.454367,0.0,3.578966,3.439182,1.0,1.0,2,1
9224,-8.036136,-9.768382,-0.003906,19.247992,-2.822522,0.003906,3.578966,3.439182,1.0,1.0,2,1
9226,-8.111492,-8.393936,-0.007812,19.213285,-4.025162,0.0,3.578966,3.439182,1.0,1.0,2,1
9227,-8.186082,-8.884809,0.003906,19.170334,-5.375064,0.0,3.578966,3.439182,1.0,1.0,2,1
9235,-8.263931,-9.056615,0.007812,19.123165,-4.933278,0.0,3.578966,3.439182,1.0,1.0,2,1
9256,-8.343699,-9.940187,0.003906,19.081938,-3.853357,0.003906,3.578966,3.439182,1.0,1.0,2,1
9257,-8.426533,-9.032072,-0.007812,19.043589,-3.8779,0.0,3.578966,3.439182,1.0,1.0,2,1
9267,-8.498247,-8.099412,0.003906,19.006582,-3.976075,0.003906,3.578966,3.439182,1.0,1.0,2,1
9268,-8.563633,-8.639373,0.007812,18.969191,-4.417861,0.0,3.578966,3.439182,1.0,1.0,2,1
9286,-8.635921,-8.565742,-0.003906,18.935827,-3.951531,-0.007812,3.578966,3.439182,1.0,1.0,2,1
9287,-8.70706,-7.903063,-0.007812,18.901888,-3.976075,0.0,3.578966,3.439182,1.0,1.0,2,1
9297,-8.775897,-6.945859,-0.007812,18.866222,-4.196968,0.0,3.578966,3.439182,1.0,1.0,2,1
9330,-8.831696,-6.209549,0.007812,18.827106,-4.638754,0.003906,3.578966,3.439182,1.0,1.0,2,1
9332,-8.893822,-7.780344,0.003906,18.788757,-4.147881,0.0,3.578966,3.439182,1.0,1.0,2,1
9333,-8.956715,-6.111374,-0.007812,18.755775,-3.60792,0.0,3.578966,3.439182,1.0,1.0,2,1
9334,-9.008103,-5.595957,-0.007812,18.725288,-3.33794,0.0,3.578966,3.439182,1.0,1.0,2,1
9350,-9.05604,-6.135918,0.0,18.691349,-3.706095,0.0,3.578966,3.439182,1.0,1.0,2,1
9352,-9.100333,-4.982366,0.0,18.651274,-4.516036,0.003906,3.578966,3.439182,1.0,1.0,2,1
9362,-9.133314,-3.976075,0.003906,18.608706,-5.227802,0.0,3.578966,3.439182,1.0,1.0,2,1
9379,-9.173581,-5.620501,0.007812,18.555975,-5.865938,0.0,3.578966,3.439182,1.0,1.0,2,1
9380,-9.226312,-6.307724,0.0,18.500561,-6.258636,0.0,3.578966,3.439182,1.0,1.0,2,1
9390,-9.28096,-5.620501,-0.007812,18.443804,-5.964112,0.0,3.578966,3.439182,1.0,1.0,2,1
9392,-9.319309,-3.828813,-0.007812,18.390881,-5.301434,-0.003906,3.578966,3.439182,1.0,1.0,2,1
9412,-9.349606,-3.779726,0.0,18.341026,-5.424152,0.007812,3.578966,3.439182,1.0,1.0,2,1
9414,-9.381435,-4.221512,0.003906,18.287146,-6.037744,0.0,3.578966,3.439182,1.0,1.0,2,1
9433,-9.418251,-4.614211,0.003906,18.230005,-6.0132,-0.007812,3.578966,3.439182,1.0,1.0,2,1
9435,-9.460435,-4.589667,0.0,18.176125,-5.718676,0.0,3.578966,3.439182,1.0,1.0,2,1
9452,-9.499168,-4.859647,0.003906,18.124544,-5.669589,0.0,3.578966,3.439182,1.0,1.0,2,1
9454,-9.536751,-5.055996,0.003906,18.083509,-5.006909,0.0,3.578966,3.439182,1.0,1.0,2,1
9456,-9.58488,-5.424152,-0.007812,18.043818,-3.558833,-0.003906,3.578966,3.439182,1.0,1.0,2,1
9476,-9.630323,-4.835104,-0.011719,18.007002,-3.902444,-0.003906,3.578966,3.439182,1.0,1.0,2,1
9478,-9.659661,-2.233474,0.0,17.970762,-4.07425,0.0,3.578966,3.439182,1.0,1.0,2,1
9486,-9.680753,-2.454367,0.0,17.934523,-3.534289,-0.003906,3.578966,3.439182,1.0,1.0,2,1
9517,-9.706831,-3.632463,0.003906,17.904034,-3.018872,0.0,3.578966,3.439182,1.0,1.0,2,1
9518,-9.739619,-4.123337,0.007812,17.88064,-1.889863,0.0,3.578966,3.439182,1.0,1.0,2,1
9520,-9.779886,-5.055996,0.003906,17.865877,-1.104465,-0.007812,3.578966,3.439182,1.0,1.0,2,0
9522,-9.817277,-3.779726,-0.003906,17.858589,-0.687223,0.0,3.578966,3.439182,1.0,1.0,2,0
9538,-9.842012,-2.601629,-0.007812,17.851686,-0.294524,0.0,3.578966,3.439182,1.0,1.0,2,0
9539,-9.86138,-2.061668,0.0,17.847469,-0.122718,0.0,3.578966,3.439182,1.0,1.0,0,0
9547,-9.878445,-2.012581,-0.003906,17.847086,-0.073631,0.0,3.578966,3.439182,1.0,1.0,0,0
9567,-9.892059,-1.693513,0.0,17.847277,0.441786,0.0,3.578966,3.439182,1.0,1.0,0,0
9568,-9.902797,-0.883572,-0.007812,17.847469,0.319068,0.0,3.578966,3.439182,1.0,1.0,0,0
9588,-9.910275,-0.687223,0.0,17.848427,0.589048,0.0,3.578966,3.439182,1.0,1.0,0,0
9590,-9.919478,-1.570795,0.0,17.849194,0.319068,0.0,3.578966,3.439182,1.0,1.0,0,0
9592,-9.928682,-0.883572,-0.007812,17.84977,0.392699,0.0,3.578966,3.439182,1.0,1.0,0,0
9612,-9.93271,-0.441786,-0.003906,17.84977,0.147262,0.0,3.578966,3.439182,1.0,1.0,0,0
9614,-9.934818,-0.024544,0.0,17.850153,0.073631,-0.003906,3.578966,3.439182,1.0,1.0,0,0
9629,-9.935586,-0.073631,0.0,17.850729,0.26998,0.0,3.578966,3.439182,1.0,1.0,0,0
9630,-9.936544,-0.122718,0.0,17.85092,0.171806,0.0,3.578966,3.439182,1.0,1.0,0,0
9632,-9.938654,-0.73631,0.0,17.851496,0.613592,0.0,3.578966,3.439182,1.0,1.0,0,0
9642,-9.941529,-0.392699,0.0,17.851686,0.26998,0.0,3.578966,3.439182,1.0,1.0,0,0
9662,-9.946898,-0.490873,0.007812,17.852646,0.441786,0.0,3.578966,3.439182,1.0,1.0,0,0
9663,-9.952076,-0.589048,0.0,17.853989,0.368155,0.0,3.578966,3.439182,1.0,1.0,0,0
9672,-9.956102,-0.859029,-0.003906,17.85533,0.147262,0.003906,3.578966,3.439182,1.0,1.0,0,0
9695,-9.960513,-0.564505,0.0,17.857248,0.245437,0.0,3.578966,3.439182,1.0,1.0,0,0
9697,-9.967607,-1.104465,0.0,17.860891,0.760854,0.0,3.578966,3.439182,1.0,1.0,0,0
9698,-9.97662,-0.638135,0.0,17.870094,1.791688,0.0,3.578966,3.439182,1.0,1.0,0,0
9714,-9.981796,-0.564505,0.0,17.890804,3.190677,0.0,3.578966,3.439182,1.0,1.0,0,0
9727,-9.983906,-0.417242,0.0,17.919374,3.264308,0.0,3.578966,3.439182,1.0,1.0,0,0
9729,-9.984289,-0.417242,0.0,17.945642,3.558833,0.0,3.578966,3.439182,1.0,1.0,0,0
9737,-9.984481,-0.294524,0.0,17.965969,1.423533,0.003906,3.578966,3.439182,1.0,1.0,0,0
9767,-9.984097,-0.220893,0.0,17.973446,0.392699,0.0,3.578966,3.439182,1.0,1.0,0,0
9768,-9.983331,0.0,0.0,17.972872,-0.049087,0.0,3.578966,3.439182,1.0,1.0,0,0
9769,-9.981796,0.392699,-0.007812,17.973255,0.589048,0.0,3.578966,3.439182,1.0,1.0,0,0
9771,-9.977578,0.73631,-0.003906,17.975748,0.687223,-0.003906,3.578966,3.439182,1.0,1.0,0,0
9787,-9.971251,0.613592,0.0,17.979198,0.662679,0.0,3.578966,3.439182,1.0,1.0,0,0
9789,-9.967799,0.245437,0.0,17.981884,0.490873,0.0,3.578966,3.439182,1.0,1.0,0,0
9796,-9.967799,0.049087,0.0,17.986101,1.055378,-0.003906,3.578966,3.439182,1.0,1.0,0,0
9798,-9.966265,0.098175,0.0,18.002785,2.650717,-0.003906,3.578966,3.439182,1.0,1.0,0,0
9817,-9.964348,0.122718,-0.007812,18.038448,4.663298,-0.003906,3.578966,3.439182,1.0,1.0,0,2
9819,-9.958979,0.687223,0.0,18.094248,7.363102,-0.003906,3.578966,3.439182,1.0,1.0,0,2
9829,-9.94709,1.570795,-0.007812,18.162317,8.050324,-0.003906,3.578966,3.439182,1.0,1.0,1,2
9849,-9.935586,1.546251,0.0,18.229429,9.179334,-0.003906,3.578966,3.439182,1.0,1.0,1,2
9851,-9.917562,2.012581,0.0,18.309772,8.590285,0.003906,3.578966,3.439182,1.0,1.0,1,2
9852,-9.898962,2.331649,-0.007812,18.380335,7.314014,0.003906,3.578966,3.439182,1.0,1.0,1,2
9862,-9.868091,3.853357,-0.003906,18.445337,7.657626,-0.007812,3.578966,3.439182,1.0,1.0,1,2
9880,-9.831658,4.196968,0.003906,18.507654,6.74951,0.0,3.578966,3.439182,1.0,1.0,1,2
9881,-9.791583,5.424152,0.003906,18.559811,6.28318,0.003906,3.578966,3.439182,1.0,1.0,1,2
9901,-9.750358,4.221512,0.0,18.611582,4.982366,0.003906,3.578966,3.439182,1.0,1.0,1,2
9903,-9.717952,3.264308,-0.003906,18.651657,3.583376,0.003906,3.578966,3.439182,1.0,1.0,1,2
9925,-9.685163,4.270599,-0.011719,18.679653,3.264308,0.003906,3.578966,3.439182,1.0,1.0,1,2
9926,-9.630515,6.724967,-0.011719,18.70784,3.436114,0.0,3.578966,3.439182,1.0,1.0,1,2
9927,-9.558993,7.731257,0.007812,18.738136,3.313396,0.0,3.578966,3.439182,1.0,1.0,1,2
9943,-9.498977,6.037744,0.0,18.777443,5.129628,-0.003906,3.578966,3.439182,1.0,1.0,1,2
9945,-9.451615,6.381355,0.0,18.817135,5.105084,0.0,3.578966,3.439182,1.0,1.0,1,2
9953,-9.396584,5.571414,-0.003906,18.860853,4.761473,0.003906,3.578966,3.439182,1.0,1.0,1,2
9975,-9.341743,5.816851,0.0,18.900928,4.663298,0.0,3.578966,3.439182,1.0,1.0,1,2
9976,-9.286904,7.559451,0.0,18.936211,4.835104,0.0,3.578966,3.439182,1.0,1.0,1,2
9978,-9.218451,7.044034,0.003906,18.977053,4.81056,0.0,3.578966,3.439182,1.0,1.0,1,2
9985,-9.163227,5.743219,0.0,19.015211,4.196968,0.0,3.578966,3.439182,1.0,1.0,1,2
10005,-9.118933,5.939569,-0.003906,19.043015,3.14159,0.0,3.578966,3.439182,1.0,1.0,1,2
10006,-9.059875,6.258636,0.0,19.071968,3.092503,0.0,3.578966,3.439182,1.0,1.0,1,2
10017,-9.007144,5.522326,0.003906,19.097662,2.87161,0.0,3.578966,3.439182,1.0,1.0,1,2
10018,-8.958057,5.939569,0.0,19.122206,2.527998,0.0,3.578966,3.439182,1.0,1.0,1,2
10035,-8.912038,5.571414,0.003906,19.14023,2.012581,0.003906,3.578966,3.439182,1.0,1.0,1,2
10037,-8.870045,4.049706,0.007812,19.155762,1.570795,0.003906,3.578966,3.439182,1.0,1.0,1,2
10055,-8.843201,2.626173,0.003906,19.163815,0.908116,0.0,3.578966,3.439182,1.0,1.0,1,2
10067,-8.822683,2.699804,-0.003906,19.1688,0.441786,0.0,3.578966,3.439182,1.0,1.0,1,2
10069,-8.796798,3.583376,-0.007812,19.171484,0.392699,0.0,3.578966,3.439182,1.0,1.0,1,2
10070,-8.758064,5.252346,-0.011719,19.171293,0.245437,0.0,3.578966,3.439182,1.0,1.0,1,2
10079,-8.708018,5.350521,0.0,19.171293,0.147262,0.0,3.578966,3.439182,1.0,1.0,1,2
10100,-8.666218,5.031453,0.003906,19.171101,0.049087,0.0,3.578966,3.439182,1.0,1.0,1,2
10101,-8.623075,4.147881,0.003906,19.171101,0.245437,0.0,3.578966,3.439182,1.0,1.0,1,2
10110,-8.579356,4.614211,0.0,19.171484,0.26998,0.0,3.578966,3.439182,1.0,1.0,1,2
10131,-8.543691,3.853357,0.007812,19.173019,0.049087,0.0,3.578966,3.439182,1.0,1.0,1,2
10132,-8.51838,1.767144,0.003906,19.17647,0.859029,0.0,3.578966,3.439182,1.0,1.0,1,2
10134,-8.500164,2.110756,-0.003906,19.178387,0.196349,0.0,3.578966,3.439182,1.0,1.0,1,2
10157,-8.479839,2.527998,-0.007812,19.179729,0.46633,0.0,3.578966,3.439182,1.0,1.0,1,2
10158,-8.447433,4.147881,-0.007812,19.181263,0.343611,0.0,3.578966,3.439182,1.0,1.0,1,2
10173,-8.403523,5.473239,-0.007812,19.184523,0.711766,0.0,3.578966,3.439182,1.0,1.0,1,2
10174,-8.354819,4.589667,0.003906,19.191618,1.325358,0.0,3.578966,3.439182,1.0,1.0,1,2
10176,-8.320497,3.755182,0.003906,19.204657,1.791688,-0.003906,3.578966,3.439182,1.0,1.0,1,2
10194,-8.292501,2.135299,0.007812,19.227283,3.509745,0.0,3.578966,3.439182,1.0,1.0,1,2
10195,-8.27371,1.889863,0.003906,19.258537,3.951531,0.0,3.578966,3.439182,1.0,1.0,1,2
10203,-8.253961,2.601629,-0.003906,19.298422,5.767763,-0.003906,3.578966,3.439182,1.0,1.0,1,2
10229,-8.231335,2.822522,0.0,19.34425,6.28318,-0.007812,3.578966,3.439182,1.0,1.0,1,2
10231,-8.207174,2.086212,0.0,19.40369,7.093122,0.0,3.578966,3.439182,1.0,1.0,1,2
10232,-8.191068,1.178096,0.007812,19.460447,6.160462,0.003906,3.578966,3.439182,1.0,1.0,1,2
10238,-8.185315,0.245437,0.0,19.508961,5.08054,0.003906,3.578966,3.439182,1.0,1.0,1,2
10255,-8.182055,0.122718,0.0,19.54635,3.706095,0.003906,3.578966,3.439182,1.0,1.0,1,2
10257,-8.180904,-0.343611,0.0,19.573963,3.8779,0.0,3.578966,3.439182,1.0,1.0,1,2
10269,-8.181288,-0.539961,0.007812,19.608477,4.07425,0.0,3.578966,3.439182,1.0,1.0,1,2
10285,-8.181096,-0.220893,0.0,19.646059,5.154171,0.0,3.578966,3.439182,1.0,1.0,1,2
10286,-8.181096,-0.049087,0.0,19.689587,5.129628,0.0,3.578966,3.439182,1.0,1.0,1,2
10288,-8.181096,0.0,0.0,19.729469,3.951531,0.0,3.578966,3.439182,1.0,1.0,1,2
10299,-8.181096,0.0,0.0,19.766478,3.902444,0.0,3.578966,3.439182,1.0,1.0,1,2
10317,-8.181479,-0.613592,0.0,19.797541,4.295143,0.003906,3.578966,3.439182,1.0,1.0,1,2
10319,-8.181479,-0.417242,-0.003906,19.831671,4.000618,0.003906,3.578966,3.439182,1.0,1.0,1,2
10330,-8.181288,-0.171806,0.0,19.865419,4.123337,0.0,3.578966,3.439182,1.0,1.0,1,2
10349,-8.181288,-0.392699,0.0,19.897249,3.926988,0.0,3.578966,3.439182,1.0,1.0,1,2
10350,-8.181672,-0.245437,0.0,19.927353,4.07425,0.0,3.578966,3.439182,1.0,1.0,1,2
10351,-8.181479,0.0,0.0,19.965702,4.34423,0.0,3.578966,3.439182,1.0,1.0,1,2
10371,-8.181479,0.0,0.007812,20.00923,5.031453,0.0,3.578966,3.439182,1.0,1.0,1,2
10373,-8.181479,-0.024544,0.0,20.053522,4.835104,0.003906,3.578966,3.439182,1.0,1.0,1,2
10391,-8.181479,-0.147262,0.0,20.088804,4.81056,-0.003906,3.578966,3.439182,1.0,1.0,1,2
10392,-8.181479,-0.245437,-0.003906,20.129072,5.031453,0.003906,3.578966,3.439182,1.0,1.0,1,2
10394,-8.181479,-0.122718,-0.019531,20.176434,5.988656,0.0,3.578966,3.439182,1.0,1.0,1,2
10411,-8.181479,-0.392699,0.0,20.230314,6.258636,-0.003906,3.578966,3.439182,1.0,1.0,1,2
10413,-8.181479,-0.613592,-0.007812,20.288031,6.405899,0.0,3.578966,3.439182,1.0,1.0,1,2
10424,-8.180713,0.122718,0.0,20.34939,6.602248,0.0,3.578966,3.439182,1.0,1.0,1,2
10443,-8.180521,-0.417242,0.0,20.404804,6.970403,0.003906,3.578966,3.439182,1.0,1.0,1,2
10445,-8.17822,0.319068,0.0,20.461754,6.479529,-0.003906,3.578966,3.439182,1.0,1.0,1,2
10452,-8.173235,0.46633,-0.003906,20.519854,7.166752,-0.003906,3.578966,3.439182,1.0,1.0,1,2
10454,-8.168249,0.343611,0.003906,20.581787,7.436733,0.0,3.578966,3.439182,1.0,1.0,1,2
10476,-8.165373,0.638135,0.0,20.637585,7.48582,0.0,3.578966,3.439182,1.0,1.0,1,2
10478,-8.160005,0.441786,-0.011719,20.698561,6.823141,0.003906,3.578966,3.439182,1.0,1.0,1,2
10485,-8.146582,1.693513,-0.007812,20.752827,5.915025,0.003906,3.578966,3.439182,1.0,1.0,1,2
10507,-8.12875,2.110756,0.0,20.79501,4.663298,0.0,3.578966,3.439182,1.0,1.0,1,2
10509,-8.113793,1.767144,0.003906,20.827991,3.828813,0.0,3.578966,3.439182,1.0,1.0,1,2
10510,-8.097687,1.767144,0.0,20.864807,4.466949,0.0,3.578966,3.439182,1.0,1.0,1,2
10515,-8.075252,2.822522,0.0,20.899704,3.853357,0.0,3.578966,3.439182,1.0,1.0,1,2
10540,-8.048599,3.33794,0.0,20.925398,2.994328,0.003906,3.578966,3.439182,1.0,1.0,1,2
10541,-8.024055,2.037125,0.011719,20.941313,1.374446,0.007812,3.578966,3.439182,1.0,1.0,1,2
10555,-8.020221,-0.760854,0.003906,20.941889,-0.171806,0.003906,3.578966,3.439182,1.0,1.0,1,2
10579,-8.029616,-1.104465,0.0,20.938053,-0.245437,0.0,3.578966,3.439182,1.0,1.0,1,0
10580,-8.034026,-0.392699,-0.003906,20.938629,0.490873,0.0,3.578966,3.439182,1.0,1.0,1,0
10582,-8.033451,0.147262,-0.003906,20.938246,0.343611,0.0,3.578966,3.439182,1.0,1.0,0,0
10584,-8.033259,-0.441786,0.0,20.938246,0.245437,0.0,3.578966,3.439182,1.0,1.0,0,0
10599,-8.033451,-0.196349,0.0,20.938246,0.0,0.0,3.578966,3.439182,1.0,1.0,0,0
10600,-8.034026,-0.196349,-0.003906,20.938437,0.220893,0.0,3.578966,3.439182,1.0,1.0,0,0
10608,-8.034985,-0.024544,0.0,20.939013,0.245437,0.0,3.578966,3.439182,1.0,1.0,0,0
10610,-8.037286,-0.245437,0.0,20.939396,-0.245437,0.0,3.578966,3.439182,1.0,1.0,0,0
10632,-8.04208,-1.129009,0.003906,20.939972,0.294524,-0.003906,3.578966,3.439182,1.0,1.0,0,0
10634,-8.048599,-0.73631,0.0,20.940163,0.196349,0.003906,3.578966,3.439182,1.0,1.0,0,0
10651,-8.052817,-0.638135,0.0,20.940355,0.46633,0.0,3.578966,3.439182,1.0,1.0,0,0
10653,-8.052051,-0.073631,0.0,20.940546,0.539961,0.0,3.578966,3.439182,1.0,1.0,0,0
10673,-8.051476,-0.343611,0.0,20.940355,-0.024544,0.0,3.578966,3.439182,1.0,1.0,0,0
10674,-8.051091,-0.220893,0.0,20.940546,0.196349,0.0,3.574939,3.439182,1.0,1.0,0,0
10676,-8.050324,0.196349,0.0,20.940929,0.392699,0.0,3.574939,3.439182,1.0,1.0,0,0
10693,-8.048216,0.049087,0.0,20.941122,0.122718,0.0,3.574939,3.439182,1.0,1.0,0,0
10695,-8.045723,0.196349,0.003906,20.941122,-0.049087,0.0,3.574939,3.439182,1.0,1.0,0,0
10715,-8.044572,-0.343611,0.0,20.941313,0.245437,0.0,3.574939,3.439182,1.0,1.0,0,0
10717,-8.043038,0.196349,0.0,20.941505,0.417242,0.0,3.574939,3.439182,1.0,1.0,0,0
10737,-8.041504,-0.049087,0.0,20.941889,0.245437,0.0,3.574939,3.439182,1.0,1.0,0,0
10738,-8.039012,0.294524,0.003906,20.942081,0.196349,0.0,3.574939,3.439182,1.0,1.0,0,0
10739,-8.034985,0.392699,-0.003906,20.942272,0.245437,0.0,3.574939,3.439182,1.0,1.0,0,0
10758,-8.027315,0.687223,0.003906,20.942465,0.319068,-0.003906,3.574939,3.439182,1.0,1.0,0,0
10759,-8.021754,0.098175,0.003906,20.942465,0.417242,0.0,3.574939,3.439182,1.0,1.0,0,0
10768,-8.020988,-0.073631,0.0,20.942272,0.171806,0.0,3.574939,3.439182,1.0,1.0,0,0
10787,-8.021371,-0.368155,0.003906,20.942081,-0.196349,0.0,3.574939,3.439182,1.0,1.0,0,0
10788,-8.021179,-0.073631,0.0,20.941889,0.368155,0.0,3.574939,3.439182,1.0,1.0,0,0
10790,-8.021179,0.0,0.0,20.940929,0.024544,0.0,3.574939,3.439182,1.0,1.0,0,0
10797,-8.021371,-0.319068,-0.003906,20.940546,0.024544,0.0,3.574939,3.439182,1.0,1.0,0,0
10818,-8.021371,-0.368155,0.0,20.940739,0.515417,0.0,3.574939,3.439182,1.0,1.0,0,0
10819,-8.021563,-0.245437,0.0,20.939589,-0.171806,-0.003906,3.574939,3.439182,1.0,1.0,0,0
10833,-8.022138,-0.613592,0.0,20.937479,-0.46633,0.0,3.574939,3.439182,1.0,1.0,0,0
10857,-8.022904,-0.343611,0.0,20.936136,0.147262,0.0,3.574939,3.439182,1.0,1.0,0,0
10858,-8.024631,-0.368155,0.0,20.935177,-0.098175,0.0,3.574939,3.439182,1.0,1.0,0,0
10860,-8.024822,0.343611,0.0,20.934603,-0.171806,0.0,3.574939,3.439182,1.0,1.0,0,0
10868,-8.025206,0.0,0.0,20.925207,-1.644426,0.007812,3.574939,3.439182,1.0,1.0,0,0
10892,-8.026357,-0.441786,0.003906,20.90143,-3.387027,0.0,3.574939,3.439182,1.0,1.0,0,1
10894,-8.028082,-0.343611,0.0,20.868641,-4.123337,0.0,3.574939,3.439182,1.0,1.0,0,1
10895,-8.030766,-0.981747,0.003906,20.827032,-4.663298,0.0,3.574939,3.439182,1.0,1.0,0,1
10896,-8.041121,-1.619882,0.003906,20.78063,-5.595957,0.003906,3.574939,3.439182,1.0,1.0,0,1
10912,-8.061638,-2.331649,0.0,20.720804,-7.657626,0.003906,3.574939,3.439182,1.0,1.0,0,1
10914,-8.078511,-1.816232,0.0,20.648899,-8.320305,0.003906,3.574939,3.439182,1.0,1.0,0,1
10923,-8.088866,-0.883572,0.0,20.571241,-9.252965,0.003906,3.574939,3.439182,1.0,1.0,0,1
10942,-8.097494,-1.20264,0.0,20.491665,-8.516654,0.003906,3.574939,3.439182,1.0,1.0,2,1
10945,-8.10574,-1.079922,0.0,20.422253,-8.590285,0.003906,3.574939,3.439182,1.0,1.0,2,1
10954,-8.11571,-1.374446,0.0,20.334433,-9.8911,0.0,3.574939,3.439182,1.0,1.0,2,1
10956,-8.133735,-1.791688,0.0,20.234724,-10.16108,0.003906,3.574939,3.439182,1.0,1.0,2,1
10976,-8.151184,-2.307105,0.003906,20.15419,-9.940187,0.003906,3.574939,3.439182,1.0,1.0,2,1
10978,-8.17592,-3.190677,0.003906,20.061001,-10.82376,0.003906,3.574939,3.439182,1.0,1.0,2,1
10997,-8.208133,-3.779726,0.0,19.963018,-10.480148,0.0,3.574939,3.439182,1.0,1.0,2,1
10999,-8.242455,-3.853357,0.003906,19.871172,-10.087449,0.0,3.574939,3.439182,1.0,1.0,2,1
11018,-8.274861,-3.755182,0.0,19.780283,-9.768382,0.0,3.574939,3.439182,1.0,1.0,2,1
11021,-8.312444,-5.252346,0.0,19.691313,-10.038363,-0.007812,3.574939,3.439182,1.0,1.0,2,1
11026,-8.356737,-5.105084,0.0,19.607519,-9.203877,-0.003906,3.574939,3.439182,1.0,1.0,2,1
11042,-8.401797,-4.172424,-0.007812,19.529093,-8.884809,0.0,3.574939,3.439182,1.0,1.0,2,1
11046,-8.430177,-2.40528,-0.003906,19.447409,-8.909353,0.0,3.574939,3.439182,1.0,1.0,2,1
11048,-8.438996,-0.809941,-0.007812,19.37608,-8.344849,0.0,3.574939,3.439182,1.0,1.0,2,1
11067,-8.441681,0.024544,0.0,19.299572,-8.320305,0.0,3.574939,3.439182,1.0,1.0,2,1
11069,-8.441106,-0.098175,0.0,19.23131,-7.48582,0.003906,3.574939,3.439182,1.0,1.0,2,1
11078,-8.440914,0.294524,0.0,19.160938,-7.633082,0.0,3.574939,3.439182,1.0,1.0,2,1
11081,-8.441106,0.024544,0.0,19.084431,-8.197587,0.0,3.574939,3.439182,1.0,1.0,2,1
11101,-8.441489,-0.196349,0.0,19.008499,-8.443024,0.003906,3.574939,3.439182,1.0,1.0,2,1
11102,-8.441873,-0.245437,0.003906,18.938704,-8.492111,0.003906,3.574939,3.439182,1.0,1.0,2,1
11111,-8.442064,0.122718,0.0,18.861046,-8.443024,-0.003906,3.574939,3.439182,1.0,1.0,2,1
11130,-8.443215,0.147262,0.0,18.782812,-8.467567,-0.007812,3.574939,3.439182,1.0,1.0,2,1
11132,-8.449735,-1.349902,0.0,18.706688,-7.829432,0.003906,3.574939,3.439182,1.0,1.0,2,1
11133,-8.465266,-1.865319,0.007812,18.636126,-7.853975,0.003906,3.574939,3.439182,1.0,1.0,2,1
11152,-8.492878,-3.460658,0.007812,18.561344,-8.295761,0.0,3.574939,3.439182,1.0,1.0,2,1
11162,-8.529694,-4.835104,0.007812,18.484837,-8.050324,0.0,3.574939,3.439182,1.0,1.0,2,1
11163,-8.570919,-5.497783,0.0,18.417534,-7.878519,-0.003906,3.574939,3.439182,1.0,1.0,2,1
11173,-8.613104,-4.172424,-0.003906,18.349079,-6.896772,0.0,3.574939,3.439182,1.0,1.0,2,1
11194,-8.650878,-4.516036,0.0,18.28101,-7.48582,0.0,3.574939,3.439182,1.0,1.0,2,1
11195,-8.689035,-4.319686,0.0,18.217924,-6.185006,-0.011719,3.574939,3.439182,1.0,1.0,2,1
11196,-8.727576,-4.466949,-0.003906,18.16692,-4.638754,-0.007812,3.574939,3.439182,1.0,1.0,2,1
11205,-8.75979,-2.920697,0.0,18.123777,-4.466949,0.0,3.574939,3.439182,1.0,1.0,2,1
11224,-8.778965,-1.595339,-0.011719,18.086962,-3.706095,0.0,3.574939,3.439182,1.0,1.0,2,1
11225,-8.79047,-1.423533,0.003906,18.055323,-3.092503,0.003906,3.574939,3.439182,1.0,1.0,2,1
11235,-8.80907,-2.67526,0.003906,18.0233,-4.025162,0.0,3.574939,3.439182,1.0,1.0,2,1
11255,-8.838407,-4.172424,0.007812,17.987827,-4.147881,0.0,3.574939,3.439182,1.0,1.0,2,1
11256,-8.878865,-5.743219,0.011719,17.948902,-4.786016,0.0,3.574939,3.439182,1.0,1.0,2,1
11258,-8.932747,-5.718676,-0.003906,17.910362,-4.147881,0.0,3.574939,3.439182,1.0,1.0,2,1
11270,-8.97704,-5.055996,-0.007812,17.878723,-2.773435,0.0,3.574939,3.439182,1.0,1.0,2,1
11288,-9.015389,-4.466949,0.0,17.862232,-1.055378,0.0,3.574939,3.439182,1.0,1.0,2,0
11290,-9.052013,-4.466949,0.0,17.85533,-0.343611,0.0,3.574939,3.439182,1.0,1.0,2,0
11299,-9.08787,-4.098794,0.0,17.852837,0.0,-0.003906,3.574939,3.439182,1.0,1.0,2,0
11318,-9.119509,-3.239765,-0.003906,17.853222,0.319068,0.0,3.574939,3.439182,1.0,1.0,2,0
11318,-9.151339,-4.123337,0.0,17.853029,-0.122718,0.0,3.574939,3.439182,1.0,1.0,2,0
11320,-9.185278,-4.884191,0.007812,17.853413,0.26998,0.0,3.574939,3.439182,1.0,1.0,2,0
11330,-9.235132,-6.111374,0.003906,17.853413,0.245437,0.0,3.574939,3.439182,1.0,1.0,2,0
11351,-9.284795,-5.178715,-0.007812,17.853605,0.171806,0.0,3.574939,3.439182,1.0,1.0,2,0
11353,-9.320076,-3.60792,0.0,17.853796,0.26998,0.0,3.574939,3.439182,1.0,1.0,2,0
11360,-9.35229,-3.681551,0.0,17.853989,0.0,0.007812,3.574939,3.439182,1.0,1.0,2,0
11379,-9.38412,-4.319686,0.007812,17.853989,0.0,0.003906,3.574939,3.439182,1.0,1.0,2,0
11381,-9.428797,-6.0132,0.011719,17.854179,0.245437,0.0,3.574939,3.439182,1.0,1.0,2,0
11382,-9.479034,-5.915025,0.0,17.853989,-0.049087,0.0,3.574939,3.439182,1.0,1.0,2,0
11393,-9.531573,-6.577704,0.003906,17.854372,0.417242,0.0,3.574939,3.439182,1.0,1.0,2,0
11412,-9.593699,-7.264927,-0.007812,17.853989,-0.196349,0.0,3.574939,3.439182,1.0,1.0,2,0
11413,-9.64643,-5.841394,0.0,17.853989,-0.073631,0.003906,3.574939,3.439182,1.0,1.0,2,0
11423,-9.693216,-4.859647,0.003906,17.853989,0.0,0.0,3.574939,3.439182,1.0,1.0,2,0
11443,-9.745755,-6.774054,0.003906,17.853989,0.26998,0.0,3.574939,3.439182,1.0,1.0,2,0
11444,-9.807306,-7.289471,0.003906,17.853796,0.343611,0.0,3.574939,3.439182,1.0,1.0,2,0
11445,-9.866173,-6.700423,-0.003906,17.853605,0.220893,0.0,3.574939,3.439182,1.0,1.0,2,0
11455,-9.921013,-6.896772,0.0,17.853605,0.319068,0.0,3.574939,3.439182,1.0,1.0,2,0
11473,-9.981605,-6.479529,0.0,17.853413,0.147262,0.0,3.574939,3.439182,1.0,1.0,2,0
11475,-10.027624,-4.835104,0.003906,17.853413,0.515417,0.007812,3.574939,3.439182,1.0,1.0,2,0
11484,-10.076903,-6.160462,0.011719,17.853413,0.220893,0.0,3.574939,3.439182,1.0,1.0,2,0
11485,-10.13366,-6.479529,0.0,17.853413,0.122718,0.0,3.574939,3.439182,1.0,1.0,2,0
11506,-10.184091,-4.761473,-0.011719,17.853413,-0.024544,-0.003906,3.574939,3.439182,1.0,1.0,2,0
11508,-10.217454,-3.779726,-0.007812,17.853605,0.319068,0.0,3.574939,3.439182,1.0,1.0,2,0
11517,-10.243724,-2.945241,-0.007812,17.853796,0.098175,0.0,3.574939,3.439182,1.0,1.0,2,0
11535,-10.264432,-2.159843,0.0,17.853989,0.26998,0.0,3.574939,3.439182,1.0,1.0,0,0
11537,-10.283991,-1.865319,-0.003906,17.853989,-0.122718,0.0,3.574939,3.439182,1.0,1.0,0,0
11550,-10.298371,-2.258018,0.003906,17.854372,0.589048,0.0,3.574939,3.439182,1.0,1.0,0,0
11552,-10.308726,-1.006291,-0.003906,17.854179,0.147262,0.003906,3.574939,3.439182,1.0,1.0,0,0
11568,-10.314287,-0.760854,-0.003906,17.853413,-0.441786,0.0,3.574939,3.439182,1.0,1.0,0,0
11569,-10.316204,-0.196349,0.0,17.853029,-0.220893,0.0,3.574939,3.439182,1.0,1.0,0,0
11580,-10.316204,-0.245437,0.003906,17.852837,0.245437,0.0,3.574939,3.439182,1.0,1.0,0,0
11612,-10.316204,-0.26998,-0.003906,17.852262,0.319068,0.0,3.574939,3.439182,1.0,1.0,0,0
11614,-10.316204,-0.294524,0.0,17.85207,-0.220893,0.0,3.574939,3.439182,1.0,1.0,0,0
11615,-10.316012,-0.319068,0.003906,17.852262,-0.122718,0.0,3.554615,3.439182,1.0,1.0,0,0
11616,-10.315821,0.073631,-0.003906,17.852453,-0.073631,0.0,3.554615,3.439182,1.0,1.0,0,0
11632,-10.315821,-0.245437,0.0,17.852646,-0.343611,0.0,3.554615,3.439182,1.0,1.0,0,0
11634,-10.315629,-0.073631,0.0,17.853222,0.294524,0.0,3.554615,3.439182,1.0,1.0,0,0
11643,-10.315629,-0.196349,0.0,17.853222,-0.122718,0.003906,3.554615,3.439182,1.0,1.0,0,0
11663,-10.315437,-0.122718,0.0,17.853605,0.098175,0.0,3.554615,3.439182,1.0,1.0,0,0
11665,-10.314479,0.319068,-0.003906,17.854563,-0.098175,0.0,3.554615,3.439182,1.0,1.0,0,0
11674,-10.312178,0.024544,0.0,17.855713,0.539961,-0.003906,3.554615,3.439182,1.0,1.0,0,0
11676,-10.309876,0.539961,-0.003906,17.855713,-0.073631,0.0,3.554615,3.439182,1.0,1.0,0,0
11694,-10.29377,2.577086,-0.011719,17.856096,0.073631,0.0,3.554615,3.439182,1.0,1.0,0,0
11696,-10.256763,5.129628,-0.011719,17.857248,0.46633,0.0,3.554615,3.439182,1.0,1.0,0,0
11704,-10.199046,7.264927,-0.007812,17.864342,1.251727,-0.007812,3.554615,3.439182,1.0,1.0,0,0
11725,-10.121964,8.786634,0.0,17.883133,2.699804,0.0,3.554615,3.439182,1.0,1.0,0,0
11726,-10.048717,7.142209,0.003906,17.909403,2.969784,0.0,3.554615,3.439182,1.0,1.0,0,0
11735,-9.979496,8.222131,-0.011719,17.936247,2.577086,0.0,3.554615,3.439182,1.0,1.0,0,0
11736,-9.911426,8.565742,0.0,17.958683,2.601629,0.003906,3.554615,3.439182,1.0,1.0,0,0
11755,-9.83511,8.639373,0.0,17.976898,2.037125,0.0,3.554615,3.439182,1.0,1.0,1,0
11757,-9.761671,9.302052,0.007812,17.985718,1.104465,0.0,3.554615,3.439182,1.0,1.0,1,0
11767,-9.687848,7.461277,-0.003906,17.988977,0.564505,0.0,3.554615,3.439182,1.0,1.0,1,0
11788,-9.608656,9.203877,0.0,17.991854,0.711766,-0.003906,3.554615,3.439182,1.0,1.0,1,0
11789,-9.524862,9.105702,0.003906,17.999716,1.644426,0.0,3.554615,3.439182,1.0,1.0,1,0
11790,-9.445671,8.713004,0.0,18.007385,0.809941,0.0,3.554615,3.439182,1.0,1.0,1,0
11798,-9.378176,7.95215,0.0,18.011414,0.662679,0.003906,3.554615,3.439182,1.0,1.0,1,0
11818,-9.308187,8.393936,-0.007812,18.01774,1.276271,0.0,3.554615,3.439182,1.0,1.0,1,0
11818,-9.238392,8.123956,0.007812,18.028095,1.374446,0.0,3.554615,3.439182,1.0,1.0,1,0
11829,-9.16802,7.314014,0.011719,18.041325,1.742601,-0.007812,3.554615,3.439182,1.0,1.0,1,0
11849,-9.108962,6.479529,-0.003906,18.065868,3.485202,-0.003906,3.554615,3.439182,1.0,1.0,1,2
11850,-9.05163,5.988656,0.0,18.10537,5.055996,-0.003906,3.554615,3.439182,1.0,1.0,1,2
11851,-9.00005,5.645045,0.0,18.152731,5.694132,0.0,3.554615,3.439182,1.0,1.0,1,2
11865,-8.954222,5.865938,0.003906,18.195683,5.890481,0.0,3.554615,3.439182,1.0,1.0,1,2
11891,-8.896506,5.890481,0.003906,18.246494,5.964112,0.0,3.554615,3.439182,1.0,1.0,1,2
11893,-8.849145,4.123337,0.003906,18.294241,4.81056,0.0,3.554615,3.439182,1.0,1.0,1,2
11895,-8.814054,3.976075,0.003906,18.328564,4.025162,0.003906,3.554615,3.439182,1.0,1.0,1,2
11896,-8.770528,5.890481,-0.007812,18.360394,4.07425,0.0,3.554615,3.439182,1.0,1.0,1,2
11912,-8.711853,6.504073,-0.003906,18.396057,4.417861,-0.003906,3.554615,3.439182,1.0,1.0,1,2
11914,-8.655096,6.160462,0.003906,18.442461,5.595957,-0.007812,3.554615,3.439182,1.0,1.0,1,2
11923,-8.604667,6.405899,0.003906,18.487329,5.54687,0.0,3.554615,3.439182,1.0,1.0,1,2
11943,-8.540623,6.774054,0.0,18.53565,5.055996,0.003906,3.554615,3.439182,1.0,1.0,1,2
11944,-8.480223,6.405899,0.0,18.579752,5.031453,0.0,3.554615,3.439182,1.0,1.0,1,2
11947,-8.423465,7.461277,-0.011719,18.611008,3.14159,0.003906,3.554615,3.439182,1.0,1.0,1,2
11956,-8.342739,9.15479,0.0,18.636318,2.699804,0.0,3.554615,3.439182,1.0,1.0,1,2
11973,-8.271026,7.289471,0.007812,18.659519,2.650717,0.0,3.554615,3.439182,1.0,1.0,1,2
11975,-8.207941,8.41848,-0.003906,18.683104,3.264308,-0.003906,3.554615,3.439182,1.0,1.0,1,2
11985,-8.139679,7.510364,0.0,18.717619,4.221512,-0.003906,3.554615,3.439182,1.0,1.0,1,2
12007,-8.067199,8.786634,0.0,18.759611,5.055996,0.0,3.554615,3.439182,1.0,1.0,1,2
12009,-7.985898,8.590285,0.0,18.80563,4.957822,0.0,3.554615,3.439182,1.0,1.0,1,2
12010,-7.921854,7.780344,0.0,18.845131,5.325977,0.003906,3.554615,3.439182,1.0,1.0,1,2
12017,-7.844771,8.639373,0.0,18.880604,3.60792,0.0,3.554615,3.439182,1.0,1.0,1,2
12036,-7.772099,7.608539,0.003906,18.911283,3.387027,0.0,3.554615,3.439182,1.0,1.0,1,2
12037,-7.709781,7.559451,0.007812,18.941387,4.638754,-0.003906,3.554615,3.439182,1.0,1.0,1,2
12047,-7.644012,6.185006,0.003906,18.980122,4.736929,0.0,3.554615,3.439182,1.0,1.0,1,2
12067,-7.593007,5.571414,0.0,19.021154,5.055996,0.003906,3.554615,3.439182,1.0,1.0,1,2
12068,-7.536441,7.240384,-0.011719,19.060656,4.81056,0.0,3.554615,3.439182,1.0,1.0,1,2
12070,-7.476616,6.823141,0.003906,19.097853,5.031453,-0.007812,3.554615,3.439182,1.0,1.0,1,2
12079,-7.418133,5.816851,0.011719,19.142723,4.884191,0.0,3.554615,3.439182,1.0,1.0,1,2
12099,-7.365019,6.209549,0.0,19.186249,4.516036,0.003906,3.554615,3.439182,1.0,1.0,1,2
12101,-7.318616,5.252346,0.0,19.220381,4.319686,-0.003906,3.554615,3.439182,1.0,1.0,1,2
12110,-7.274323,4.687841,0.0,19.259689,4.565123,0.0,3.554615,3.439182,1.0,1.0,1,2
12112,-7.229837,4.786016,0.0,19.303024,5.129628,0.0,3.554615,3.439182,1.0,1.0,1,2
12130,-7.174422,6.798597,0.0,19.349619,5.645045,0.0,3.554615,3.439182,1.0,1.0,1,2
12132,-7.123609,5.399608,0.003906,19.390844,5.031453,0.003906,3.554615,3.439182,1.0,1.0,1,2
12145,-7.079699,4.07425,0.007812,19.435329,4.736929,0.003906,3.554615,3.439182,1.0,1.0,1,2
12165,-7.048444,3.264308,0.0,19.476171,4.000618,0.003906,3.554615,3.439182,1.0,1.0,1,2
12166,-7.018915,3.681551,-0.003906,19.507042,3.828813,0.0,3.554615,3.439182,1.0,1.0,1,2
12167,-6.978648,4.614211,-0.007812,19.537531,3.460658,0.003906,3.554615,3.439182,1.0,1.0,1,2
12175,-6.942408,3.485202,0.0,19.566101,3.632463,-0.003906,3.554615,3.439182,1.0,1.0,1,2
12214,-6.905592,4.270599,0.0,19.604259,4.540579,-0.003906,3.554615,3.439182,1.0,1.0,1,2
12216,-6.869927,4.761473,0.0,19.648361,6.062287,0.0,3.554615,3.439182,1.0,1.0,1,2
12217,-6.819498,5.595957,0.003906,19.700516,6.185006,0.0,3.554615,3.439182,1.0,1.0,1,2
12218,-6.774821,4.025162,0.003906,19.749794,5.645045,0.0,3.554615,3.439182,1.0,1.0,1,2
12219,-6.747401,2.650717,0.003906,19.792555,5.325977,0.0,3.554615,3.439182,1.0,1.0,1,2
12236,-6.722665,2.503455,0.0,19.837999,5.203259,0.0,3.554615,3.439182,1.0,1.0,1,2
12237,-6.696396,3.190677,-0.003906,19.879608,4.368774,0.0,3.554615,3.439182,1.0,1.0,1,2
12255,-6.657663,4.908734,-0.007812,19.922367,5.792307,-0.003906,3.554615,3.439182,1.0,1.0,1,2
12257,-6.612986,4.786016,0.0,19.975864,6.74951,0.0,3.554615,3.439182,1.0,1.0,1,2
12267,-6.57617,3.14159,0.007812,20.039717,7.682169,0.0,3.554615,3.439182,1.0,1.0,1,2
12268,-6.550859,2.626173,0.007812,20.096666,7.264927,0.0,3.554615,3.439182,1.0,1.0,1,2
12298,-6.534369,1.47262,0.003906,20.159943,7.461277,-0.003906,3.554615,3.439182,1.0,1.0,1,2
12299,-6.526316,0.589048,0.003906,20.216509,7.289471,0.0,3.554615,3.439182,1.0,1.0,1,2
12301,-6.525932,-0.196349,0.003906,20.279402,7.142209,0.0,3.554615,3.439182,1.0,1.0,1,2
12319,-6.528617,-0.613592,0.0,20.344404,7.755801,0.0,3.554615,3.439182,1.0,1.0,1,2
12320,-6.529,-0.098175,0.0,20.403654,7.682169,0.0,3.554615,3.439182,1.0,1.0,1,2
12322,-6.529959,-0.26998,-0.003906,20.464821,6.945859,0.0,3.554615,3.439182,1.0,1.0,1,2
12330,-6.531685,-0.343611,0.0,20.526373,7.314014,0.0,3.554615,3.439182,1.0,1.0,1,2
12350,-6.531493,0.122718,0.0,20.58754,6.405899,0.0,3.554615,3.439182,1.0,1.0,1,2
12351,-6.529192,0.049087,0.0,20.64794,6.135918,0.003906,3.554615,3.439182,1.0,1.0,1,2
12361,-6.530151,-0.392699,0.003906,20.705463,5.915025,0.003906,3.554615,3.439182,1.0,1.0,1,2
12379,-6.531685,-0.539961,0.0,20.755318,4.638754,0.0,3.554615,3.439182,1.0,1.0,1,2
12381,-6.532835,-0.711766,0.0,20.78945,4.614211,0.0,3.554615,3.439182,1.0,1.0,1,2
12382,-6.537821,-0.883572,0.0,20.81687,3.362483,0.0,3.528153,3.439182,1.0,1.0,1,2
12393,-6.556995,-3.117046,0.007812,20.837961,2.429824,0.0,3.528153,3.439182,1.0,1.0,1,2
12411,-6.589785,-4.196968,-0.003906,20.850616,1.104465,0.0,3.525085,3.439182,1.0,1.0,0,2
12413,-6.624299,-4.319686,0.0,20.849083,-0.392699,0.0,3.525085,3.439182,1.0,1.0,0,2
12423,-6.657855,-3.730638,0.0,20.84314,-0.245437,0.0,3.525085,3.439182,1.0,1.0,0,2
12441,-6.6847,-2.527998,0.0,20.84218,0.26998,0.0,3.525085,3.439182,1.0,1.0,0,0
12442,-6.70234,-2.307105,0.0,20.837387,-0.711766,0.0,3.525085,3.439182,1.0,1.0,0,0
12444,-6.727459,-3.387027,0.007812,20.828949,-1.47262,0.003906,3.525085,3.439182,1.0,1.0,0,0
12453,-6.768109,-6.160462,0.007812,20.792517,-5.694132,0.007812,3.525085,3.439182,1.0,1.0,0,0
12474,-6.828701,-8.369392,0.003906,20.714476,-10.013819,0.011719,3.525085,3.439182,1.0,1.0,0,1
12476,-6.899457,-8.492111,-0.003906,20.607098,-12.860885,0.0,3.525085,3.439182,1.0,1.0,2,1
12485,-6.97884,-9.105702,0.003906,20.491282,-12.639992,0.0,3.521251,3.439182,1.0,1.0,2,1
12505,-7.0611,-9.694751,0.003906,20.378918,-12.860885,0.0,3.521251,3.439182,1.0,1.0,2,1
12507,-7.148345,-10.676497,0.0,20.266171,-12.590904,-0.007812,3.521251,3.439182,1.0,1.0,2,1
12508,-7.239233,-9.743838,0.0,20.15534,-12.370011,0.003906,3.521251,3.439182,1.0,1.0,2,1
12518,-7.323027,-9.375683,0.007812,20.044703,-12.860885,0.0,3.521251,3.439182,1.0,1.0,2,1
12536,-7.407395,-9.473858,0.0,19.931189,-12.713622,0.0,3.521251,3.439182,1.0,1.0,2,1
12537,-7.491765,-9.572032,-0.007812,19.816715,-13.449933,0.003906,3.521251,3.439182,1.0,1.0,2,1
12547,-7.565012,-6.258636,-0.007812,19.701666,-11.977312,-0.007812,3.521251,3.439182,1.0,1.0,2,1
12568,-7.610839,-4.982366,-0.003906,19.586042,-12.590904,0.0,3.521251,3.439182,1.0,1.0,2,1
12571,-7.647463,-4.34423,0.0,19.477898,-11.977312,0.0,3.521251,3.439182,1.0,1.0,2,1
12572,-7.68658,-4.565123,0.0,19.37627,-10.136537,0.0,3.521251,3.439182,1.0,1.0,2,1
12582,-7.71956,-2.429824,-0.003906,19.283464,-9.375683,0.0,3.521251,3.435349,1.0,1.0,2,1
12600,-7.738544,-0.883572,-0.007812,19.200823,-8.884809,-0.003906,3.521251,3.435349,1.0,1.0,2,1
12602,-7.749281,-1.423533,0.0,19.11281,-9.964731,0.0,3.521251,3.435349,1.0,1.0,2,1
12613,-7.764237,-2.061668,0.0,19.024223,-9.842012,0.0,3.521251,3.435349,1.0,1.0,2,1
12631,-7.783604,-2.822522,0.0,18.943689,-9.842012,0.007812,3.521251,3.435349,1.0,1.0,2,1
12633,-7.811024,-3.460658,0.0,18.854527,-9.473858,-0.007812,3.521251,3.435349,1.0,1.0,2,1
12634,-7.844005,-4.491492,-0.003906,18.767281,-9.375683,-0.007812,3.521251,3.435349,1.0,1.0,2,1
12641,-7.878711,-4.000618,0.0,18.688856,-7.731257,-0.003906,3.521251,3.435349,1.0,1.0,2,1
12662,-7.907665,-3.190677,-0.003906,18.618868,-8.025781,0.003906,3.521251,3.435349,1.0,1.0,2,1
12664,-7.931825,-3.215221,0.003906,18.545237,-8.41848,-0.003906,3.521251,3.435349,1.0,1.0,2,1
12673,-7.965189,-4.540579,0.011719,18.474867,-7.21584,0.0,3.521251,3.435349,1.0,1.0,2,1
12691,-8.014277,-6.332268,0.003906,18.411015,-6.332268,-0.003906,3.521251,3.435349,1.0,1.0,2,1
12693,-8.071609,-6.307724,-0.003906,18.356174,-5.325977,0.0,3.521251,3.435349,1.0,1.0,2,1
12694,-8.120504,-5.424152,0.0,18.302868,-6.086831,0.003906,3.521251,3.435349,1.0,1.0,2,1
12703,-8.170359,-6.135918,0.0,18.24918,-5.865938,0.0,3.521251,3.435349,1.0,1.0,2,1
12736,-8.218295,-6.405899,0.007812,18.206036,-4.859647,-0.003906,3.521251,3.435349,1.0,1.0,2,1
12737,-8.270067,-5.915025,0.003906,18.165577,-4.07425,0.0,3.521251,3.435349,1.0,1.0,2,1
12739,-8.327208,-7.338558,0.0,18.129145,-4.295143,0.0,3.521251,3.435349,1.0,1.0,2,1
12757,-8.391252,-7.01949,-0.007812,18.095398,-3.215221,0.0,3.521251,3.435349,1.0,1.0,2,1
12759,-8.450501,-6.160462,-0.007812,18.066061,-2.650717,-0.003906,3.521251,3.435349,1.0,1.0,2,1
12760,-8.503232,-6.479529,0.007812,18.040367,-2.650717,0.0,3.521251,3.435349,1.0,1.0,2,1
12767,-8.564975,-7.436733,0.007812,18.013714,-3.387027,0.0,3.521251,3.435349,1.0,1.0,2,1
12785,-8.628443,-7.48582,0.003906,17.982458,-3.902444,0.003906,3.521251,3.435349,1.0,1.0,2,1
12787,-8.693445,-7.510364,-0.003906,17.945835,-4.000618,0.0,3.521251,3.435349,1.0,1.0,2,1
12797,-8.759024,-6.602248,-0.007812,17.914772,-2.184387,-0.007812,3.521251,3.435349,1.0,1.0,2,1
12816,-8.81137,-5.890481,0.0,17.891762,-2.184387,0.0,3.521251,3.435349,1.0,1.0,2,1
12819,-8.859499,-6.675879,0.003906,17.882175,-0.883572,0.0,3.521251,3.435349,1.0,1.0,2,1
12820,-8.920667,-7.240384,-0.003906,17.876997,-0.46633,0.0,3.521251,3.435349,1.0,1.0,2,1
12838,-8.970329,-5.105084,-0.011719,17.87623,0.245437,0.0,3.521251,3.435349,1.0,1.0,2,1
12839,-9.012897,-5.031453,0.0,17.876614,0.220893,-0.007812,3.521251,3.435349,1.0,1.0,2,1
12862,-9.058533,-5.203259,0.003906,17.876806,0.098175,0.0,3.521251,3.435349,1.0,1.0,2,0
12866,-9.106086,-4.884191,0.003906,17.876806,0.245437,0.0,3.521251,3.435349,1.0,1.0,2,0
12878,-9.148079,-5.031453,0.003906,17.876806,0.490873,0.0,3.521251,3.435349,1.0,1.0,2,0
12880,-9.188538,-5.694132,0.007812,17.876423,0.26998,0.0,3.521251,3.435349,1.0,1.0,2,0
12882,-9.243569,-6.553161,0.0,17.87623,0.245437,0.0,3.521251,3.435349,1.0,1.0,2,0
12893,-9.296683,-5.350521,-0.007812,17.87623,0.294524,0.0,3.521251,3.435349,1.0,1.0,2,0
12924,-9.333307,-3.558833,-0.011719,17.87604,-0.024544,0.0,3.521251,3.435349,1.0,1.0,2,0
12925,-9.367438,-3.657007,0.0,17.87623,0.26998,0.0,3.521251,3.435349,1.0,1.0,2,0
12927,-9.398501,-4.098794,0.003906,17.875847,0.098175,0.0,3.521251,3.435349,1.0,1.0,2,0
12928,-9.436467,-4.221512,0.007812,17.875656,-0.024544,-0.007812,3.521251,3.435349,1.0,1.0,2,0
12944,-9.474625,-4.098794,0.0,17.875847,0.098175,0.0,3.521251,3.435349,1.0,1.0,2,0
12945,-9.509522,-4.442405,0.0,17.875656,-0.098175,0.0,3.521251,3.435349,1.0,1.0,2,0
12953,-9.551324,-5.055996,0.0,17.875656,-0.073631,0.0,3.521251,3.435349,1.0,1.0,2,0
12976,-9.600027,-5.841394,0.0,17.875847,0.392699,0.0,3.521251,3.435349,1.0,1.0,2,0
12977,-9.644513,-4.933278,0.0,17.875463,0.0,0.0,3.521251,3.435349,1.0,1.0,2,0
12984,-9.671933,-3.362483,-0.007812,17.875656,0.245437,0.0,3.521251,3.435349,1.0,1.0,2,0
12987,-9.699161,-3.632463,0.0,17.875463,0.024544,0.0,3.521251,3.435349,1.0,1.0,2,0
13006,-9.729649,-3.509745,0.007812,17.87508,0.024544,0.0,3.521251,3.435349,1.0,1.0,2,0
13008,-9.764546,-4.859647,0.007812,17.874313,-0.196349,0.0,3.521251,3.435349,1.0,1.0,2,0
13038,-9.816894,-5.227802,0.003906,17.874313,0.024544,0.007812,3.521251,3.435349,1.0,1.0,2,0
13039,-9.85927,-4.442405,-0.003906,17.874313,0.024544,0.0,3.521251,3.435349,1.0,1.0,2,0
13041,-9.899537,-5.399608,0.0,17.874504,0.245437,0.0,3.521251,3.435349,1.0,1.0,2,0
13043,-9.94709,-5.841394,0.003906,17.874504,0.294524,0.0,3.521251,3.435349,1.0,1.0,2,0
13047,-9.986974,-4.417861,0.0,17.874504,0.245437,0.0,3.521251,3.435349,1.0,1.0,2,0
13068,-10.021105,-3.951531,0.003906,17.874504,0.0,0.0,3.521251,3.435349,1.0,1.0,2,0
13070,-10.054086,-4.491492,0.003906,17.874697,0.0,0.0,3.521251,3.435349,1.0,1.0,2,0
13077,-10.098571,-5.571414,0.003906,17.874697,0.0,0.0,3.521251,3.435349,1.0,1.0,2,0
13099,-10.15226,-5.890481,-0.007812,17.874889,0.245437,0.0,3.521251,3.435349,1.0,1.0,2,0
13101,-10.19502,-4.098794,-0.011719,17.875273,0.147262,0.0,3.521251,3.435349,1.0,1.0,2,0
13102,-10.226658,-3.362483,0.0,17.875847,0.024544,0.0,3.521251,3.435349,1.0,1.0,2,0
13110,-10.254461,-3.166134,0.0,17.87604,0.343611,0.0,3.521251,3.435349,1.0,1.0,2,0
13132,-10.275362,-2.601629,0.0,17.875463,0.368155,0.0,3.521251,3.435349,1.0,1.0,0,0
13134,-10.296646,-2.454367,0.003906,17.874313,0.122718,0.0,3.521251,3.435349,1.0,1.0,0,0
13141,-10.312561,-1.570795,-0.003906,17.874121,-0.049087,0.0,3.521251,3.435349,1.0,1.0,0,0
13163,-10.321382,-0.589048,0.0,17.874697,0.392699,0.0,3.521251,3.435349,1.0,1.0,0,0
13165,-10.322148,-0.098175,0.0,17.875273,0.0,0.0,3.521251,3.435349,1.0,1.0,0,0
13166,-10.321573,-0.368155,0.0,17.875847,0.0,0.003906,3.792956,3.435349,1.0,1.0,0,0
13174,-10.321382,-0.098175,0.0,17.876614,0.46633,0.0,3.792956,3.435349,1.0,1.0,0,0
13196,-10.320998,0.098175,0.0,17.877764,0.441786,0.0,3.792956,3.435349,1.0,1.0,0,0
13198,-10.319847,0.0,0.0,17.878916,0.294524,0.0,3.792956,3.435349,1.0,1.0,0,0
13203,-10.317547,-0.122718,0.003906,17.87949,-0.196349,0.0,3.792956,3.435349,1.0,1.0,0,0
13225,-10.314862,0.539961,-0.011719,17.879873,-0.319068,0.0,3.792956,3.435349,1.0,1.0,0,0
13227,-10.302207,2.552542,-0.011719,17.880449,0.294524,0.0,3.792956,3.435349,1.0,1.0,0,0
13229,-10.270952,4.196968,-0.007812,17.88064,0.319068,0.0,3.792956,3.435349,1.0,1.0,0,0
13235,-10.225124,5.522326,-0.011719,17.881216,0.638135,0.0,3.792956,3.435349,1.0,1.0,1,0
13256,-10.162615,8.074868,0.0,17.883709,0.908116,-0.011719,3.792956,3.435349,1.0,1.0,1,0
13258,-10.097421,7.780344,0.011719,17.894064,1.767144,-0.007812,3.792956,3.435349,1.0,1.0,1,0
13264,-10.036061,5.841394,0.0,17.909786,1.619882,0.0,3.792956,3.298824,1.0,1.0,1,0
13287,-9.9701,8.222131,-0.011719,17.923592,1.619882,0.003906,3.792956,3.298824,1.0,1.0,1,0
13289,-9.889758,9.228421,0.0,17.937206,1.644426,0.003906,3.792956,3.298824,1.0,1.0,1,0
13290,-9.815168,10.136537,0.003906,17.947945,1.66897,0.0,3.792956,3.298824,1.0,1.0,1,0
13299,-9.730415,8.737548,0.007812,17.959257,1.178096,0.0,3.792956,3.298824,1.0,1.0,1,0
13318,-9.655251,8.713004,-0.007812,17.963093,0.245437,0.0,3.792956,3.298824,1.0,1.0,1,0
13319,-9.571074,9.277509,0.0,17.965586,0.46633,0.0,3.792956,3.298824,1.0,1.0,1,0
13329,-9.500127,8.246674,0.007812,17.969036,0.441786,0.0,3.792956,3.298824,1.0,1.0,1,0
13331,-9.42477,7.755801,0.0,17.974981,0.883572,0.0,3.792956,3.298824,1.0,1.0,1,0
13350,-9.356508,7.044034,-0.007812,17.983225,1.497164,-0.003906,3.792956,3.298824,1.0,1.0,1,2
13351,-9.289396,7.903063,0.0,18.004318,3.657007,-0.003906,3.792956,3.298824,1.0,1.0,1,2
13359,-9.224394,7.633082,0.007812,18.033079,4.147881,0.0,3.792956,3.298824,1.0,1.0,1,2
13379,-9.165144,5.031453,0.007812,18.076607,5.620501,-0.007812,3.792956,3.298824,1.0,1.0,1,2
13381,-9.114906,5.718676,-0.003906,18.13413,6.577704,0.0,3.792956,3.298824,1.0,1.0,1,2
13382,-9.060259,5.767763,0.0,18.19319,6.945859,0.0,3.792956,3.298824,1.0,1.0,1,2
13392,-9.015581,5.178715,0.007812,18.24707,6.896772,0.003906,3.792956,3.298824,1.0,1.0,1,2
13413,-8.968603,5.08054,0.0,18.303637,6.111374,0.003906,3.792956,3.298824,1.0,1.0,1,2
13415,-8.918749,5.792307,0.003906,18.348505,4.614211,0.0,3.792956,3.298824,1.0,1.0,1,2
13421,-8.880016,3.632463,0.011719,18.384554,4.417861,0.0,3.792956,3.298824,1.0,1.0,1,2
13443,-8.85298,2.20893,0.011719,18.42808,5.325977,-0.003906,3.792956,3.298824,1.0,1.0,1,2
13444,-8.839173,0.834485,0.003906,18.473715,5.375064,0.0,3.792956,3.298824,1.0,1.0,1,2
13446,-8.826901,1.816232,-0.007812,18.510914,4.663298,0.003906,3.792956,3.298824,1.0,1.0,1,2
13453,-8.799866,3.926988,-0.011719,18.550032,4.246056,0.003906,3.792956,3.298824,1.0,1.0,1,2
13478,-8.751162,6.553161,-0.019531,18.586464,4.098794,0.0,3.792956,3.298824,1.0,1.0,1,2
13479,-8.688077,6.700423,0.003906,18.622128,3.411571,0.0,3.792956,3.298824,1.0,1.0,1,2
13485,-8.634579,6.307724,0.003906,18.649164,3.681551,-0.003906,3.792956,3.298824,1.0,1.0,1,2
13505,-8.579548,7.363102,0.0,18.676584,3.485202,-0.003906,3.792956,3.298824,1.0,1.0,1,2
13506,-8.51397,6.798597,-0.003906,18.709181,4.491492,0.0,3.792956,3.298824,1.0,1.0,1,2
13508,-8.449351,7.780344,-0.007812,18.745613,4.540579,0.0,3.792956,3.298824,1.0,1.0,1,2
13515,-8.378788,9.42477,-0.007812,18.782045,4.835104,0.0,3.792956,3.298824,1.0,1.0,1,2
13537,-8.297296,8.050324,0.011719,18.823654,5.178715,0.0,3.792956,3.298824,1.0,1.0,1,2
13539,-8.221746,8.443024,-0.003906,18.860086,3.853357,0.003906,3.792956,3.298824,1.0,1.0,1,2
13546,-8.147541,8.271217,0.0,18.893068,4.123337,0.0,3.792956,3.298824,1.0,1.0,1,2
13548,-8.083497,7.878519,0.0,18.922979,4.07425,0.0,3.792956,3.298824,1.0,1.0,1,2
13568,-8.005839,8.123956,0.007812,18.961714,4.589667,0.0,3.792956,3.294415,1.0,1.0,1,2
13570,-7.945247,5.792307,0.003906,19.000446,4.687841,0.0,3.792956,3.088669,1.0,1.0,1,2
13577,-7.897502,6.28318,-0.007812,19.0317,3.8779,0.0,3.792956,3.088669,1.0,1.0,1,2
13599,-7.835951,6.675879,-0.003906,19.065449,4.098794,0.0,3.792956,3.088669,1.0,1.0,1,2
13601,-7.779961,5.718676,0.0,19.102072,4.368774,0.003906,3.792956,3.088669,1.0,1.0,1,2
13602,-7.727614,5.816851,0.0,19.14253,4.81056,0.0,3.792956,3.088669,1.0,1.0,1,2
13609,-7.680635,5.718676,0.003906,19.178387,4.270599,0.003906,3.792956,3.088669,1.0,1.0,1,2
13631,-7.643436,3.166134,0.007812,19.213478,3.485202,0.007812,3.792956,3.088669,1.0,1.0,1,2
13633,-7.616592,2.773435,0.0,19.248951,4.466949,0.0,3.792956,3.088669,1.0,1.0,1,2
13641,-7.593007,2.626173,-0.003906,19.28289,4.835104,0.0,3.792956,3.088669,1.0,1.0,1,2
13663,-7.557534,4.417861,-0.007812,19.327375,5.178715,0.0,3.792956,3.088669,1.0,1.0,1,2
13665,-7.510172,5.448695,-0.003906,19.378763,6.062287,0.0,3.792956,3.088669,1.0,1.0,1,2
13667,-7.465687,4.393317,0.007812,19.432837,6.062287,0.0,3.792956,3.088669,1.0,1.0,1,2
13673,-7.43309,4.246056,0.003906,19.479815,5.669589,0.0,3.792956,3.088669,1.0,1.0,1,2
13693,-7.403752,2.920697,0.003906,19.524683,4.565123,0.003906,3.792956,3.088669,1.0,1.0,1,2
13695,-7.374032,3.215221,-0.003906,19.557665,3.460658,0.0,3.792956,3.088669,1.0,1.0,1,2
13703,-7.347379,2.724348,0.003906,19.585659,3.951531,-0.003906,3.792956,3.088669,1.0,1.0,1,2
13704,-7.322068,2.184387,0.0,19.625351,4.712385,-0.003906,3.792956,3.088669,1.0,1.0,1,2
13724,-7.299634,2.478911,0.0,19.673862,5.620501,0.0,3.792956,3.088669,1.0,1.0,1,2
13726,-7.274323,3.264308,0.0,19.723717,6.111374,0.0,3.792956,3.088669,1.0,1.0,1,2
13736,-7.245944,3.288852,0.0,19.768394,5.915025,0.0,3.792956,3.088669,1.0,1.0,1,2
13755,-7.205102,4.957822,-0.007812,19.822659,6.479529,-0.003906,3.792956,3.088669,1.0,1.0,1,2
13757,-7.152371,5.694132,0.003906,19.878649,5.865938,0.0,3.792956,3.088669,1.0,1.0,1,2
13758,-7.114213,4.147881,0.011719,19.926779,5.767763,0.0,3.792956,3.088669,1.0,1.0,1,2
13766,-7.082,3.460658,0.007812,19.985069,6.847685,0.0,3.792956,3.088669,1.0,1.0,1,2
13788,-7.058223,2.87161,-0.003906,20.042402,6.528617,0.003906,3.792956,3.088669,1.0,1.0,1,2
13790,-7.028694,4.246056,-0.007812,20.093214,5.620501,0.0,3.792956,3.088669,1.0,1.0,1,2
13797,-6.99418,4.417861,-0.003906,20.134056,4.933278,0.0,3.792956,3.088669,1.0,1.0,1,2
13817,-6.956214,3.706095,0.0,20.184294,5.718676,0.0,3.792956,3.088669,1.0,1.0,1,2
13818,-6.919973,4.295143,0.0,20.239326,6.258636,0.0,3.792956,3.088669,1.0,1.0,1,2
13820,-6.88776,3.853357,0.003906,20.288988,6.430442,0.0,3.792956,3.088669,1.0,1.0,1,2
13828,-6.846534,4.835104,0.0,20.345362,6.234093,0.003906,3.792956,3.088669,1.0,1.0,1,2
13849,-6.801282,4.565123,0.011719,20.398092,5.129628,0.003906,3.792956,3.088669,1.0,1.0,1,2
13851,-6.772711,1.889863,0.011719,20.439127,4.368774,0.0,3.792956,3.088669,1.0,1.0,1,2
13859,-6.76159,1.227184,0.0,20.470573,4.172424,0.0,3.792956,3.088669,1.0,1.0,0,2
13860,-6.759098,-0.245437,0.0,20.504896,4.319686,-0.003906,3.792956,3.088669,1.0,1.0,0,2
13882,-6.760632,-0.196349,0.0,20.543629,4.049706,0.0,3.792956,3.088669,1.0,1.0,0,2
13883,-6.760248,0.024544,0.003906,20.583321,4.442405,0.0,3.792956,3.088669,1.0,1.0,0,2
13891,-6.760632,-0.441786,0.0,20.61726,4.516036,0.0,3.792956,3.088669,1.0,1.0,0,2
13914,-6.760823,-0.196349,0.003906,20.655035,4.246056,0.003906,3.792956,3.088669,1.0,1.0,0,2
13915,-6.761207,-0.245437,0.003906,20.690508,3.558833,0.0,3.792956,3.088669,1.0,1.0,0,2
13920,-6.761207,-0.098175,0.003906,20.716394,3.14159,0.0,3.792956,3.088669,1.0,1.0,0,2
13922,-6.761015,0.0,0.003906,20.736719,2.159843,0.003906,3.792956,3.088669,1.0,1.0,0,0
13944,-6.760439,-0.122718,0.003906,20.747265,0.785398,0.0,3.792956,3.088669,1.0,1.0,0,0
13946,-6.759098,0.0,0.0,20.744772,-0.171806,0.003906,3.792956,3.088669,1.0,1.0,0,0
13964,-6.75833,0.171806,0.0,20.744005,0.245437,0.0,3.792956,3.088669,1.0,1.0,0,0
13965,-6.758522,-0.073631,0.0,20.744772,-0.098175,-0.007812,3.792956,3.088669,1.0,1.0,0,0
13985,-6.758714,-0.098175,0.003906,20.744005,0.245437,0.0,3.792956,3.088669,1.0,1.0,0,0
13987,-6.758714,-0.049087,0.003906,20.743622,0.098175,-0.003906,3.792956,3.088669,1.0,1.0,0,0
13988,-6.759289,-0.515417,-0.003906,20.743238,0.024544,0.0,3.792956,3.088669,1.0,1.0,0,0
14006,-6.76159,-0.490873,0.003906,20.742855,0.049087,0.0,3.792956,3.088669,1.0,1.0,0,0
14007,-6.763891,0.024544,0.0,20.742662,0.343611,0.0,3.792956,3.088669,1.0,1.0,0,0
14017,-6.766,-0.589048,0.0,20.740938,0.171806,0.0,3.792956,3.088669,1.0,1.0,0,0
14037,-6.76926,-0.613592,0.0,20.739403,-0.098175,0.003906,3.792956,3.088669,1.0,1.0,0,0
14038,-6.774629,-0.859029,0.003906,20.737486,-0.343611,0.003906,3.792956,3.088669,1.0,1.0,0,0
14039,-6.786709,-1.840775,0.003906,20.735569,-0.147262,0.0,3.792956,3.088669,1.0,1.0,0,0
14058,-6.801474,-2.773435,0.003906,20.728857,-1.20264,0.0,3.792956,3.088669,1.0,1.0,2,1
14059,-6.828701,-3.804269,0.0,20.710066,-2.773435,0.0,3.792956,3.088669,1.0,1.0,2,1
14079,-6.858423,-3.14159,0.0,20.668074,-5.915025,0.007812,3.792956,3.088669,1.0,1.0,2,1
14082,-6.887568,-2.945241,0.0,20.600002,-8.541198,0.003906,3.792956,3.088669,1.0,1.0,2,1
14099,-6.922658,-4.614211,0.0,20.524647,-8.516654,0.0,3.792956,3.088669,1.0,1.0,2,1
14102,-6.966376,-5.620501,0.0,20.446606,-8.811178,0.003906,3.792956,3.088669,1.0,1.0,2,1
14106,-7.011054,-5.915025,0.003906,20.373358,-8.982985,0.0,3.792956,3.088669,1.0,1.0,2,1
14110,-7.059374,-5.767763,0.003906,20.287264,-9.351139,-0.007812,3.792956,3.088669,1.0,1.0,2,1
14132,-7.116898,-7.142209,0.003906,20.20347,-9.105702,-0.003906,3.792956,3.088669,1.0,1.0,2,1
14134,-7.185352,-8.222131,-0.007812,20.12332,-8.516654,0.0,3.792956,3.088669,1.0,1.0,2,1
14140,-7.244027,-5.964112,0.0,20.042976,-8.762092,0.0,3.792956,3.088669,1.0,1.0,2,1
14161,-7.297332,-6.086831,0.0,19.961868,-8.443024,-0.007812,3.792956,3.088669,1.0,1.0,2,1
14162,-7.352172,-6.528617,0.003906,19.887661,-7.878519,0.0,3.792956,3.088669,1.0,1.0,2,1
14164,-7.404327,-5.620501,-0.003906,19.811922,-8.41848,0.0,3.792956,3.088669,1.0,1.0,2,1
14194,-7.459743,-6.823141,-0.003906,19.737524,-8.492111,0.0,3.792956,3.088669,1.0,1.0,2,1
14196,-7.518992,-6.160462,0.0,19.665234,-7.95215,0.0,3.792956,3.088669,1.0,1.0,2,1
14197,-7.567504,-4.491492,-0.007812,19.60004,-6.945859,0.003906,3.792956,3.088669,1.0,1.0,2,1
14203,-7.601444,-4.638754,0.007812,19.547693,-5.865938,0.0,3.792956,3.088669,1.0,1.0,2,1
14223,-7.643436,-5.252346,0.007812,19.484224,-7.240384,0.0,3.792956,3.088669,1.0,1.0,2,1
14225,-7.697509,-6.700423,0.007812,19.421141,-7.363102,0.0,3.792956,3.088669,1.0,1.0,2,1
14226,-7.753308,-5.669589,-0.003906,19.358246,-7.093122,0.0,3.792956,3.088669,1.0,1.0,2,1
14235,-7.809874,-6.602248,-0.003906,19.297079,-6.872229,0.0,3.792956,3.088669,1.0,1.0,2,1
14256,-7.869315,-6.430442,0.0,19.240513,-6.28318,-0.003906,3.792956,3.088669,1.0,1.0,2,1
14257,-7.921854,-5.522326,0.003906,19.180496,-7.117665,0.003906,3.792956,3.088669,1.0,1.0,2,1
14267,-7.977077,-6.528617,0.0,19.115686,-7.289471,0.0,3.792956,3.088669,1.0,1.0,2,1
14287,-8.043038,-7.853975,0.0,19.05241,-6.945859,-0.003906,3.792956,3.088669,1.0,1.0,2,1
14288,-8.107274,-7.461277,-0.011719,18.988941,-7.48582,0.0,3.792956,3.088669,1.0,1.0,2,1
14290,-8.160005,-7.559451,-0.007812,18.933142,-6.921316,0.0,3.792956,3.088669,1.0,1.0,2,1
14298,-8.220405,-6.626791,0.007812,18.872742,-6.381355,0.003906,3.792956,3.088669,1.0,1.0,2,1
14318,-8.277162,-6.356811,0.0,18.809275,-7.068578,0.0,3.792956,3.088669,1.0,1.0,2,1
14319,-8.338138,-7.534907,-0.003906,18.74638,-6.626791,-0.007812,3.792956,3.088669,1.0,1.0,2,1
14326,-8.402948,-6.921316,-0.011719,18.688473,-6.258636,0.0,3.792956,3.088669,1.0,1.0,2,1
14349,-8.455679,-5.890481,-0.007812,18.628647,-6.504073,0.003906,3.792956,3.088669,1.0,1.0,2,1
14350,-8.502657,-5.620501,0.003906,18.56403,-6.626791,-0.003906,3.792956,3.088669,1.0,1.0,2,1
14352,-8.555196,-6.651335,0.003906,18.499411,-6.847685,0.0,3.792956,3.088669,1.0,1.0,2,1
14360,-8.610036,-6.185006,-0.003906,18.437092,-6.356811,-0.003906,3.792956,3.088669,1.0,1.0,2,1
14382,-8.66315,-6.528617,-0.007812,18.382828,-5.227802,0.0,3.792956,3.088669,1.0,1.0,2,1
14383,-8.71914,-6.160462,0.0,18.331055,-5.571414,0.0,3.792956,3.088669,1.0,1.0,2,1
14391,-8.771679,-5.031453,-0.003906,18.276791,-6.209549,0.0,3.792956,3.088669,1.0,1.0,2,1
14413,-8.811562,-4.638754,0.003906,18.220993,-4.957822,0.0,3.792956,3.088669,1.0,1.0,2,1
14415,-8.851637,-5.571414,0.003906,18.186094,-4.368774,0.0,3.792956,3.088669,1.0,1.0,2,1
14416,-8.907435,-7.240384,0.0,18.147362,-4.098794,0.0,3.792956,3.088669,1.0,1.0,2,1
14425,-8.962276,-5.890481,-0.007812,18.109587,-3.8779,-0.003906,3.792956,3.088669,1.0,1.0,2,1
14443,-9.010596,-5.154171,-0.007812,18.078907,-3.067959,0.0,3.792956,3.088669,1.0,1.0,2,1
14445,-9.057191,-5.669589,0.0,18.055132,-2.331649,0.0,3.792956,3.088669,1.0,1.0,2,1
14453,-9.101101,-4.565123,-0.003906,18.037107,-1.66897,0.0,3.792956,3.088669,1.0,1.0,2,1
14472,-9.135615,-3.730638,0.0,18.020041,-1.742601,0.0,3.792956,3.088669,1.0,1.0,2,0
14474,-9.168595,-4.196968,0.003906,18.005085,-1.693513,0.0,3.792956,3.088669,1.0,1.0,2,0
14476,-9.209055,-5.129628,0.0,17.989937,-1.448077,0.0,3.792956,3.088669,1.0,1.0,2,0
14496,-9.249897,-5.620501,0.0,17.976515,-1.644426,0.0,3.792956,3.088669,1.0,1.0,2,0
14498,-9.290164,-3.828813,-0.007812,17.95849,-2.233474,-0.003906,3.792956,3.088669,1.0,1.0,2,0
14517,-9.311831,-1.570795,-0.007812,17.942383,-1.251727,-0.003906,3.792956,3.088669,1.0,1.0,2,0
14518,-9.321994,-1.079922,0.0,17.937206,-0.122718,0.0,3.792956,3.088669,1.0,1.0,0,0
14537,-9.325637,-0.245437,-0.007812,17.93663,-0.122718,-0.019531,3.792956,3.088669,1.0,1.0,0,0
14538,-9.325062,-0.245437,0.0,17.937016,-0.122718,0.003906,3.792956,3.088669,1.0,1.0,0,0
14540,-9.32487,-0.098175,0.0,17.937016,0.0,0.0,3.792956,3.088669,1.0,1.0,0,0
14547,-9.32487,-0.024544,0.0,17.937399,0.417242,0.0,3.792956,3.088669,1.0,1.0,0,0
14578,-9.325062,-0.26998,-0.003906,17.937206,-0.098175,0.003906,3.792956,3.088669,1.0,1.0,0,0
14579,-9.32487,0.122718,0.0,17.93759,0.319068,0.0,3.792956,3.088669,1.0,1.0,0,0
14580,-9.325062,-0.245437,0.0,17.93759,0.294524,0.003906,3.792956,3.088669,1.0,1.0,0,0
14582,-9.325062,-0.245437,0.0,17.93759,0.245437,0.0,3.792956,3.088669,1.0,1.0,0,0
14602,-9.325062,-0.245437,0.0,17.937399,0.171806,0.0,3.792956,3.088669,1.0,1.0,0,0
14604,-9.32602,-0.883572,0.003906,17.937399,0.147262,0.003906,3.792956,3.088669,1.0,1.0,0,0
14609,-9.330623,-0.883572,0.003906,17.937206,0.073631,0.0,3.792956,3.088669,1.0,1.0,0,0
14632,-9.341743,-1.767144,0.0,17.937016,0.26998,-0.019531,3.792956,3.088669,1.0,1.0,0,0
14633,-9.359576,-2.282562,0.0,17.936247,-0.024544,0.0,3.792956,3.088669,1.0,1.0,0,0
14640,-9.384503,-3.043416,0.003906,17.933371,-0.073631,0.0,3.792956,3.088669,1.0,1.0,0,0
14642,-9.418443,-4.393317,0.007812,17.926277,-0.93266,0.0,3.792956,3.088669,1.0,1.0,0,0
14664,-9.453724,-4.516036,0.003906,17.921484,-0.147262,0.0,3.792956,3.088669,1.0,1.0,0,0
14666,-9.493416,-4.761473,0.0,17.920715,0.073631,-0.019531,3.792956,3.088669,1.0,1.0,0,0
14682,-9.539435,-5.915025,0.0,17.921291,0.368155,-0.023438,3.792956,3.088669,1.0,1.0,0,0
14683,-9.593508,-6.651335,0.0,17.921291,0.319068,0.003906,3.792956,3.088669,1.0,1.0,0,0
14702,-9.646047,-5.325977,0.0,17.921291,0.171806,0.0,3.792956,3.088669,1.0,1.0,0,0
14705,-9.689573,-4.884191,0.003906,17.921291,0.024544,0.003906,3.792956,3.088669,1.0,1.0,0,0
14706,-9.732141,-6.135918,0.003906,17.921291,0.0,0.0,3.792956,3.088669,1.0,1.0,0,0
14726,-9.78679,-6.405899,0.003906,17.921867,0.343611,0.003906,3.792956,3.088669,1.0,1.0,0,0
14727,-9.842012,-5.54687,0.0,17.922251,-0.196349,-0.003906,3.792956,3.088669,1.0,1.0,0,0
14735,-9.894743,-6.185006,-0.007812,17.922251,0.294524,0.003906,3.792956,3.088669,1.0,1.0,0,0
14753,-9.946898,-5.645045,0.0,17.920908,-0.515417,-0.007812,3.792956,3.088669,1.0,1.0,0,0
14755,-9.992151,-4.025162,0.0,17.919949,-0.098175,0.0,3.792956,3.088669,1.0,1.0,0,0
14756,-10.019955,-3.509745,-0.003906,17.918415,0.0,0.0,3.792956,3.088669,1.0,1.0,0,0
14768,-10.046607,-3.239765,0.003906,17.917265,-0.147262,0.003906,3.792956,3.088669,1.0,1.0,0,0
14787,-10.078629,-4.172424,0.003906,17.917839,0.515417,0.0,3.792956,3.088669,1.0,1.0,0,0
14789,-10.116212,-4.442405,-0.003906,17.918032,0.024544,0.0,3.792956,3.088669,1.0,1.0,0,0
14797,-10.15111,-3.387027,-0.007812,17.918608,0.245437,0.003906,3.792956,3.088669,1.0,1.0,0,0
14819,-10.168942,-1.030834,-0.007812,17.919374,-0.098175,0.003906,3.792956,3.088669,1.0,1.0,0,0
14820,-10.167025,0.981747,-0.003906,17.920332,0.0,0.0,3.792956,3.088669,1.0,1.0,0,0
14822,-10.159739,0.809941,0.0,17.920715,0.196349,0.0,3.792956,3.088669,1.0,1.0,0,0
14836,-10.151685,0.883572,0.0,17.921867,0.098175,0.0,3.792956,3.088669,1.0,1.0,0,0
14850,-10.14459,0.515417,0.0,17.923784,0.392699,0.003906,3.792956,3.088669,1.0,1.0,0,0
14851,-10.141522,0.0,0.0,17.925894,0.441786,0.0,3.792956,3.088669,1.0,1.0,0,0
14859,-10.138071,0.662679,-0.007812,17.926085,0.196349,0.0,3.792956,3.088669,1.0,1.0,0,0
14881,-10.122348,2.159843,-0.003906,17.926085,0.343611,0.003906,3.792956,3.088669,1.0,1.0,0,0
14883,-10.099721,2.650717,-0.003906,17.928003,0.515417,0.0,3.792956,3.088669,1.0,1.0,0,0
14884,-10.071342,4.000618,-0.007812,17.931646,0.589048,0.0,3.792956,3.088669,1.0,1.0,0,0
14892,-10.037403,4.270599,-0.003906,17.933563,0.662679,0.0,3.792956,3.088669,1.0,1.0,0,0
14913,-9.984097,7.264927,-0.011719,17.938932,1.055378,0.0,3.792956,3.088669,1.0,1.0,0,0
14915,-9.912001,8.320305,0.0,17.953697,2.503455,0.0,3.792956,3.088669,1.0,1.0,0,2
14920,-9.83952,8.050324,0.0,17.974405,2.920697,-0.003906,3.792956,3.088669,1.0,1.0,0,2
14942,-9.767039,8.811178,0.003906,17.998949,3.558833,-0.003906,3.792956,3.088669,1.0,1.0,0,2
14944,-9.690533,8.467567,-0.003906,18.035381,4.246056,-0.003906,3.792956,3.088669,1.0,1.0,0,2
14946,-9.607506,10.234712,-0.007812,18.077374,5.08054,0.0,3.792956,3.088669,1.0,1.0,0,2
14953,-9.516233,10.062906,0.011719,18.122435,5.27689,-0.003906,3.792956,3.088669,1.0,1.0,0,2
14975,-9.427647,10.062906,0.003906,18.167112,5.08054,0.0,3.792956,3.088669,1.0,1.0,1,2
14977,-9.34462,9.056615,-0.007812,18.212172,5.055996,0.003906,3.792956,3.088669,1.0,1.0,1,2
14984,-9.269838,10.062906,0.003906,18.253206,5.055996,0.003906,3.792956,3.088669,1.0,1.0,1,2
14985,-9.186811,8.565742,0.007812,18.295582,4.614211,0.0,3.792956,3.088669,1.0,1.0,1,2
15006,-9.114715,7.95215,0.0,18.333164,3.583376,0.0,3.792956,3.088669,1.0,1.0,1,2
15008,-9.051247,7.657626,0.0,18.364803,4.516036,0.0,3.792956,3.088669,1.0,1.0,1,2
15015,-8.987969,6.528617,0.0,18.407179,5.865938,-0.003906,3.792956,3.088669,1.0,1.0,1,2
15041,-8.92431,7.01949,0.003906,18.455883,5.669589,0.0,3.792956,3.088669,1.0,1.0,1,2
15043,-8.860649,6.111374,0.003906,18.504587,5.375064,0.0,3.792956,3.088669,1.0,1.0,1,2
15044,-8.815972,5.399608,0.003906,18.544086,4.761473,0.0,3.792956,3.088669,1.0,1.0,1,2
15048,-8.764967,6.135918,-0.007812,18.583395,4.07425,0.003906,3.792956,3.088669,1.0,1.0,1,2
15071,-8.702841,6.675879,0.0,18.614841,3.117046,0.007812,3.792956,3.088669,1.0,1.0,1,2
15073,-8.651645,6.209549,0.003906,18.635359,2.258018,0.0,3.792956,3.088669,1.0,1.0,1,2
15079,-8.596613,6.332268,0.0,18.657219,2.969784,0.003906,3.792956,3.088669,1.0,1.0,1,2
15101,-8.53698,6.28318,0.003906,18.679077,2.282562,0.0,3.792956,3.088669,1.0,1.0,1,2
15103,-8.490193,5.645045,-0.003906,18.704771,3.509745,0.0,3.792956,3.088669,1.0,1.0,1,2
15104,-8.431327,6.970403,-0.019531,18.741587,4.663298,-0.007812,3.792956,3.088669,1.0,1.0,1,2
15109,-8.353286,8.565742,0.003906,18.785305,5.54687,0.0,3.792956,3.088669,1.0,1.0,1,2
15136,-8.279079,7.976694,0.003906,18.829216,4.516036,0.0,3.792956,3.088669,1.0,1.0,1,2
15137,-8.212159,8.909353,-0.003906,18.862579,3.411571,0.003906,3.792956,3.088669,1.0,1.0,1,2
15143,-8.134693,8.786634,-0.007812,18.892683,3.657007,0.0,3.792956,3.088669,1.0,1.0,1,2
15144,-8.05531,9.252965,0.0,18.921255,3.534289,0.0,3.792956,3.088669,1.0,1.0,1,2
15164,-7.973817,8.123956,0.003906,18.954426,3.583376,-0.003906,3.792956,3.088669,1.0,1.0,1,2
15166,-7.9115,7.706713,-0.003906,18.983572,3.853357,0.0,3.792956,3.088669,1.0,1.0,1,2
15174,-7.834417,8.884809,0.0,19.014252,3.14159,0.0,3.792956,3.088669,1.0,1.0,1,2
15193,-7.758485,8.393936,0.003906,19.040522,2.920697,-0.007812,3.792956,3.088669,1.0,1.0,1,2
15194,-7.68006,8.516654,0.003906,19.071009,3.411571,-0.007812,3.792956,3.088669,1.0,1.0,1,2
15211,-7.620235,6.553161,0.003906,19.102455,4.589667,0.0,3.792956,3.088669,1.0,1.0,1,2
15212,-7.557725,7.387646,-0.011719,19.138887,4.270599,0.003906,3.792956,3.088669,1.0,1.0,1,2
15226,-7.484286,7.682169,0.003906,19.169376,3.583376,0.003906,3.792956,3.088669,1.0,1.0,1,2
15227,-7.425995,6.479529,0.011719,19.192194,2.67526,0.0,3.792956,3.088669,1.0,1.0,1,2
15235,-7.368854,6.28318,0.007812,19.216928,3.264308,-0.007812,3.792956,3.088669,1.0,1.0,1,2
15255,-7.317657,4.933278,0.0,19.246265,3.558833,-0.003906,3.792956,3.088669,1.0,1.0,1,2
15257,-7.276432,4.466949,0.0,19.276945,3.681551,-0.003906,3.792956,3.088669,1.0,1.0,1,2
15258,-7.238466,5.252346,-0.011719,19.307625,4.295143,0.0,3.792956,3.088669,1.0,1.0,1,2
15265,-7.186311,6.479529,-0.007812,19.344057,4.442405,0.0,3.792956,3.088669,1.0,1.0,1,2
15288,-7.13243,4.933278,0.003906,19.382406,4.516036,0.0,3.792956,3.088669,1.0,1.0,1,2
15289,-7.095422,3.288852,0.011719,19.420565,4.34423,0.0,3.792956,3.088669,1.0,1.0,1,2
15296,-7.077398,1.227184,0.011719,19.451052,3.755182,0.0,3.792956,3.088669,1.0,1.0,0,2
15317,-7.073371,-0.539961,0.003906,19.480581,3.166134,0.003906,3.792956,3.088669,1.0,1.0,0,2
15319,-7.074714,-0.294524,0.0,19.501289,1.988037,0.0,3.792956,3.088669,1.0,1.0,0,2
15320,-7.075097,-0.343611,0.0,19.521616,2.797979,0.0,3.792956,3.088669,1.0,1.0,0,2
15328,-7.075864,-0.245437,0.003906,19.540981,2.896153,-0.003906,3.792956,3.088669,1.0,1.0,0,2
15350,-7.075864,0.0,-0.003906,19.569937,4.368774,-0.007812,3.792956,3.088669,1.0,1.0,0,2
15351,-7.075864,-0.220893,0.0,19.612886,5.718676,-0.007812,3.792956,3.088669,1.0,1.0,0,2
15358,-7.075673,-0.368155,0.0,19.666769,6.258636,0.0,3.792956,3.088669,1.0,1.0,0,2
15360,-7.074714,0.073631,0.0,19.721416,6.234093,0.0,3.792956,3.088669,1.0,1.0,0,2
15382,-7.074139,0.392699,0.003906,19.768202,6.037744,0.0,3.792956,3.088669,1.0,1.0,0,2
15384,-7.07433,0.098175,0.0,19.820932,5.964112,0.0,3.792956,3.088669,1.0,1.0,0,2
15391,-7.074714,-0.073631,0.0,19.872896,5.890481,0.0,3.792956,3.088669,1.0,1.0,0,2
15412,-7.074905,0.098175,0.003906,19.91815,6.111374,-0.003906,3.792956,3.088669,1.0,1.0,0,2
15413,-7.074522,-0.147262,0.003906,19.973373,6.798597,0.0,3.792956,3.088669,1.0,1.0,0,2
15420,-7.073946,-0.098175,-0.003906,20.035114,7.191296,0.0,3.792956,3.088669,1.0,1.0,0,2
15422,-7.07318,0.122718,0.003906,20.09379,6.381355,0.0,3.792956,3.088669,1.0,1.0,0,2
15446,-7.07318,-0.319068,0.003906,20.15074,6.700423,-0.003906,3.792956,3.088669,1.0,1.0,0,2
15448,-7.072412,-0.392699,0.0,20.203854,7.240384,0.0,3.792956,3.088669,1.0,1.0,0,2
15453,-7.072412,-0.245437,0.0,20.262911,6.479529,0.0,3.792956,3.088669,1.0,1.0,0,2
15477,-7.072029,-0.294524,-0.003906,20.321011,7.142209,0.0,3.792956,3.088669,1.0,1.0,0,2
15479,-7.070687,0.171806,0.003906,20.377384,6.160462,0.007812,3.792956,3.088669,1.0,1.0,0,2
15480,-7.069345,0.220893,0.0,20.425129,4.859647,0.0,3.792956,3.088669,1.0,1.0,0,2
15485,-7.069153,-0.245437,0.0,20.460028,4.196968,0.0,3.792956,3.088669,1.0,1.0,0,2
15530,-7.069153,0.0,0.0,20.497801,4.123337,-0.003906,3.792956,3.088669,1.0,1.0,0,2
15532,-7.069345,-0.368155,-0.003906,20.536535,4.221512,0.0,3.792956,3.088669,1.0,1.0,0,2
15533,-7.069153,0.0,-0.003906,20.574884,4.466949,0.0,3.792956,3.088669,1.0,1.0,0,2
15539,-7.068961,-0.196349,0.0,20.604221,3.14159,0.0,3.792956,3.088669,1.0,1.0,0,2
15540,-7.067619,-0.147262,0.0,20.632792,2.748891,0.0,3.792956,3.088669,1.0,1.0,0,2
15542,-7.060716,1.129009,-0.003906,20.653116,1.570795,0.003906,3.792956,3.088669,1.0,1.0,0,0
15551,-7.045568,1.988037,-0.007812,20.663664,1.693513,0.0,3.792956,3.088669,1.0,1.0,0,0
15572,-7.019682,3.411571,-0.007812,20.669607,0.589048,0.007812,3.792956,3.088669,1.0,1.0,0,0
15573,-6.984017,3.976075,0.0,20.669607,-0.196349,0.003906,3.792956,3.088669,1.0,1.0,0,0
15583,-6.953529,3.067959,0.0,20.66769,0.049087,0.0,3.792956,3.088669,1.0,1.0,0,0
15584,-6.929561,2.159843,0.0,20.667498,-0.26998,0.0,3.792956,3.088669,1.0,1.0,0,0
15600,-6.912112,2.356193,0.003906,20.666348,0.098175,0.0,3.792956,3.088669,1.0,1.0,0,0
15601,-6.897347,1.227184,0.003906,20.665773,0.245437,0.0,3.792956,3.088669,1.0,1.0,0,0
15609,-6.888335,0.834485,0.0,20.665581,0.0,0.0,3.792956,3.088669,1.0,1.0,0,0
15632,-6.881432,0.613592,0.0,20.665005,-0.147262,0.0,3.792956,3.088669,1.0,1.0,0,0
15633,-6.877214,0.46633,0.003906,20.661171,0.024544,0.0,3.792956,3.088669,1.0,1.0,0,0
15641,-6.878364,-0.220893,0.003906,20.658869,0.024544,0.0,3.792956,3.088669,1.0,1.0,0,0
15642,-6.883158,-0.834485,0.0,20.645256,-2.748891,0.007812,3.792956,3.088669,1.0,1.0,0,1
15664,-6.891787,-1.227184,0.0,20.609974,-4.859647,0.0,3.792956,3.088669,1.0,1.0,0,1
15666,-6.908277,-2.626173,0.003906,20.558393,-5.522326,0.0,3.792956,3.088669,1.0,1.0,2,1
15672,-6.931862,-3.14159,0.003906,20.504705,-5.939569,-0.003906,3.792956,3.088669,1.0,1.0,2,1
15693,-6.961966,-3.8779,0.003906,20.452549,-5.865938,0.003906,3.792956,3.088669,1.0,1.0,2,1
15694,-6.997248,-4.025162,0.003906,20.391956,-7.093122,0.003906,3.792956,3.088669,1.0,1.0,2,1
15696,-7.030995,-3.8779,0.0,20.321777,-7.461277,0.0,3.792956,3.088669,1.0,1.0,2,1
15703,-7.061291,-3.755182,0.003906,20.252365,-7.657626,-0.003906,3.792956,3.088669,1.0,1.0,2,1
15724,-7.103668,-5.645045,0.007812,20.183336,-7.903063,0.007812,3.792956,3.088669,1.0,1.0,2,1
15726,-7.153714,-6.577704,0.0,20.119101,-8.148499,0.003906,3.792956,3.088669,1.0,1.0,2,1
15735,-7.212197,-6.405899,-0.011719,20.039143,-9.130246,0.003906,3.792956,3.088669,1.0,1.0,2,1
15757,-7.262051,-5.54687,0.0,19.954006,-9.473858,0.0,3.792956,3.088669,1.0,1.0,2,1
15759,-7.31459,-6.405899,0.003906,19.871363,-8.835722,0.003906,3.792956,3.088669,1.0,1.0,2,1
15760,-7.372498,-6.405899,0.003906,19.78335,-10.111993,0.0,3.792956,3.088669,1.0,1.0,2,1
15766,-7.430789,-7.387646,0.003906,19.694572,-10.087449,-0.003906,3.792956,3.088669,1.0,1.0,2,1
15790,-7.495216,-8.025781,-0.003906,19.606943,-9.473858,0.0,3.792956,3.088669,1.0,1.0,2,1
15791,-7.557534,-6.234093,-0.007812,19.523726,-9.302052,0.003906,3.792956,3.088669,1.0,1.0,2,1
15808,-7.608539,-5.694132,0.003906,19.439356,-9.007528,-0.003906,3.792956,3.088669,1.0,1.0,2,1
15809,-7.66357,-6.74951,0.003906,19.359398,-8.860266,-0.003906,3.792956,3.088669,1.0,1.0,2,1
15852,-7.726272,-6.626791,-0.007812,19.286917,-7.264927,0.0,3.792956,3.088669,1.0,1.0,2,1
15855,-7.786097,-6.602248,-0.007812,19.223257,-6.651335,0.0,3.792956,3.088669,1.0,1.0,2,1
15859,-7.843429,-6.086831,-0.007812,19.158829,-7.559451,0.0,3.792956,3.088669,1.0,1.0,2,1
15862,-7.898269,-5.497783,0.003906,19.095362,-6.528617,-0.003906,3.792956,3.088669,1.0,1.0,2,1
15866,-7.943138,-5.227802,0.0,19.037262,-5.841394,0.0,3.792956,3.088669,1.0,1.0,2,1
15870,-7.988582,-6.135918,0.003906,18.986258,-6.332268,0.0,3.792956,3.088669,1.0,1.0,2,1
15874,-8.049749,-7.461277,0.0,18.926048,-6.504073,0.0,3.792956,3.088669,1.0,1.0,2,1
15891,-8.104781,-6.332268,-0.003906,18.866798,-6.454986,0.0,3.792956,3.088669,1.0,1.0,2,1
15893,-8.155594,-6.356811,0.0,18.803522,-6.945859,0.0,3.792956,3.088669,1.0,1.0,2,1
15894,-8.207941,-6.798597,0.003906,18.742929,-6.062287,0.0,3.792956,3.088669,1.0,1.0,2,1
15914,-8.259138,-5.448695,0.0,18.687706,-6.037744,0.0,3.792956,3.088669,1.0,1.0,2,1
15916,-8.304007,-6.0132,0.0,18.635359,-6.896772,0.003906,3.792956,3.088669,1.0,1.0,2,1
15923,-8.361339,-6.970403,-0.003906,18.569397,-7.166752,0.0,3.792956,3.088669,1.0,1.0,2,1
15943,-8.41637,-5.27689,-0.007812,18.502478,-7.363102,0.0,3.792956,3.088669,1.0,1.0,2,1
15945,-8.455487,-3.8779,0.0,18.440161,-6.135918,-0.007812,3.792956,3.088669,1.0,1.0,2,1
15946,-8.48981,-3.926988,0.0,18.385321,-5.448695,0.0,3.792956,3.088669,1.0,1.0,2,1
15954,-8.525091,-5.252346,0.003906,18.329714,-6.553161,0.003906,3.792956,3.088669,1.0,1.0,2,1
15978,-8.566893,-5.105084,0.003906,18.265478,-7.191296,0.0,3.792956,3.088669,1.0,1.0,2,1
15980,-8.609268,-4.638754,0.0,18.201818,-6.405899,-0.003906,3.792956,3.088669,1.0,1.0,2,1
15995,-8.647042,-4.466949,0.0,18.147745,-5.669589,0.0,3.792956,3.088669,1.0,1.0,2,1
16005,-8.687885,-4.417861,-0.003906,18.099041,-4.859647,0.0,3.792956,3.088669,1.0,1.0,2,1
16007,-8.726426,-5.105084,0.0,18.060883,-4.34423,0.0,3.792956,3.088669,1.0,1.0,2,1
16008,-8.763625,-3.828813,0.0,18.021959,-4.049706,0.0,3.792956,3.088669,1.0,1.0,2,1
16016,-8.787019,-2.233474,0.0,17.981884,-4.393317,0.0,3.792956,3.088669,1.0,1.0,2,1
16038,-8.804851,-2.233474,0.0,17.940849,-3.976075,-0.003906,3.792956,3.088669,1.0,1.0,2,1
16040,-8.824793,-2.601629,0.003906,17.905952,-3.657007,0.0,3.792956,3.088669,1.0,1.0,2,1
16047,-8.851254,-3.853357,0.003906,17.881216,-2.40528,0.0,3.792956,3.088669,1.0,1.0,2,1
16067,-8.887111,-4.442405,0.007812,17.869711,-0.417242,-0.007812,3.792956,3.088669,1.0,1.0,2,0
16068,-8.929103,-4.663298,0.0,17.869711,0.392699,0.003906,3.792956,3.088669,1.0,1.0,2,0
16070,-8.958824,-3.411571,-0.007812,17.870287,0.392699,0.0,3.792956,3.088669,1.0,1.0,2,0
16078,-8.984518,-2.797979,-0.003906,17.870287,0.539961,-0.007812,3.792956,3.088669,1.0,1.0,2,0
16100,-9.008295,-2.454367,0.0,17.870287,0.515417,0.003906,3.792956,3.088669,1.0,1.0,2,0
16101,-9.030346,-2.577086,0.0,17.870094,0.049087,0.0,3.792956,3.088669,1.0,1.0,2,0
16108,-9.053164,-2.822522,0.0,17.870094,0.049087,0.0,3.792956,3.088669,1.0,1.0,2,0
16131,-9.073681,-3.043416,0.003906,17.870287,0.392699,0.0,3.792956,3.088669,1.0,1.0,2,0
16132,-9.095348,-2.331649,0.0,17.870287,0.245437,0.0,3.792956,3.088669,1.0,1.0,2,0
16133,-9.111838,-1.570795,-0.003906,17.870094,-0.147262,0.0,3.792956,3.088669,1.0,1.0,2,0
16143,-9.123152,-1.47262,0.0,17.870287,0.319068,0.0,3.792956,3.088669,1.0,1.0,2,0
16168,-9.129479,-0.981747,0.0,17.869904,0.0,0.0,3.792956,3.088669,1.0,1.0,2,0
16170,-9.131396,-0.26998,0.0,17.869711,0.0,0.0,3.792956,3.088669,1.0,1.0,2,0
16172,-9.133698,-0.46633,0.0,17.869328,0.073631,0.0,3.792956,3.088669,1.0,1.0,2,0
16174,-9.138492,-0.981747,0.003906,17.868944,0.073631,0.0,3.792956,3.088669,1.0,1.0,2,0
16195,-9.15038,-2.135299,0.0,17.867985,0.171806,0.0,3.792956,3.088669,1.0,1.0,2,0
16196,-9.170513,-2.920697,0.003906,17.866835,0.26998,0.0,3.792956,3.088669,1.0,1.0,2,0
16204,-9.19755,-4.196968,0.003906,17.864534,-0.564505,0.0,3.792956,3.088669,1.0,1.0,2,0
16225,-9.23705,-5.08054,0.0,17.860315,-0.515417,0.0,3.792956,3.088669,1.0,1.0,2,0
16227,-9.278659,-4.221512,-0.007812,17.850346,-1.448077,-0.003906,3.792956,3.088669,1.0,1.0,2,0
16235,-9.307996,-2.356193,0.0,17.840757,-0.613592,0.0,3.792956,3.088669,1.0,1.0,2,0
16236,-9.324295,-1.791688,-0.003906,17.830595,-1.178096,0.003906,3.792956,3.088669,1.0,1.0,2,0
16256,-9.347304,-3.60792,0.007812,17.81583,-1.300815,0.0,3.792956,3.088669,1.0,1.0,2,0
16258,-9.376834,-3.632463,0.003906,17.797039,-2.650717,0.003906,3.792956,3.088669,1.0,1.0,2,0
16265,-9.414416,-4.712385,0.011719,17.769043,-3.926988,0.003906,3.792956,3.088669,1.0,1.0,2,0
16289,-9.452957,-5.055996,0.003906,17.739706,-3.558833,-0.003906,3.792956,3.088669,1.0,1.0,2,0
16291,-9.49495,-4.368774,0.003906,17.704042,-3.755182,0.003906,3.792956,3.088669,1.0,1.0,2,0
16297,-9.54212,-5.718676,0.0,17.669718,-4.000618,0.0,3.792956,3.088669,1.0,1.0,2,0
16298,-9.594851,-6.0132,-0.003906,17.637505,-3.730638,-0.003906,3.792956,3.088669,1.0,1.0,2,0
16320,-9.642787,-4.908734,-0.007812,17.607208,-3.362483,0.003906,3.792956,3.088669,1.0,1.0,2,0
16322,-9.675193,-3.362483,0.0,17.583817,-1.718057,0.0,3.792956,3.088669,1.0,1.0,2,0
16328,-9.704913,-3.853357,0.003906,17.572311,-0.441786,0.0,3.792956,3.088669,1.0,1.0,2,0
16350,-9.739619,-4.368774,0.007812,17.572502,0.098175,0.003906,3.792956,3.088669,1.0,1.0,2,0
16351,-9.779119,-5.129628,0.007812,17.572119,0.0,0.0,3.792956,3.088669,1.0,1.0,2,0
16368,-9.825906,-4.638754,-0.003906,17.570009,-0.343611,0.003906,3.792956,3.088669,1.0,1.0,2,0
16371,-9.864831,-4.147881,-0.003906,17.568476,0.319068,0.0,3.792956,3.088669,1.0,1.0,2,0
16382,-9.900112,-4.123337,-0.007812,17.567709,0.368155,0.0,3.792956,3.088669,1.0,1.0,2,0
16383,-9.927341,-2.773435,0.0,17.567709,-0.26998,0.0,3.792956,3.088669,1.0,1.0,2,0
16392,-9.944214,-1.791688,-0.011719,17.567902,0.0,0.0,3.792956,3.088669,1.0,1.0,2,0
16426,-9.950925,0.024544,-0.007812,17.568092,0.245437,0.0,3.792956,3.088669,1.0,1.0,2,0
16427,-9.947858,0.220893,-0.007812,17.569052,0.539961,0.0,3.792956,3.088669,1.0,1.0,2,0
16428,-9.946707,-0.196349,0.0,17.569818,0.392699,-0.007812,3.792956,3.088669,1.0,1.0,2,0
16430,-9.946515,-0.368155,0.0,17.570202,0.294524,0.0,3.792956,3.088669,1.0,1.0,2,0
16442,-9.946132,0.171806,0.0,17.570393,0.024544,0.0,3.792956,3.088669,1.0,1.0,2,0
16444,-9.943447,0.515417,0.0,17.570585,0.171806,0.0,3.792956,3.088669,1.0,1.0,2,0
16453,-9.929833,2.601629,-0.011719,17.571928,0.490873,0.0,3.792956,3.088669,1.0,1.0,1,0
16485,-9.894935,4.368774,-0.011719,17.574228,0.196349,0.003906,3.792956,3.088669,1.0,1.0,1,0
16486,-9.844122,5.816851,0.0,17.575571,0.245437,0.007812,3.792956,3.088669,1.0,1.0,1,0
16488,-9.78583,7.142209,0.003906,17.576338,0.662679,0.0,3.792956,3.088669,1.0,1.0,1,0
16490,-9.726581,6.258636,0.0,17.576914,0.417242,0.003906,3.792956,3.088669,1.0,1.0,1,0
16507,-9.668865,6.675879,-0.007812,17.577105,0.343611,-0.007812,3.792956,3.088669,1.0,1.0,1,0
16510,-9.594659,8.933897,-0.003906,17.580173,0.638135,0.0,3.792956,3.088669,1.0,1.0,1,0
16515,-9.526205,7.755801,0.011719,17.58209,0.46633,0.0,3.792956,3.088669,1.0,1.0,1,0
16516,-9.454492,8.443024,0.0,17.582281,-0.049087,0.0,3.792956,3.088669,1.0,1.0,1,0
16538,-9.384887,7.044034,-0.003906,17.583624,0.834485,-0.007812,3.792956,3.088669,1.0,1.0,1,0
16540,-9.316816,7.534907,0.0,17.586309,0.687223,0.0,3.792956,3.088669,1.0,1.0,1,0
16547,-9.24472,9.302052,0.003906,17.593979,1.865319,0.0,3.792956,3.088669,1.0,1.0,1,0
16567,-9.165527,8.025781,0.003906,17.608551,1.644426,0.0,3.792956,3.088669,1.0,1.0,1,0
16569,-9.094006,7.927606,-0.003906,17.624275,1.66897,-0.003906,3.792956,3.088669,1.0,1.0,1,2
16599,-9.031113,7.314014,0.0,17.639614,2.233474,0.0,3.792956,3.088669,1.0,1.0,1,2
16601,-8.96381,7.289471,0.007812,17.664351,3.632463,0.0,3.792956,3.088669,1.0,1.0,1,2
16602,-8.891329,7.927606,0.007812,17.703083,5.031453,-0.003906,3.792956,3.088669,1.0,1.0,1,2
16603,-8.833805,5.325977,0.003906,17.752554,5.841394,0.0,3.792956,3.088669,1.0,1.0,1,2
16611,-8.79047,5.718676,-0.003906,17.79608,5.325977,0.0,3.792956,3.088669,1.0,1.0,1,2
16629,-8.735438,6.405899,0.0,17.845934,5.890481,0.0,3.792956,3.088669,1.0,1.0,1,2
16631,-8.678298,5.645045,0.003906,17.905567,7.534907,0.0,3.792956,3.088669,1.0,1.0,1,2
16632,-8.635538,4.933278,0.003906,17.962517,6.847685,0.003906,3.792956,3.088669,1.0,1.0,1,2
16642,-8.591244,4.516036,0.0,18.017164,5.841394,0.003906,3.792956,3.088669,1.0,1.0,1,2
16662,-8.549635,4.295143,0.003906,18.068361,6.086831,-0.003906,3.792956,3.088669,1.0,1.0,1,2
16663,-8.516654,3.264308,0.003906,18.122818,6.405899,-0.003906,3.792956,3.088669,1.0,1.0,1,2
16679,-8.490768,3.534289,-0.003906,18.172289,6.086831,0.0,3.792956,3.088669,1.0,1.0,1,2
16703,-8.454336,4.81056,-0.007812,18.229239,6.209549,0.003906,3.792956,3.088669,1.0,1.0,1,2
16704,-8.403715,6.602248,-0.011719,18.286762,6.381355,0.003906,3.792956,3.088669,1.0,1.0,1,2
16706,-8.342739,6.847685,0.003906,18.338917,5.718676,0.0,3.792956,3.088669,1.0,1.0,1,2
16708,-8.296336,5.227802,0.007812,18.384554,5.915025,0.0,3.792956,3.088669,1.0,1.0,1,2
16725,-8.247633,5.595957,-0.003906,18.440928,6.430442,0.0,3.792956,3.088669,1.0,1.0,1,2
16727,-8.190108,6.651335,-0.007812,18.497108,5.743219,0.003906,3.792956,3.088669,1.0,1.0,1,2
16733,-8.138529,6.356811,-0.007812,18.54332,6.037744,-0.003906,3.792956,3.088669,1.0,1.0,1,2
16734,-8.074293,7.583995,-0.003906,18.591257,5.006909,0.0,3.792956,3.088669,1.0,1.0,1,2
16756,-7.999512,7.731257,0.007812,18.634209,4.835104,0.007812,3.792956,3.088669,1.0,1.0,1,2
16758,-7.941412,5.669589,0.007812,18.67601,4.933278,0.0,3.792956,3.088669,1.0,1.0,1,2
16765,-7.895585,6.332268,-0.003906,18.715126,5.154171,-0.003906,3.792956,3.088669,1.0,1.0,1,2
16787,-7.83691,6.602248,0.0,18.76594,6.28318,0.0,3.792956,3.088669,1.0,1.0,1,2
16789,-7.781303,6.111374,-0.003906,18.820011,5.915025,0.0,3.792956,3.088669,1.0,1.0,1,2
16790,-7.723395,7.117665,0.0,18.870058,5.571414,0.0,3.792956,3.088669,1.0,1.0,1,2
16797,-7.670856,5.915025,0.011719,18.912434,5.571414,0.0,3.792956,3.088669,1.0,1.0,1,2
16818,-7.629247,3.583376,0.003906,18.963631,5.718676,0.003906,3.792956,3.088669,1.0,1.0,1,2
16819,-7.598184,3.264308,0.0,19.013868,5.571414,0.0,3.792956,3.088669,1.0,1.0,1,2
16838,-7.569231,3.926988,-0.007812,19.055477,5.399608,0.0,3.792956,3.088669,1.0,1.0,1,2
16839,-7.524745,5.252346,0.0,19.104181,5.473239,-0.007812,3.792956,3.088669,1.0,1.0,1,2
16859,-7.479109,4.196968,0.003906,19.158062,6.037744,0.003906,3.792956,3.088669,1.0,1.0,1,2
16860,-7.443828,3.558833,0.007812,19.207342,5.27689,0.003906,3.792956,3.088669,1.0,1.0,1,2
16862,-7.4189,2.527998,0.0,19.247801,5.055996,-0.003906,3.792956,3.088669,1.0,1.0,1,2
16882,-7.393206,2.920697,0.0,19.291903,5.055996,-0.003906,3.792956,3.088669,1.0,1.0,1,2
16883,-7.363869,3.215221,-0.003906,19.336004,5.154171,-0.003906,3.792956,3.088669,1.0,1.0,1,2
16891,-7.33549,2.748891,0.0,19.380106,5.301434,0.0,3.792956,3.088669,1.0,1.0,1,2
16911,-7.316507,2.135299,0.003906,19.418839,4.933278,0.0,3.792956,3.088669,1.0,1.0,1,2
16913,-7.298483,1.742601,0.0,19.460831,4.81056,0.0,3.792956,3.088669,1.0,1.0,1,2
16914,-7.281226,1.816232,-0.007812,19.499565,4.319686,0.003906,3.792956,3.088669,1.0,1.0,1,2
16925,-7.260325,2.331649,0.0,19.533888,3.804269,0.003906,3.792956,3.088669,1.0,1.0,1,2
16941,-7.237699,3.215221,-0.011719,19.563416,4.246056,-0.007812,3.792956,3.088669,1.0,1.0,1,2
16943,-7.201075,5.203259,-0.007812,19.604259,4.908734,-0.003906,3.792956,3.088669,1.0,1.0,1,2
16955,-7.15218,5.375064,0.007812,19.655264,5.988656,0.0,3.792956,3.088669,1.0,1.0,1,2
16956,-7.108845,4.663298,0.003906,19.706844,5.767763,0.003906,3.792956,3.088669,1.0,1.0,1,2
16978,-7.076056,4.000618,0.003906,19.747686,5.055996,0.003906,3.792956,3.088669,1.0,1.0,1,2
16979,-7.043651,3.460658,0.0,19.788912,4.319686,0.0,3.792956,3.088669,1.0,1.0,1,2
16985,-7.004726,4.34423,-0.003906,19.825727,3.976075,0.003906,3.792956,3.088669,1.0,1.0,1,2
17006,-6.970212,4.196968,0.0,19.853722,3.632463,0.007812,3.792956,3.088669,1.0,1.0,1,2
17007,-6.936272,3.534289,0.0,19.880951,2.454367,0.0,3.792956,3.088669,1.0,1.0,1,2
17008,-6.902524,3.657007,0.0,19.905111,2.67526,0.0,3.792956,3.088669,1.0,1.0,1,2
17040,-6.872804,3.779726,0.0,19.928696,3.043416,0.0,3.792956,3.088669,1.0,1.0,1,2
17041,-6.832728,4.859647,0.0,19.960333,4.000618,0.0,3.792956,3.088669,1.0,1.0,1,2
17043,-6.796488,2.994328,0.007812,19.997915,4.123337,0.0,3.792956,3.088669,1.0,1.0,1,2
17047,-6.776355,1.251727,0.003906,20.034348,4.295143,0.003906,3.792956,3.088669,1.0,1.0,0,2
17067,-6.76926,0.343611,0.0,20.063494,2.577086,0.007812,3.792956,3.088669,1.0,1.0,0,2
17068,-6.76485,0.319068,0.003906,20.081709,1.865319,0.0,3.792956,3.088669,1.0,1.0,0,2
17069,-6.762549,-0.319068,0.003906,20.09935,2.67526,0.0,3.792956,3.088669,1.0,1.0,0,2
17080,-6.761398,-0.343611,0.0,20.123127,3.632463,0.0,3.792956,3.088669,1.0,1.0,0,2
17100,-6.761015,0.196349,0.0,20.158216,4.025162,0.0,3.792956,3.088669,1.0,1.0,0,2
17105,-6.760823,0.220893,-0.003906,20.201551,4.589667,-0.003906,3.792956,3.088669,1.0,1.0,0,2
17128,-6.760439,0.098175,0.0,20.246613,4.712385,0.0,3.792956,3.088669,1.0,1.0,0,2
17130,-6.760439,0.098175,0.0,20.285728,4.81056,0.0,3.792956,3.088669,1.0,1.0,0,2
17143,-6.760823,-0.294524,-0.003906,20.329639,4.663298,0.0,3.792956,3.088669,1.0,1.0,0,2
17144,-6.761015,-0.294524,0.0,20.373549,5.055996,0.003906,3.792956,3.088669,1.0,1.0,0,2
17145,-6.760823,-0.343611,0.0,20.40979,3.632463,0.0,3.792956,3.088669,1.0,1.0,0,2
17162,-6.760823,-0.245437,-0.003906,20.435867,2.67526,0.003906,3.792956,3.088669,1.0,1.0,0,2
17163,-6.759481,0.196349,0.0,20.456192,2.135299,0.003906,3.792956,3.088669,1.0,1.0,0,2
17173,-6.755838,0.638135,0.0,20.471916,2.012581,0.0,3.792956,3.088669,1.0,1.0,0,0
17174,-6.754687,-0.368155,0.0,20.483229,1.104465,-0.003906,3.792956,3.088669,1.0,1.0,0,0
17194,-6.755646,-0.245437,-0.003906,20.496843,1.47262,0.0,3.792956,3.088669,1.0,1.0,0,0
17196,-6.755838,-0.171806,0.0,20.508348,1.251727,0.0,3.792956,3.088669,1.0,1.0,0,0
17203,-6.755838,0.245437,-0.003906,20.52062,1.398989,0.0,3.792956,3.088669,1.0,1.0,0,0
17224,-6.756796,-0.368155,0.003906,20.52618,-0.073631,0.0,3.792956,3.088669,1.0,1.0,0,0
17226,-6.757947,-0.147262,0.0,20.523497,0.147262,0.0,3.792956,3.088669,1.0,1.0,0,0
17228,-6.759673,-0.294524,-0.003906,20.522154,-0.049087,0.0,3.792956,3.088669,1.0,1.0,0,0
17237,-6.761015,-0.245437,0.0,20.52177,0.098175,0.0,3.792956,3.088669,1.0,1.0,0,0
17256,-6.762932,-0.245437,0.0,20.521194,-0.245437,0.003906,3.792956,3.088669,1.0,1.0,0,0
17258,-6.766,-0.589048,0.0,20.52062,0.171806,0.0,3.792956,3.088669,1.0,1.0,0,0
17268,-6.771369,-0.687223,0.003906,20.517551,-0.46633,0.0,3.792956,3.088669,1.0,1.0,0,0
17286,-6.788818,-2.969784,0.007812,20.514101,0.098175,0.0,3.792956,3.088669,1.0,1.0,2,0
17287,-6.818923,-4.442405,0.003906,20.509689,-1.521708,0.003906,3.792956,3.088669,1.0,1.0,2,1
17289,-6.858998,-4.466949,-0.003906,20.478052,-4.982366,0.007812,3.792956,3.088669,1.0,1.0,2,1
17300,-6.895622,-4.295143,-0.007812,20.419952,-6.921316,0.003906,3.792956,3.088669,1.0,1.0,2,1
17318,-6.936847,-5.154171,-0.003906,20.344595,-8.68846,0.0,3.792956,3.088669,1.0,1.0,2,1
17319,-6.982867,-5.522326,0.007812,20.267321,-8.41848,-0.007812,3.792956,3.088669,1.0,1.0,2,1
17329,-7.029845,-5.448695,0.003906,20.187939,-9.081159,0.0,3.792956,3.088669,1.0,1.0,2,1
17349,-7.07318,-5.473239,0.007812,20.106829,-9.400227,-0.003906,3.792956,3.088669,1.0,1.0,2,1
17351,-7.131471,-7.755801,0.007812,20.021502,-9.817469,-0.003906,3.792956,3.088669,1.0,1.0,2,1
17352,-7.199541,-7.436733,0.0,19.935789,-9.375683,0.003906,3.792956,3.088669,1.0,1.0,2,1
17360,-7.260325,-6.479529,0.0,19.853531,-9.179334,0.003906,3.792956,3.088669,1.0,1.0,2,1
17380,-7.314014,-6.921316,0.007812,19.778366,-9.400227,0.0,3.792956,3.088669,1.0,1.0,2,1
17381,-7.377291,-7.436733,0.003906,19.691313,-9.743838,-0.003906,3.792956,3.088669,1.0,1.0,2,1
17393,-7.44191,-8.074868,0.0,19.605217,-8.909353,-0.003906,3.792956,3.088669,1.0,1.0,2,1
17411,-7.513815,-8.271217,-0.007812,19.52219,-9.203877,0.007812,3.792956,3.088669,1.0,1.0,2,1
17413,-7.579393,-6.332268,0.0,19.436672,-9.130246,-0.003906,3.792956,3.088669,1.0,1.0,2,1
17415,-7.6373,-6.602248,0.003906,19.358438,-8.074868,-0.007812,3.792956,3.088669,1.0,1.0,2,1
17428,-7.704604,-8.074868,0.003906,19.284424,-7.731257,0.0,3.792956,3.088669,1.0,1.0,2,1
17444,-7.771141,-7.314014,-0.007812,19.216738,-7.338558,0.003906,3.792956,3.088669,1.0,1.0,2,1
17445,-7.837869,-7.903063,0.0,19.145023,-7.878519,-0.003906,3.792956,3.088669,1.0,1.0,2,1
17456,-7.901529,-7.240384,0.0,19.071775,-7.927606,0.0,3.792956,3.088669,1.0,1.0,2,1
17473,-7.957327,-6.798597,0.003906,19.002747,-7.093122,0.003906,3.792956,3.088669,1.0,1.0,2,1
17474,-8.015043,-7.755801,0.003906,18.941004,-7.142209,0.003906,3.792956,3.088669,1.0,1.0,2,1
17476,-8.092509,-7.264927,-0.007812,18.867949,-7.191296,0.0,3.792956,3.088669,1.0,1.0,2,1
17486,-8.147541,-7.191296,0.0,18.807739,-7.166752,-0.007812,3.792956,3.088669,1.0,1.0,2,1
17506,-8.211392,-7.510364,0.003906,18.742546,-6.528617,-0.007812,3.792956,3.088669,1.0,1.0,2,1
17507,-8.27371,-6.774054,0.0,18.68483,-5.743219,0.003906,3.792956,3.088669,1.0,1.0,2,1
17517,-8.338904,-8.025781,0.0,18.62558,-6.626791,0.003906,3.792956,3.088669,1.0,1.0,2,1
17549,-8.40755,-7.706713,-0.003906,18.560768,-7.142209,0.0,3.792956,3.088669,1.0,1.0,2,1
17551,-8.46354,-6.209549,0.0,18.496342,-6.602248,0.0,3.792956,3.088669,1.0,1.0,2,1
17553,-8.516271,-6.086831,0.003906,18.435942,-5.645045,-0.003906,3.792956,3.088669,1.0,1.0,2,1
17554,-8.573412,-6.823141,0.0,18.382635,-5.964112,0.0,3.792956,3.088669,1.0,1.0,2,1
17567,-8.62154,-5.767763,0.0,18.33585,-5.54687,0.003906,3.792956,3.088669,1.0,1.0,2,1
17569,-8.675613,-6.234093,-0.003906,18.276217,-7.068578,0.003906,3.792956,3.088669,1.0,1.0,2,1
17581,-8.737931,-6.504073,0.0,18.209488,-6.160462,0.0,3.792956,3.088669,1.0,1.0,2,1
17599,-8.780883,-4.835104,-0.003906,18.160784,-5.890481,-0.003906,3.792956,3.088669,1.0,1.0,2,1
17601,-8.82019,-4.761473,0.007812,18.110739,-4.270599,-0.003906,3.792956,3.088669,1.0,1.0,2,1
17602,-8.86506,-5.301434,0.011719,18.066828,-4.589667,-0.003906,3.792956,3.088669,1.0,1.0,2,1
17612,-8.920858,-7.01949,0.0,18.030396,-3.8779,0.003906,3.792956,3.088669,1.0,1.0,2,1
17631,-8.97263,-5.915025,-0.007812,17.994156,-3.8779,0.0,3.792956,3.088669,1.0,1.0,2,1
17633,-9.021142,-5.375064,0.0,17.956764,-4.098794,0.0,3.792956,3.088669,1.0,1.0,2,1
17650,-9.068312,-5.497783,0.0,17.921291,-3.706095,-0.007812,3.792956,3.088669,1.0,1.0,2,1
17651,-9.11414,-4.835104,0.0,17.896364,-2.110756,0.0,3.792956,3.088669,1.0,1.0,2,1
17653,-9.147504,-4.221512,0.003906,17.886202,-0.417242,-0.007812,3.792956,3.088669,1.0,1.0,2,0
17676,-9.188921,-5.203259,0.007812,17.883326,0.122718,0.0,3.792956,3.088669,1.0,1.0,2,0
17678,-9.245103,-6.28318,0.0,17.882175,0.147262,0.003906,3.792956,3.088669,1.0,1.0,2,0
17696,-9.289013,-4.81056,-0.011719,17.882175,-0.073631,0.0,3.792956,3.088669,1.0,1.0,2,0
17698,-9.32487,-3.387027,0.0,17.881983,-0.147262,0.0,3.792956,3.088669,1.0,1.0,2,0
17703,-9.354207,-3.018872,0.0,17.881983,-0.122718,0.0,3.792956,3.088669,1.0,1.0,2,0
17723,-9.38297,-3.436114,0.0,17.881983,-0.122718,0.0,3.792956,3.088669,1.0,1.0,2,0
17725,-9.410006,-4.025162,0.007812,17.882175,0.392699,0.0,3.792956,3.088669,1.0,1.0,2,0
17726,-9.443178,-4.442405,0.003906,17.881792,0.0,0.0,3.792956,3.088669,1.0,1.0,2,0
17735,-9.472515,-3.043416,-0.003906,17.881216,0.0,0.0,3.792956,3.088669,1.0,1.0,2,0
17753,-9.494759,-2.159843,0.0,17.87949,-0.245437,0.0,3.792956,3.088669,1.0,1.0,2,0
17755,-9.516426,-2.527998,0.0,17.87738,-0.196349,0.0,3.792956,3.088669,1.0,1.0,2,0
17766,-9.537518,-2.577086,0.003906,17.875656,-0.368155,0.0,3.792956,3.088669,1.0,1.0,2,0
17768,-9.562061,-2.577086,0.007812,17.874313,0.0,0.0,3.792956,3.088669,1.0,1.0,2,0
17786,-9.587372,-2.773435,0.0,17.872971,-0.122718,0.003906,3.792956,3.088669,1.0,1.0,2,0
17788,-9.608273,-1.840775,-0.007812,17.872013,0.147262,0.0,3.792956,3.088669,1.0,1.0,2,0
17800,-9.619203,-1.349902,0.0,17.871054,0.220893,0.0,3.792956,3.088669,1.0,1.0,2,0
17828,-9.621503,0.245437,0.0,17.869904,0.220893,0.0,3.792956,3.088669,1.0,1.0,2,0
17829,-9.620736,-0.245437,0.0,17.868944,-0.171806,0.0,3.792956,3.088669,1.0,1.0,2,0
17831,-9.620736,0.024544,-0.003906,17.867794,-0.220893,0.003906,3.792956,3.088669,1.0,1.0,2,0
17832,-9.620928,-0.196349,0.0,17.866261,-0.319068,0.0,3.792956,3.088669,1.0,1.0,2,0
17850,-9.620928,0.0,0.003906,17.863575,-0.073631,0.0,3.792956,3.088669,1.0,1.0,2,0
17851,-9.622079,-0.319068,0.0,17.856482,-1.178096,0.007812,3.792956,3.088669,1.0,1.0,2,0
17859,-9.629173,-1.349902,0.003906,17.846317,-0.981747,0.0,3.792956,3.088669,1.0,1.0,2,0
17879,-9.64528,-2.20893,0.007812,17.836922,-0.662679,0.0,3.792956,3.088669,1.0,1.0,2,0
17880,-9.664646,-2.258018,0.0,17.8235,-1.546251,0.0,3.792956,3.088669,1.0,1.0,2,0
17882,-9.694176,-3.902444,0.011719,17.807968,-1.816232,0.003906,3.792956,3.088669,1.0,1.0,2,0
17890,-9.736551,-5.203259,0.007812,17.786493,-2.454367,0.003906,3.792956,3.088669,1.0,1.0,2,0
17912,-9.790433,-6.160462,0.003906,17.760223,-2.822522,0.003906,3.792956,3.088669,1.0,1.0,2,0
17914,-9.843547,-5.620501,-0.007812,17.737213,-1.619882,0.0,3.792956,3.088669,1.0,1.0,2,0
17923,-9.886498,-5.252346,-0.003906,17.720915,-1.693513,-0.003906,3.792956,3.088669,1.0,1.0,2,0
17941,-9.940187,-5.375064,-0.003906,17.713438,0.098175,0.003906,3.792956,3.088669,1.0,1.0,2,0
17942,-9.97777,-4.098794,0.0,17.711712,-0.171806,0.0,3.792956,3.088669,1.0,1.0,2,0
17944,-10.002889,-1.816232,-0.011719,17.706917,-0.638135,0.0,3.792956,3.088669,1.0,1.0,2,0
17958,-10.007491,0.0,-0.003906,17.70289,0.122718,-0.003906,3.792956,3.088669,1.0,1.0,0,0
17982,-10.001739,0.589048,-0.003906,17.7027,0.392699,-0.003906,3.792956,3.088669,1.0,1.0,0,0
17983,-9.994644,0.687223,0.0,17.703274,0.539961,-0.003906,3.792956,3.088669,1.0,1.0,0,0
17989,-9.99311,0.122718,0.0,17.703274,-0.122718,0.0,3.792956,3.088669,1.0,1.0,0,0
18040,-9.993685,0.0,0.0,17.703466,-0.122718,0.0,3.792956,3.088669,1.0,1.0,0,0
18042,-9.993301,0.319068,0.0,17.70385,0.073631,0.003906,3.792956,3.088669,1.0,1.0,0,0
18043,-9.99311,-0.171806,0.0,17.704426,0.294524,0.0,3.792956,3.088669,1.0,1.0,0,0
18044,-9.992726,-0.220893,0.0,17.706343,0.564505,0.0,3.792956,3.088669,1.0,1.0,0,0
18046,-9.991385,-0.024544,-0.003906,17.707302,0.147262,-0.003906,3.792956,3.088669,1.0,1.0,0,0
18048,-9.985056,1.079922,-0.003906,17.709026,0.294524,-0.007812,3.792956,3.088669,1.0,1.0,0,0
18049,-9.968566,2.478911,0.0,17.712479,0.613592,0.0,3.792956,3.088669,1.0,1.0,0,0
18066,-9.942297,3.067959,-0.003906,17.722641,1.816232,-0.003906,3.792956,3.088669,1.0,1.0,1,0
18069,-9.915452,3.067959,-0.007812,17.739899,2.135299,0.0,3.792956,3.088669,1.0,1.0,1,2
18071,-9.879211,4.196968,-0.007812,17.762333,2.67526,0.0,3.792956,3.088669,1.0,1.0,1,2
18080,-9.829933,6.798597,-0.003906,17.790136,3.362483,-0.003906,3.792956,3.088669,1.0,1.0,1,2
18100,-9.773559,7.289471,0.0,17.825609,5.424152,-0.003906,3.792956,3.088669,1.0,1.0,1,2
18101,-9.713159,6.356811,0.0,17.885435,7.780344,-0.007812,3.792956,3.088669,1.0,1.0,1,2
18111,-9.649882,8.246674,-0.011719,17.957148,8.099412,0.0,3.792956,3.088669,1.0,1.0,1,2
18112,-9.56743,8.982985,0.0,18.025219,7.534907,0.003906,3.792956,3.088669,1.0,1.0,1,2
18130,-9.49495,8.663917,0.007812,18.080442,6.74951,-0.003906,3.792956,3.088669,1.0,1.0,1,2
18132,-9.413457,8.663917,0.003906,18.141417,6.528617,0.0,3.792956,3.088669,1.0,1.0,1,2
18144,-9.344045,7.583995,0.0,18.199133,6.185006,0.0,3.792956,3.088669,1.0,1.0,1,2
18162,-9.283645,7.706713,0.0,18.248413,6.675879,0.0,3.792956,3.088669,1.0,1.0,1,2
18164,-9.213081,6.798597,0.011719,18.296541,4.908734,0.003906,3.792956,3.088669,1.0,1.0,1,2
18173,-9.161118,5.031453,0.003906,18.330864,2.945241,0.007812,3.792956,3.088669,1.0,1.0,1,2
18174,-9.123919,4.761473,-0.003906,18.350231,2.429824,0.003906,3.792956,3.088669,1.0,1.0,1,2
18192,-9.076365,5.669589,-0.007812,18.365763,2.233474,0.0,3.792956,3.088669,1.0,1.0,1,2
18194,-9.030729,4.491492,-0.003906,18.382061,2.135299,0.0,3.792956,3.088669,1.0,1.0,1,2
18209,-8.987969,4.393317,0.0,18.402193,2.577086,-0.003906,3.792956,3.088669,1.0,1.0,1,2
18223,-8.941375,5.522326,0.0,18.431915,3.951531,0.0,3.792956,3.088669,1.0,1.0,1,2
18225,-8.89574,5.154171,0.007812,18.462786,4.172424,0.0,3.792956,3.088669,1.0,1.0,1,2
18226,-8.856623,3.411571,0.003906,18.499027,3.779726,0.0,3.792956,3.088669,1.0,1.0,1,2
18235,-8.828053,3.092503,0.003906,18.532007,3.632463,0.0,3.792956,3.088669,1.0,1.0,1,2
18284,-8.801399,3.828813,-0.003906,18.558084,3.043416,0.003906,3.792956,3.088669,1.0,1.0,1,2
18285,-8.757681,6.037744,-0.007812,18.581478,2.67526,0.003906,3.792956,3.088669,1.0,1.0,1,2
18287,-8.703992,5.767763,0.0,18.60257,2.454367,0.0,3.792956,3.088669,1.0,1.0,1,2
18288,-8.66219,5.154171,0.007812,18.617527,1.914407,0.0,3.792956,3.088669,1.0,1.0,1,2
18290,-8.616172,4.957822,0.0,18.635166,1.546251,0.0,3.792956,3.088669,1.0,1.0,1,2
18300,-8.563249,6.430442,-0.003906,18.656067,2.601629,0.0,3.792956,3.088669,1.0,1.0,1,2
18302,-8.511477,5.571414,0.0,18.674475,2.307105,0.0,3.792956,3.088669,1.0,1.0,1,2
18317,-8.464883,6.234093,-0.007812,18.690006,2.356193,0.0,3.792956,3.088669,1.0,1.0,1,2
18319,-8.395854,8.933897,-0.007812,18.714359,3.288852,-0.003906,3.792956,3.088669,1.0,1.0,1,2
18328,-8.317812,7.731257,0.011719,18.745039,3.485202,-0.003906,3.792956,3.088669,1.0,1.0,1,2
18330,-8.248208,7.804888,0.0,18.782238,4.196968,-0.007812,3.792956,3.088669,1.0,1.0,1,2
18348,-8.185699,7.608539,-0.007812,18.815985,4.07425,0.0,3.792956,3.088669,1.0,1.0,1,2
18350,-8.117245,7.706713,-0.007812,18.847815,3.14159,0.003906,3.792956,3.088669,1.0,1.0,1,2
18359,-8.040737,9.351139,0.003906,18.868908,2.307105,0.0,3.792956,3.088669,1.0,1.0,1,2
18380,-7.965572,7.314014,0.003906,18.889807,2.503455,0.0,3.792956,3.088669,1.0,1.0,1,2
18381,-7.911883,6.258636,0.0,18.91186,3.288852,0.0,3.792956,3.088669,1.0,1.0,1,2
18382,-7.846497,7.093122,-0.007812,18.943306,3.755182,0.0,3.792956,3.088669,1.0,1.0,1,2
18392,-7.784179,6.332268,0.0,18.977436,3.558833,0.0,3.792956,3.088669,1.0,1.0,1,2
18412,-7.720519,6.921316,0.003906,19.009266,3.387027,0.0,3.792956,3.088669,1.0,1.0,1,2
18414,-7.663187,6.675879,0.003906,19.034193,2.650717,0.0,3.792956,3.088669,1.0,1.0,1,2
18423,-7.614291,4.81056,0.003906,19.065639,3.853357,0.0,3.792956,3.088669,1.0,1.0,1,2
18441,-7.569422,5.497783,0.0,19.099962,4.246056,0.0,3.792956,3.088669,1.0,1.0,1,2
18445,-7.520526,6.823141,-0.007812,19.132368,4.246056,0.0,3.792956,3.088669,1.0,1.0,1,2
18449,-7.465687,5.08054,0.007812,19.168608,4.516036,0.0,3.792956,3.088669,1.0,1.0,1,2
18454,-7.42216,4.368774,0.011719,19.203699,3.485202,0.003906,3.792956,3.088669,1.0,1.0,1,2
18474,-7.39033,3.902444,0.0,19.235336,4.663298,0.0,3.792956,3.088669,1.0,1.0,1,2
18476,-7.353131,3.902444,0.0,19.273302,4.712385,0.0,3.792956,3.088669,1.0,1.0,1,2
18487,-7.321493,2.650717,0.003906,19.316637,5.252346,-0.003906,3.792956,3.088669,1.0,1.0,1,2
18488,-7.300017,2.307105,0.0,19.356522,4.786016,0.0,3.792956,3.088669,1.0,1.0,1,2
18506,-7.275281,3.092503,0.0,19.401581,5.203259,0.003906,3.792956,3.088669,1.0,1.0,1,2
18508,-7.248245,2.67526,0.0,19.444725,5.129628,0.0,3.792956,3.088669,1.0,1.0,1,2
18516,-7.222551,3.313396,-0.007812,19.484034,5.301434,0.0,3.792956,3.088669,1.0,1.0,1,2
18536,-7.185735,4.516036,-0.003906,19.527369,5.129628,0.003906,3.792956,3.088669,1.0,1.0,1,2
18537,-7.146235,3.681551,0.003906,19.568018,4.417861,-0.003906,3.792956,3.088669,1.0,1.0,1,2
18547,-7.118432,1.988037,0.011719,19.611929,4.835104,-0.003906,3.792956,3.088669,1.0,1.0,1,2
18548,-7.101175,1.644426,0.003906,19.658907,5.105084,0.0,3.792956,3.088669,1.0,1.0,1,2
18568,-7.088903,1.865319,0.0,19.699366,5.252346,0.003906,3.792956,3.088669,1.0,1.0,1,2
18569,-7.07548,1.055378,0.003906,19.739058,4.319686,0.0,3.792956,3.088669,1.0,1.0,1,2
18579,-7.068769,0.613592,-0.003906,19.779133,4.516036,0.0,3.792956,3.088669,1.0,1.0,1,2
18597,-7.062825,0.589048,-0.003906,19.816523,5.129628,0.0,3.792956,3.088669,1.0,1.0,1,2
18598,-7.052855,1.423533,0.003906,19.859091,4.859647,-0.007812,3.792956,3.088669,1.0,1.0,1,2
18600,-7.039815,2.086212,-0.003906,19.901083,4.957822,-0.003906,3.792956,3.088669,1.0,1.0,1,2
18610,-7.016039,3.067959,-0.003906,19.944611,5.54687,0.0,3.792956,3.088669,1.0,1.0,1,2
18642,-6.990153,3.215221,0.0,19.986986,5.694132,0.0,3.792956,3.088669,1.0,1.0,1,2
18643,-6.962158,3.018872,0.0,20.035307,5.154171,0.003906,3.792956,3.088669,1.0,1.0,1,2
18645,-6.935313,2.626173,-0.003906,20.07519,3.657007,0.003906,3.792956,3.088669,1.0,1.0,1,2
18661,-6.90866,2.748891,0.0,20.10261,3.190677,0.0,3.792956,3.088669,1.0,1.0,1,2
18663,-6.886993,2.307105,0.0,20.12121,2.307105,0.0,3.792956,3.088669,1.0,1.0,1,2
18664,-6.859765,3.166134,0.0,20.139809,2.601629,0.0,3.792956,3.088669,1.0,1.0,1,2
18674,-6.826209,4.025162,0.003906,20.161476,2.527998,-0.003906,3.792956,3.088669,1.0,1.0,1,2
18692,-6.803008,2.184387,0.007812,20.183336,3.043416,-0.003906,3.792956,3.088669,1.0,1.0,0,2
18693,-6.794954,-0.098175,0.007812,20.208454,2.969784,0.0,3.792956,3.088669,1.0,1.0,0,2
18703,-6.800515,-1.055378,-0.003906,20.233765,2.724348,0.0,3.792956,3.088669,1.0,1.0,0,2
18704,-6.80224,0.171806,-0.003906,20.258118,2.552542,0.0,3.792956,3.088669,1.0,1.0,0,2
18727,-6.801857,-0.245437,0.0,20.285921,3.239765,0.0,3.792956,3.088669,1.0,1.0,0,2
18728,-6.801857,-0.245437,-0.003906,20.313341,3.730638,0.0,3.792956,3.088669,1.0,1.0,0,2
18735,-6.802049,-0.417242,0.0,20.348621,4.196968,0.003906,3.792956,3.088669,1.0,1.0,0,2
18758,-6.802433,-0.245437,0.0,20.381603,3.509745,0.003906,3.792956,3.088669,1.0,1.0,0,2
18759,-6.804542,-0.760854,-0.003906,20.407681,2.552542,0.003906,3.792956,3.088669,1.0,1.0,0,2
18767,-6.807034,-0.245437,0.0,20.424746,1.742601,0.003906,3.792956,3.088669,1.0,1.0,0,0
18769,-6.80761,0.196349,0.0,20.431841,0.417242,-0.007812,3.792956,3.088669,1.0,1.0,0,0
18786,-6.80761,-0.392699,0.003906,20.43721,0.711766,0.0,3.792956,3.088669,1.0,1.0,0,0
18788,-6.807226,0.171806,0.0,20.442003,0.785398,0.0,3.792956,3.088669,1.0,1.0,0,0
18799,-6.806842,0.171806,0.003906,20.443537,-0.098175,0.003906,3.792956,3.088669,1.0,1.0,0,0
18821,-6.806651,0.024544,0.0,20.442579,0.049087,-0.007812,3.792956,3.088669,1.0,1.0,0,0
18822,-6.806651,-0.196349,0.003906,20.442963,0.515417,0.0,3.792956,3.088669,1.0,1.0,0,0
18824,-6.806651,-0.245437,0.003906,20.442387,-0.343611,-0.003906,3.792956,3.088669,1.0,1.0,0,0
18830,-6.806651,-0.171806,0.0,20.442196,-0.122718,0.0,3.792956,3.088669,1.0,1.0,0,0
18848,-6.806842,-0.368155,0.0,20.442196,0.0,0.003906,3.792956,3.088669,1.0,1.0,0,0
18850,-6.806651,0.147262,0.0,20.441811,0.171806,0.0,3.792956,3.088669,1.0,1.0,0,0
18870,-6.807034,-0.220893,0.0,20.441236,0.0,0.0,3.792956,3.088669,1.0,1.0,0,0
18871,-6.807801,-0.245437,0.0,20.439894,-0.122718,0.003906,3.792956,3.088669,1.0,1.0,0,0
18873,-6.80761,0.220893,0.0,20.439703,-0.098175,0.0,3.792956,3.088669,1.0,1.0,0,0
18891,-6.807993,-0.245437,0.003906,20.438934,-0.049087,0.0,3.792956,3.088669,1.0,1.0,0,0
18892,-6.809144,-0.589048,0.003906,20.435675,-0.687223,0.003906,3.792956,3.088669,1.0,1.0,0,0
18912,-6.811828,-0.834485,0.0,20.426855,-1.104465,0.0,3.792956,3.088669,1.0,1.0,0,1
18913,-6.81969,-1.66897,0.003906,20.403461,-3.804269,0.007812,3.792956,3.088669,1.0,1.0,0,1
18925,-6.838864,-2.527998,0.0,20.356867,-5.448695,0.0,3.792956,3.088669,1.0,1.0,0,1
18953,-6.85919,-2.184387,-0.003906,20.302027,-5.890481,0.0,3.792956,3.088669,1.0,1.0,2,1
18957,-6.876255,-2.184387,-0.003906,20.249296,-5.055996,0.0,3.792956,3.088669,1.0,1.0,2,1
18959,-6.894855,-2.40528,0.0,20.195992,-5.497783,0.003906,3.792956,3.088669,1.0,1.0,2,1
18960,-6.915947,-2.527998,0.0,20.147863,-5.988656,0.007812,3.792956,3.088669,1.0,1.0,2,1
18974,-6.945092,-3.681551,0.0,20.093597,-6.160462,0.0,3.792956,3.088669,1.0,1.0,2,1
18975,-6.982483,-4.638754,0.0,20.03569,-6.135918,-0.007812,3.792956,3.088669,1.0,1.0,2,1
18984,-7.026202,-5.08054,0.003906,19.9774,-5.301434,0.0,3.792956,2.998547,1.0,1.0,2,1
19005,-7.071646,-6.062287,0.011719,19.924669,-5.448695,0.0,3.792956,2.998547,1.0,1.0,2,1
19007,-7.133964,-8.344849,0.003906,19.869829,-6.454986,0.0,3.792956,2.998547,1.0,1.0,2,1
19008,-7.206061,-8.025781,0.0,19.80962,-6.234093,0.0,3.792956,2.998547,1.0,1.0,2,1
19015,-7.270871,-7.657626,0.0,19.747877,-6.700423,0.0,3.792956,2.998547,1.0,1.0,2,1
19038,-7.330122,-7.853975,0.007812,19.694572,-6.479529,0.0,3.792956,2.998547,1.0,1.0,2,1
19039,-7.399917,-7.976694,0.003906,19.638966,-5.792307,0.0,3.792956,2.998547,1.0,1.0,2,1
19046,-7.473932,-9.228421,0.0,19.590069,-5.006909,0.0,3.792956,2.998547,1.0,1.0,2,1
19067,-7.551589,-8.41848,-0.011719,19.540024,-5.375064,0.007812,3.792956,2.998547,1.0,1.0,2,1
19068,-7.616592,-6.921316,0.003906,19.485184,-5.718676,0.0,3.792956,2.998547,1.0,1.0,2,1
19070,-7.684471,-7.682169,0.007812,19.432644,-5.227802,0.0,3.792956,2.998547,1.0,1.0,2,1
19080,-7.755033,-7.731257,-0.007812,19.385666,-4.761473,-0.003906,3.792956,2.998547,1.0,1.0,2,1
19099,-7.82157,-7.853975,-0.007812,19.341948,-4.908734,0.0,3.792956,2.998547,1.0,1.0,2,1
19103,-7.886764,-6.872229,0.0,19.303408,-4.025162,0.003906,3.792956,2.998547,1.0,1.0,2,1
19109,-7.935276,-6.381355,0.003906,19.271961,-3.706095,0.0,3.792956,2.998547,1.0,1.0,2,1
19110,-7.991842,-7.142209,0.007812,19.237253,-4.196968,0.003906,3.792956,2.998547,1.0,1.0,2,1
19131,-8.058378,-7.461277,-0.007812,19.19833,-4.859647,0.0,3.792956,2.998547,1.0,1.0,2,1
19132,-8.117245,-6.086831,0.0,19.154228,-5.325977,0.0,3.792956,2.998547,1.0,1.0,2,1
19142,-8.174002,-6.430442,0.0,19.111851,-4.442405,-0.003906,3.792956,2.998547,1.0,1.0,2,1
19162,-8.232485,-6.921316,0.0,19.074078,-4.172424,0.0,3.792956,2.998547,1.0,1.0,2,1
19163,-8.286366,-6.160462,0.0,19.039562,-3.706095,0.0,3.792956,2.998547,1.0,1.0,2,1
19174,-8.346191,-7.093122,0.0,19.003706,-4.246056,0.003906,3.792956,2.998547,1.0,1.0,2,1
19175,-8.402757,-6.994947,-0.007812,18.969383,-3.730638,0.0,3.792956,2.998547,1.0,1.0,2,1
19192,-8.453761,-5.325977,0.0,18.931225,-4.172424,0.003906,3.792956,2.998547,1.0,1.0,2,1
19194,-8.501507,-5.915025,0.003906,18.895943,-3.902444,0.003906,3.792956,2.998547,1.0,1.0,2,1
19204,-8.557114,-7.191296,0.0,18.859129,-3.951531,0.0,3.792956,2.998547,1.0,1.0,2,1
19224,-8.614254,-6.086831,0.0,18.817711,-4.933278,-0.003906,3.792956,2.998547,1.0,1.0,2,1
19226,-8.671586,-6.823141,-0.003906,18.779169,-3.926988,0.0,3.792956,2.998547,1.0,1.0,2,1
19237,-8.732945,-6.626791,-0.007812,18.74523,-3.534289,-0.003906,3.792956,2.998547,1.0,1.0,2,1
19238,-8.787019,-5.522326,0.003906,18.714359,-3.485202,0.0,3.792956,2.998547,1.0,1.0,2,1
19256,-8.83438,-5.865938,0.007812,18.681761,-3.657007,0.003906,3.792956,2.998547,1.0,1.0,2,1
19258,-8.891137,-6.700423,0.007812,18.644178,-4.246056,0.007812,3.792956,2.998547,1.0,1.0,2,1
19270,-8.945786,-6.626791,-0.007812,18.606979,-4.565123,0.0,3.792956,2.998547,1.0,1.0,2,1
19298,-8.997557,-5.595957,0.0,18.563454,-4.982366,0.0,3.792956,2.998547,1.0,1.0,2,1
19300,-9.050671,-6.381355,0.0,18.521845,-4.000618,0.0,3.792956,2.998547,1.0,1.0,2,1
19301,-9.101101,-5.473239,0.0,18.482344,-4.07425,0.0,3.792956,2.998547,1.0,1.0,2,1
19302,-9.139642,-4.049706,-0.003906,18.444954,-4.172424,0.0,3.792956,2.998547,1.0,1.0,2,1
19318,-9.178375,-5.031453,0.0,18.413124,-3.239765,-0.003906,3.792956,2.998547,1.0,1.0,2,1
19319,-9.22401,-5.988656,0.003906,18.383978,-3.14159,0.003906,3.792956,2.998547,1.0,1.0,2,1
19329,-9.270222,-4.663298,-0.007812,18.347929,-4.295143,0.0,3.792956,2.998547,1.0,1.0,2,1
19347,-9.302052,-3.067959,-0.007812,18.30402,-5.105084,0.007812,3.792956,2.998547,1.0,1.0,2,1
19349,-9.315475,-1.079922,0.0,18.256083,-5.129628,0.0,3.563818,2.998547,1.0,1.0,2,1
19359,-9.323719,-0.834485,0.0,18.215815,-4.712385,-0.007812,3.563818,2.998547,1.0,1.0,2,1
19361,-9.330431,-0.687223,0.0,18.175739,-4.196968,0.0,3.563818,2.998547,1.0,1.0,2,1
19380,-9.336375,-1.178096,0.0,18.13854,-4.025162,0.0,3.563818,2.998547,1.0,1.0,2,1
19381,-9.345963,-1.398989,0.0,18.102684,-3.706095,-0.003906,3.563818,2.998547,1.0,1.0,2,1
19391,-9.356892,-1.914407,0.0,18.071814,-3.215221,-0.003906,3.563818,2.998547,1.0,1.0,2,1
19412,-9.372231,-2.380736,0.007812,18.045736,-2.87161,0.003906,3.563818,2.998547,1.0,1.0,2,1
19413,-9.395817,-2.748891,0.007812,18.021,-2.822522,-0.003906,3.563818,2.976496,1.0,1.0,2,1
19423,-9.425154,-3.632463,0.0,17.993773,-2.969784,0.003906,3.563818,2.976496,1.0,1.0,2,1
19424,-9.458135,-3.951531,0.0,17.962517,-3.657007,-0.003906,3.563818,2.976496,1.0,1.0,2,1
19442,-9.484404,-3.436114,0.0,17.933563,-3.166134,-0.007812,3.563818,2.976496,1.0,1.0,2,1
19444,-9.514508,-3.730638,0.0,17.908443,-2.037125,0.0,3.563818,2.976496,1.0,1.0,2,0
19453,-9.549214,-4.196968,-0.003906,17.892912,-0.883572,0.0,3.563818,2.976496,1.0,1.0,2,0
19473,-9.585838,-4.000618,0.0,17.891571,0.245437,0.0,3.563818,2.976496,1.0,1.0,2,0
19475,-9.616901,-2.969784,-0.007812,17.894638,0.515417,0.0,3.563818,2.976496,1.0,1.0,2,0
19477,-9.633775,-1.104465,-0.007812,17.895214,0.26998,0.0,3.563818,2.976496,1.0,1.0,2,0
19496,-9.637419,0.0,0.0,17.895214,0.343611,0.0,3.563818,2.976496,1.0,1.0,2,0
19498,-9.637802,-0.294524,0.0,17.895021,0.024544,0.003906,3.563818,2.976496,1.0,1.0,2,0
19516,-9.641829,-0.73631,0.0,17.894831,0.0,0.003906,3.563818,2.976496,1.0,1.0,2,0
19517,-9.648923,-0.662679,0.0,17.895214,0.245437,0.0,3.563818,2.976496,1.0,1.0,2,0
19539,-9.658127,-1.006291,0.0,17.893488,0.171806,0.0,3.563818,2.976496,1.0,1.0,2,0
19540,-9.670399,-2.159843,0.0,17.893681,0.171806,0.0,3.563818,2.976496,1.0,1.0,2,0
19542,-9.696093,-3.853357,0.007812,17.893295,0.245437,0.003906,3.563818,2.976496,1.0,1.0,2,0
19548,-9.735209,-5.252346,0.007812,17.893105,0.049087,0.0,3.563818,2.976496,1.0,1.0,2,0
19568,-9.786022,-6.356811,0.003906,17.893105,-0.049087,0.0,3.563818,2.976496,1.0,1.0,2,0
19569,-9.834343,-5.031453,-0.007812,17.893488,0.26998,0.0,3.563818,2.976496,1.0,1.0,2,0
19580,-9.869049,-4.687841,-0.003906,17.894255,0.417242,0.0,3.563818,2.976496,1.0,1.0,2,0
19598,-9.906823,-4.393317,-0.007812,17.895788,0.490873,0.0,3.563818,2.976496,1.0,1.0,2,0
19599,-9.939996,-3.460658,0.0,17.897131,0.245437,0.0,3.563818,2.976496,1.0,1.0,2,0
19600,-9.967416,-2.650717,-0.007812,17.897131,-0.319068,0.0,3.563818,2.976496,1.0,1.0,2,0
19610,-9.981988,-0.809941,-0.003906,17.897898,0.024544,0.0,3.563818,2.976496,1.0,1.0,0,0
19630,-9.983906,0.0,-0.007812,17.89924,0.294524,0.0,3.563818,2.976496,1.0,1.0,0,0
19632,-9.982372,-0.490873,0.0,17.899431,-0.098175,0.0,3.563818,2.976496,1.0,1.0,0,0
19641,-9.981605,0.0,0.0,17.899817,0.392699,0.0,3.563818,2.976496,1.0,1.0,0,0
19659,-9.980838,-0.122718,0.0,17.899624,0.0,0.0,3.563818,2.976496,1.0,1.0,0,0
19661,-9.979113,0.147262,0.0,17.899431,-0.245437,0.0,3.563818,2.976496,1.0,1.0,0,0
19662,-9.977578,0.196349,0.0,17.9002,0.122718,-0.007812,3.563818,2.976496,1.0,1.0,0,0
19673,-9.977386,-0.26998,0.0,17.900774,0.539961,0.0,3.563818,2.976496,1.0,1.0,0,0
19704,-9.977003,-0.171806,0.0,17.900774,-0.368155,0.0,3.563818,2.976496,1.0,1.0,0,0
19705,-9.976236,-0.196349,0.0,17.901924,0.319068,0.0,3.563818,2.976496,1.0,1.0,0,0
19707,-9.974702,-0.294524,0.0,17.90691,1.178096,-0.003906,3.563818,2.976496,1.0,1.0,0,0
19708,-9.973935,-0.049087,0.0,17.912279,0.859029,0.0,3.563818,2.976496,1.0,1.0,0,0
19724,-9.97336,0.049087,0.0,17.918415,1.276271,0.0,3.563818,2.976496,1.0,1.0,0,0
19726,-9.973168,-0.245437,0.0,17.932604,1.840775,0.0,3.563818,2.976496,1.0,1.0,0,0
19733,-9.972592,0.122718,0.0,17.952354,2.847066,0.0,3.563818,2.976496,1.0,1.0,0,2
19756,-9.971251,0.343611,-0.003906,17.972488,2.87161,-0.003906,3.563818,2.976496,1.0,1.0,0,2
19757,-9.967607,0.981747,-0.007812,17.995689,3.117046,-0.003906,3.563818,2.976496,1.0,1.0,0,2
19758,-9.954377,2.061668,-0.011719,18.021576,3.067959,-0.003906,3.563818,2.976496,1.0,1.0,1,2
19766,-9.930792,2.896153,0.0,18.05072,3.755182,-0.003906,3.563818,2.976496,1.0,1.0,1,2
19788,-9.900687,4.049706,-0.007812,18.086386,3.976075,0.0,3.563818,2.976496,1.0,1.0,1,2
19789,-9.860037,4.417861,0.0,18.126078,4.466949,-0.003906,3.563818,2.976496,1.0,1.0,1,2
19798,-9.815552,6.135918,-0.003906,18.162317,4.516036,0.0,3.563818,2.976496,1.0,1.0,1,2
19818,-9.758219,5.939569,0.0,18.206802,5.375064,0.0,3.563818,2.976496,1.0,1.0,1,2
19819,-9.709707,4.786016,-0.003906,18.255507,5.350521,0.003906,3.563818,2.976496,1.0,1.0,1,2
19820,-9.655442,7.044034,-0.007812,18.299417,4.736929,0.003906,3.563818,2.976496,1.0,1.0,1,2
19830,-9.592166,8.663917,0.0,18.32933,3.362483,0.007812,3.563818,2.976496,1.0,1.0,1,2
19852,-9.523904,6.970403,0.011719,18.351572,2.503455,0.0,3.563818,2.976496,1.0,1.0,1,2
19853,-9.463311,6.823141,0.003906,18.370556,2.773435,0.0,3.563818,2.976496,1.0,1.0,1,2
19859,-9.408664,6.381355,0.0,18.385704,1.889863,0.0,3.563818,2.976496,1.0,1.0,1,2
19892,-9.35229,6.037744,0.0,18.402962,2.331649,0.0,3.563818,2.976496,1.0,1.0,1,2
19893,-9.28863,7.48582,-0.007812,18.423477,2.748891,0.0,3.563818,2.976496,1.0,1.0,1,2
19895,-9.221519,8.148499,0.011719,18.441885,1.93895,0.0,3.563818,2.976496,1.0,1.0,1,2
19896,-9.156324,6.675879,0.003906,18.462786,2.282562,0.0,3.563818,2.976496,1.0,1.0,1,2
19912,-9.09439,7.044034,-0.007812,18.483303,2.012581,0.0,3.563818,2.976496,1.0,1.0,1,2
19913,-9.030346,6.700423,0.0,18.500944,2.20893,0.0,3.563818,2.976496,1.0,1.0,1,2
19923,-8.974547,6.479529,0.0,18.514559,1.718057,0.0,3.563818,2.976496,1.0,1.0,1,2
19925,-8.904559,7.780344,0.003906,18.533157,2.061668,0.003906,3.563818,2.976496,1.0,1.0,1,2
19942,-8.841283,6.234093,0.003906,18.551949,2.822522,0.003906,3.563818,2.976496,1.0,1.0,1,2
19944,-8.793155,6.381355,-0.003906,18.56518,1.570795,0.0,3.563818,2.976496,1.0,1.0,1,2
19955,-8.730453,7.436733,0.0,18.581669,1.988037,0.0,3.563818,2.976496,1.0,1.0,1,2
19973,-8.66545,7.461277,0.0,18.596817,1.66897,-0.007812,3.563818,2.976496,1.0,1.0,1,2
19977,-8.604092,6.724967,0.0,18.611198,1.595339,0.003906,3.563818,2.976496,1.0,1.0,1,2
19979,-8.548101,6.528617,0.003906,18.620977,1.521708,-0.003906,3.563818,2.976496,1.0,1.0,1,2
19991,-8.493836,5.620501,0.0,18.635359,1.619882,0.0,3.563818,2.976496,1.0,1.0,1,2
20009,-8.442257,6.160462,-0.007812,18.652424,2.429824,0.0,3.252804,2.976496,1.0,1.0,1,2
20012,-8.38665,7.314014,0.0,18.666805,2.012581,-0.003906,3.252804,2.976496,1.0,1.0,1,2
20017,-8.323181,6.234093,0.007812,18.685596,2.282562,-0.003906,3.252804,2.976496,1.0,1.0,1,2
20035,-8.271026,4.982366,0.003906,18.712824,3.313396,0.0,3.252804,2.976496,1.0,1.0,1,2
20037,-8.219638,5.54687,-0.003906,18.750023,4.786016,-0.007812,3.252804,2.976496,1.0,1.0,1,2
20038,-8.17822,4.859647,0.0,18.790674,5.497783,-0.007812,3.252804,2.976496,1.0,1.0,1,2
20049,-8.136228,4.736929,0.0,18.842062,5.718676,0.003906,3.252804,2.976496,1.0,1.0,1,2
20078,-8.095194,4.614211,0.0,18.892492,5.743219,0.003906,3.252804,2.976496,1.0,1.0,1,2
20079,-8.046681,5.301434,0.0,18.944263,6.062287,0.0,3.252804,2.976496,1.0,1.0,1,2
20082,-8.006798,4.34423,0.007812,18.990091,5.399608,0.0,3.252804,2.976496,1.0,1.0,1,2
20085,-7.978611,2.503455,0.0,19.03496,4.07425,0.003906,3.252804,2.976496,1.0,1.0,1,2
20100,-7.962504,2.012581,0.003906,19.072735,4.123337,0.0,3.252804,2.976496,1.0,1.0,1,2
20101,-7.949466,1.497164,0.0,19.102455,4.025162,0.003906,3.252804,2.976496,1.0,1.0,1,2
20110,-7.932016,2.184387,-0.003906,19.132944,3.632463,0.003906,3.252804,2.976496,1.0,1.0,1,2
20130,-7.906322,3.362483,-0.003906,19.159405,3.092503,0.0,3.252804,2.976496,1.0,1.0,1,2
20132,-7.869315,3.902444,0.0,19.182798,2.552542,0.0,3.252804,2.976496,1.0,1.0,1,2
20133,-7.836143,4.025162,-0.007812,19.199671,2.233474,0.0,3.252804,2.976496,1.0,1.0,1,2
20142,-7.802204,3.8779,0.0,19.215202,1.791688,0.0,3.252804,2.976496,1.0,1.0,1,2
20162,-7.768456,3.779726,0.003906,19.232843,1.865319,0.003906,3.252804,2.976496,1.0,1.0,1,2
20164,-7.732983,4.270599,0.0,19.249334,2.331649,-0.003906,3.252804,2.976496,1.0,1.0,1,2
20171,-7.697509,4.34423,0.003906,19.261797,1.66897,-0.003906,3.252804,2.976496,1.0,1.0,1,2
20191,-7.665296,2.748891,0.003906,19.282314,2.920697,0.0,3.252804,2.976496,1.0,1.0,1,2
20193,-7.644587,1.66897,0.003906,19.307051,2.429824,0.0,3.252804,2.976496,1.0,1.0,1,2
20194,-7.630973,1.66897,0.003906,19.330252,3.117046,-0.003906,3.252804,2.976496,1.0,1.0,1,2
20204,-7.617167,1.276271,0.003906,19.357862,2.67526,0.0,3.252804,2.976496,1.0,1.0,1,2
20224,-7.603937,1.349902,0.0,19.385283,3.14159,0.0,3.252804,2.976496,1.0,1.0,1,2
20225,-7.591473,1.006291,-0.003906,19.414812,3.583376,-0.003906,3.252804,2.976496,1.0,1.0,1,2
20234,-7.578434,1.914407,-0.007812,19.440123,3.657007,0.0,3.252804,2.976496,1.0,1.0,1,2
20261,-7.55715,3.288852,-0.011719,19.468885,3.509745,0.0,3.252804,2.976496,1.0,1.0,1,2
20262,-7.524745,3.632463,0.0,19.491894,2.307105,0.0,3.252804,2.976496,1.0,1.0,1,2
20264,-7.495024,3.215221,0.0,19.507618,1.66897,0.0,3.252804,2.976496,1.0,1.0,1,0
20266,-7.471823,1.546251,0.007812,19.523342,1.93895,0.003906,3.252804,2.976496,1.0,1.0,0,0
20286,-7.461085,0.908116,0.0,19.529285,0.392699,0.0,3.252804,2.976496,1.0,1.0,0,0
20288,-7.458976,0.098175,0.003906,19.529669,0.196349,-0.003906,3.252804,2.976496,1.0,1.0,0,0
20298,-7.460126,-0.589048,0.0,19.529669,0.245437,0.0,3.252804,2.976496,1.0,1.0,0,0
20300,-7.459359,-0.024544,0.0,19.529861,0.220893,0.003906,3.252804,2.953869,1.0,1.0,0,0
20319,-7.459167,-0.122718,0.003906,19.530436,0.46633,0.0,3.252804,2.953869,1.0,1.0,0,0
20320,-7.458784,-0.196349,0.0,19.532162,0.687223,-0.003906,3.252804,2.953869,1.0,1.0,0,0
20329,-7.457825,0.220893,0.0,19.539064,1.521708,0.0,3.252804,2.953869,1.0,1.0,0,0
20348,-7.457442,0.0,0.0,19.548653,1.374446,0.003906,3.252804,2.953869,1.0,1.0,0,0
20349,-7.457058,-0.368155,0.0,19.561308,1.718057,-0.007812,3.252804,2.953869,1.0,1.0,0,2
20351,-7.456866,-0.196349,0.0,19.583166,2.67526,0.0,3.252804,2.953869,1.0,1.0,0,2
20366,-7.457058,-0.613592,0.0,19.605984,3.166134,-0.003906,3.252804,2.953869,1.0,1.0,0,2
20380,-7.456866,-0.26998,0.0,19.634937,3.14159,-0.003906,3.252804,2.953869,1.0,1.0,0,2
20382,-7.456866,-0.196349,0.0,19.665234,3.33794,0.0,3.252804,2.953869,1.0,1.0,0,2
20392,-7.456866,0.122718,0.0,19.692654,3.215221,0.0,3.252804,2.953869,1.0,1.0,0,2
20411,-7.45725,-0.368155,0.0,19.715471,2.724348,-0.003906,3.252804,2.953869,1.0,1.0,0,2
20413,-7.457058,-0.220893,0.0,19.741358,3.092503,0.0,3.252804,2.953869,1.0,1.0,0,2
20415,-7.457058,-0.392699,0.0,19.768202,3.460658,0.0,3.252804,2.953869,1.0,1.0,0,2
20424,-7.456675,0.196349,0.0,19.794088,3.239765,0.003906,3.252804,2.953869,1.0,1.0,0,2
20442,-7.456483,-0.122718,0.0,19.824768,3.853357,-0.003906,3.252804,2.953869,1.0,1.0,0,2
20443,-7.4561,0.0,0.0,19.853722,4.246056,0.003906,3.252804,2.953869,1.0,1.0,0,2
20453,-7.4561,-0.024544,0.0,19.888811,4.540579,0.0,3.252804,2.953869,1.0,1.0,0,2
20499,-7.455908,-0.171806,0.0,19.92812,5.325977,-0.003906,3.252804,2.953869,1.0,1.0,0,2
20500,-7.455908,-0.245437,-0.003906,19.977974,6.651335,-0.003906,3.252804,2.953869,1.0,1.0,0,2
20503,-7.455716,0.122718,0.0,20.038567,6.774054,-0.003906,3.252804,2.953869,1.0,1.0,0,2
20504,-7.455908,-0.46633,0.0,20.092831,7.240384,0.0,3.252804,2.953869,1.0,1.0,0,2
20532,-7.455332,0.073631,0.007812,20.149971,6.454986,-0.003906,3.252804,2.953869,1.0,1.0,0,2
20534,-7.455908,-0.981747,0.0,20.205004,6.160462,0.0,3.252804,2.953869,1.0,1.0,0,2
20535,-7.455716,-0.490873,0.0,20.255432,5.27689,0.0,3.252804,2.953869,1.0,1.0,0,2
20536,-7.455524,0.0,0.0,20.296467,5.27689,0.003906,3.252804,2.953869,1.0,1.0,0,2
20538,-7.455524,0.122718,0.0,20.336349,4.049706,0.003906,3.252804,2.953869,1.0,1.0,0,2
20539,-7.455524,-0.024544,0.0,20.366072,2.748891,0.003906,3.252804,2.953869,1.0,1.0,0,2
20561,-7.455524,0.147262,0.0,20.377384,0.417242,0.003906,3.252804,2.953869,1.0,1.0,0,0
20564,-7.455716,-0.392699,0.0,20.373165,-0.73631,0.0,3.252804,2.953869,1.0,1.0,0,0
20608,-7.456291,-0.220893,0.0,20.369715,0.220893,0.0,3.252804,2.953869,1.0,1.0,0,0
20609,-7.456483,0.073631,0.0,20.369522,0.049087,0.0,3.252804,2.953869,1.0,1.0,0,0
20611,-7.457058,-0.245437,0.0,20.368755,-0.26998,0.0,3.252804,2.953869,1.0,1.0,0,0
20613,-7.45725,-0.171806,0.0,20.368181,0.343611,0.0,3.252804,2.953869,1.0,1.0,0,0
20614,-7.457825,0.024544,0.0,20.367798,0.147262,0.0,3.252804,2.953869,1.0,1.0,0,0
20618,-7.459551,-0.024544,0.0,20.366646,0.147262,0.0,3.252804,2.953869,1.0,1.0,0,0
20630,-7.461277,-0.515417,0.0,20.366838,-0.294524,0.0,3.252804,2.953869,1.0,1.0,0,0
20631,-7.463194,-0.147262,0.0,20.366072,-0.024544,0.0,3.252804,2.953869,1.0,1.0,0,0
20632,-7.472206,-2.012581,0.003906,20.365496,0.0,-0.003906,3.252804,2.953869,1.0,1.0,0,0
20642,-7.490422,-2.920697,0.0,20.364922,-0.073631,0.0,3.252804,2.953869,1.0,1.0,0,0
20664,-7.515349,-2.797979,0.0,20.358402,-0.908116,0.0,3.252804,2.953869,1.0,1.0,0,0
20666,-7.5374,-2.282562,0.0,20.341719,-2.748891,0.003906,3.252804,2.953869,1.0,1.0,0,1
20671,-7.550247,-1.276271,0.0,20.313532,-3.018872,0.003906,3.252804,2.953869,1.0,1.0,0,1
20693,-7.554849,-0.662679,0.0,20.2771,-4.025162,-0.007812,3.252804,2.953869,1.0,1.0,0,1
20695,-7.553315,0.220893,0.0,20.234533,-4.761473,0.0,3.252804,2.953869,1.0,1.0,0,1
20696,-7.553507,-0.098175,0.0,20.19043,-5.718676,0.0,3.252804,2.953869,1.0,1.0,0,1
20715,-7.553507,-0.196349,0.0,20.137125,-6.135918,-0.003906,3.252804,2.953869,1.0,1.0,0,1
20716,-7.554466,-0.441786,0.0,20.079985,-6.675879,0.0,3.252804,2.953869,1.0,1.0,0,1
20736,-7.56597,-1.914407,0.007812,20.016899,-7.264927,0.0,3.252804,2.953869,1.0,1.0,2,1
20737,-7.588405,-2.945241,0.003906,19.955349,-6.577704,-0.003906,3.252804,2.953869,1.0,1.0,2,1
20754,-7.623687,-5.08054,0.011719,19.892839,-7.314014,0.003906,3.252804,2.953869,1.0,1.0,2,1
20755,-7.677759,-7.191296,0.007812,19.816523,-8.982985,0.003906,3.252804,2.953869,1.0,1.0,2,1
20756,-7.736051,-7.093122,0.0,19.739441,-9.817469,0.003906,3.252804,2.953869,1.0,1.0,2,1
20770,-7.798944,-7.044034,0.0,19.649319,-9.449314,0.0,3.252804,2.953869,1.0,1.0,2,1
20786,-7.863179,-7.191296,0.0,19.559582,-9.817469,0.007812,3.252804,2.953869,1.0,1.0,2,1
20787,-7.919936,-6.209549,-0.003906,19.467543,-10.35743,0.0,3.252804,2.953869,1.0,1.0,2,1
20798,-7.973242,-6.553161,0.007812,19.381639,-8.762092,0.0,3.252804,2.953869,1.0,1.0,2,1
20817,-8.038053,-7.657626,0.0,19.308584,-7.608539,0.0,3.252804,2.953869,1.0,1.0,2,1
20819,-8.100179,-6.28318,-0.003906,19.247608,-6.724967,0.003906,3.252804,2.953869,1.0,1.0,2,1
20820,-8.153677,-6.381355,0.0,19.189508,-6.651335,0.0,3.252804,2.953869,1.0,1.0,2,1
20828,-8.205448,-6.086831,0.0,19.126999,-6.994947,0.0,3.252804,2.953869,1.0,1.0,2,1
20848,-8.248783,-4.859647,0.0,19.071968,-6.724967,0.0,3.252804,2.953869,1.0,1.0,2,1
20850,-8.293653,-5.718676,0.0,19.015402,-6.430442,0.0,3.252804,2.953869,1.0,1.0,2,1
20861,-8.34389,-5.841394,0.0,18.956345,-6.602248,0.007812,3.252804,2.953869,1.0,1.0,2,1
20891,-8.394703,-5.203259,-0.011719,18.892876,-6.896772,0.0,3.252804,2.953869,1.0,1.0,2,1
20893,-8.428834,-2.748891,-0.007812,18.822697,-8.025781,0.0,3.252804,2.953869,1.0,1.0,2,1
20895,-8.444366,-1.767144,-0.007812,18.748489,-7.436733,0.0,3.252804,2.953869,1.0,1.0,2,1
20896,-8.454144,-1.055378,0.0,18.676968,-7.583995,0.0,3.252804,2.953869,1.0,1.0,2,1
20912,-8.460855,-1.104465,0.0,18.598736,-9.203877,0.0,3.252804,2.953869,1.0,1.0,2,1
20913,-8.471786,-1.644426,0.003906,18.513407,-9.351139,-0.003906,3.252804,2.953869,1.0,1.0,2,1
20921,-8.483866,-1.889863,0.0,18.438051,-9.130246,0.0,3.252804,2.953869,1.0,1.0,2,1
20943,-8.500164,-2.307105,0.003906,18.360777,-8.246674,0.003906,3.252804,2.953869,1.0,1.0,2,1
20945,-8.522407,-3.117046,0.007812,18.28101,-9.621119,0.0,3.252804,2.953869,1.0,1.0,2,1
20946,-8.554237,-4.270599,0.003906,18.197983,-8.909353,0.0,3.252804,2.953869,1.0,1.0,2,1
20960,-8.58856,-3.632463,-0.003906,18.121092,-7.976694,0.0,3.252804,2.953869,1.0,1.0,2,1
20976,-8.616939,-3.215221,0.0,18.053213,-7.068578,-0.003906,3.252804,2.953869,1.0,1.0,2,1
20978,-8.643783,-3.33794,0.003906,17.990129,-6.823141,0.0,3.252804,2.953869,1.0,1.0,2,1
20985,-8.674079,-3.853357,0.0,17.923401,-7.633082,-0.007812,3.252804,2.953869,1.0,1.0,2,1
21005,-8.706293,-3.730638,-0.003906,17.864151,-5.375064,-0.007812,3.252804,2.953869,1.0,1.0,2,1
21006,-8.739848,-3.657007,0.0,17.818514,-4.466949,-0.003906,3.252804,2.953869,1.0,1.0,2,1
21007,-8.762475,-2.061668,0.0,17.776138,-5.129628,0.0,3.252804,2.953869,1.0,1.0,2,1
21016,-8.774171,-1.153553,0.0,17.738173,-4.687841,-0.003906,3.252804,2.953869,1.0,1.0,2,1
21036,-8.780499,-0.93266,0.0,17.696754,-4.295143,-0.003906,3.252804,2.953869,1.0,1.0,2,1
21037,-8.793921,-2.503455,0.011719,17.659555,-3.853357,0.0,3.252804,2.953869,1.0,1.0,2,1
21047,-8.822492,-4.319686,0.011719,17.623699,-3.681551,0.0,3.252804,2.953869,1.0,1.0,2,1
21071,-8.866785,-5.522326,0.003906,17.588417,-3.387027,0.0,3.252804,2.953869,1.0,1.0,2,1
21072,-8.922392,-6.209549,-0.003906,17.56119,-2.307105,0.0,3.252804,2.953869,1.0,1.0,2,1
21074,-8.969753,-5.006909,-0.011719,17.541632,-1.325358,-0.011719,3.252804,2.953869,1.0,1.0,2,0
21088,-9.009254,-4.417861,-0.007812,17.535112,-0.024544,-0.003906,3.252804,2.953869,1.0,1.0,2,0
21089,-9.047411,-4.786016,0.0,17.535303,0.687223,0.0,3.252804,2.953869,1.0,1.0,2,0
21114,-9.086528,-4.589667,0.0,17.535496,-0.26998,0.0,3.252804,2.953869,1.0,1.0,2,0
21115,-9.117399,-3.828813,0.0,17.535686,0.220893,0.003906,3.252804,2.953869,1.0,1.0,2,0
21116,-9.146544,-3.33794,0.003906,17.535686,0.220893,0.0,3.252804,2.953869,1.0,1.0,2,0
21130,-9.180676,-4.246056,0.003906,17.535879,0.26998,0.0,3.252804,2.953869,1.0,1.0,2,0
21132,-9.225737,-5.497783,0.003906,17.535879,0.171806,0.0,3.252804,2.953869,1.0,1.0,2,0
21142,-9.267729,-5.227802,-0.003906,17.535879,0.294524,0.0,3.252804,2.953869,1.0,1.0,2,0
21160,-9.303011,-2.822522,-0.011719,17.535879,0.147262,0.0,3.252804,2.953869,1.0,1.0,2,0
21161,-9.322952,-2.282562,-0.003906,17.535686,-0.147262,0.0,3.252804,2.953869,1.0,1.0,2,0
21171,-9.342895,-2.67526,0.0,17.535879,0.294524,0.003906,3.252804,2.953869,1.0,1.0,2,0
21173,-9.370314,-3.828813,0.007812,17.535686,0.196349,0.0,3.252804,2.953869,1.0,1.0,2,0
21206,-9.404445,-4.34423,0.003906,17.53492,0.0,0.0,3.252804,2.953869,1.0,1.0,2,0
21208,-9.44126,-5.178715,0.0,17.533962,-0.196349,0.0,3.252804,2.953869,1.0,1.0,2,0
21209,-9.482295,-4.466949,0.003906,17.532427,0.196349,-0.003906,3.252804,2.953869,1.0,1.0,2,0
21224,-9.524479,-5.129628,0.0,17.530893,0.245437,0.0,3.252804,2.953869,1.0,1.0,2,0
21225,-9.575868,-5.988656,0.0,17.53051,-0.26998,0.0,3.252804,2.953869,1.0,1.0,2,0
21227,-9.630132,-5.915025,0.0,17.530893,0.220893,0.0,3.252804,2.953869,1.0,1.0,2,0
21236,-9.671741,-3.976075,0.0,17.531086,-0.122718,0.0,3.252804,2.953869,1.0,1.0,2,0
21254,-9.711241,-5.54687,0.003906,17.53166,0.0,0.0,3.252804,2.953869,1.0,1.0,2,0
21256,-9.759753,-6.700423,0.011719,17.53166,-0.122718,0.0,3.252804,2.953869,1.0,1.0,2,0
21266,-9.814402,-5.620501,-0.003906,17.532043,0.196349,0.0,3.252804,2.953869,1.0,1.0,2,0
21286,-9.862913,-5.252346,-0.003906,17.532619,0.392699,0.0,3.252804,2.953869,1.0,1.0,2,0
21287,-9.908358,-4.957822,-0.007812,17.533194,0.220893,0.0,3.252804,2.953869,1.0,1.0,2,0
21288,-9.949966,-4.540579,-0.007812,17.536646,0.662679,0.0,3.252804,2.953869,1.0,1.0,2,0
21298,-9.980454,-3.509745,-0.007812,17.543165,1.251727,-0.007812,3.252804,2.953869,1.0,1.0,2,0
21318,-9.999437,-1.570795,-0.007812,17.55352,0.564505,0.0,3.252804,2.953869,1.0,1.0,0,0
21320,-10.00193,0.589048,-0.003906,17.555054,-0.171806,0.007812,3.252804,2.953869,1.0,1.0,0,0
21340,-9.998479,0.662679,0.0,17.553904,0.26998,0.0,3.252804,2.953869,1.0,1.0,0,0
21341,-9.997136,0.147262,0.003906,17.553904,0.368155,0.0,3.252804,2.953869,1.0,1.0,0,0
21359,-9.997328,-0.220893,0.0,17.553904,0.122718,0.0,3.252804,2.953869,1.0,1.0,0,0
21360,-9.997136,0.0,0.003906,17.554094,-0.098175,0.0,3.252804,2.953869,1.0,1.0,0,0
21362,-9.996561,0.024544,0.0,17.55467,0.539961,0.003906,3.252804,2.953869,1.0,1.0,0,0
21384,-9.995219,0.147262,0.0,17.55467,-0.024544,0.0,3.252804,2.953869,1.0,1.0,0,0
21386,-9.99311,0.564505,0.0,17.554861,-0.122718,0.0,3.252804,2.953869,1.0,1.0,0,0
21389,-9.991385,-0.417242,0.003906,17.55678,0.564505,0.0,3.252804,2.953869,1.0,1.0,0,0
21411,-9.988892,0.122718,0.0,17.560423,0.711766,-0.003906,3.252804,2.953869,1.0,1.0,0,0
21412,-9.984481,0.441786,0.0,17.566559,1.20264,-0.007812,3.252804,2.953869,1.0,1.0,0,0
21414,-9.973168,1.693513,-0.007812,17.581898,2.061668,0.0,3.252804,2.953869,1.0,1.0,0,2
21422,-9.954569,3.067959,-0.007812,17.602032,3.018872,0.0,3.252804,2.953869,1.0,1.0,1,2
21444,-9.919287,4.589667,-0.011719,17.628302,3.509745,0.003906,3.252804,2.953869,1.0,1.0,1,2
21445,-9.872309,5.424152,0.0,17.655338,3.657007,0.0,3.252804,2.953869,1.0,1.0,1,2
21453,-9.817661,6.381355,-0.003906,17.687551,3.755182,-0.003906,3.252804,2.953869,1.0,1.0,1,2
21454,-9.763013,5.325977,0.003906,17.729353,5.006909,0.0,3.252804,2.953869,1.0,1.0,1,2
21476,-9.722171,4.663298,-0.003906,17.775372,6.675879,-0.003906,3.252804,2.953869,1.0,1.0,1,2
21478,-9.679219,4.663298,-0.007812,17.833088,6.872229,-0.003906,3.252804,2.953869,1.0,1.0,1,2
21483,-9.623612,6.921316,-0.007812,17.900774,8.68846,0.0,3.252804,2.953869,1.0,1.0,1,2
21506,-9.557268,6.675879,0.003906,17.974598,8.344849,0.003906,3.252804,2.953869,1.0,1.0,1,2
21507,-9.503386,6.307724,0.007812,18.035189,7.534907,0.0,3.252804,2.953869,1.0,1.0,1,2
21509,-9.441069,7.093122,-0.003906,18.099234,7.21584,0.0,3.252804,2.953869,1.0,1.0,1,2
21516,-9.379326,6.307724,-0.003906,18.160017,6.602248,0.0,3.252804,2.953869,1.0,1.0,1,2
21536,-9.32487,7.191296,-0.007812,18.211788,6.651335,0.003906,3.252804,2.953869,1.0,1.0,1,2
21538,-9.255265,7.657626,0.0,18.267971,5.988656,0.003906,3.252804,2.953869,1.0,1.0,1,2
21546,-9.189304,5.939569,0.007812,18.31284,4.565123,0.007812,3.252804,2.953869,1.0,1.0,1,2
21567,-9.135807,5.522326,0.003906,18.339876,2.40528,0.0,3.252804,2.953869,1.0,1.0,1,2
21569,-9.09228,6.086831,-0.003906,18.354832,1.644426,0.003906,3.252804,2.953869,1.0,1.0,1,2
21570,-9.037824,5.105084,0.0,18.361544,0.220893,0.003906,3.252804,2.953869,1.0,1.0,1,2
21577,-9.000433,4.638754,0.003906,18.36116,-0.245437,0.0,3.252804,2.953869,1.0,1.0,1,2
21600,-8.958057,4.638754,0.0,18.360968,0.245437,-0.003906,3.252804,2.953869,1.0,1.0,1,2
21602,-8.915681,5.522326,0.011719,18.361734,0.245437,0.003906,3.252804,2.953869,1.0,1.0,1,2
21609,-8.878482,2.87161,0.007812,18.361927,0.049087,0.0,3.252804,2.953869,1.0,1.0,1,2
21629,-8.857389,1.66897,0.003906,18.362886,0.785398,-0.003906,3.252804,2.953869,1.0,1.0,1,2
21631,-8.848377,0.883572,0.0,18.369789,1.644426,-0.003906,3.252804,2.953869,1.0,1.0,1,2
21632,-8.838982,0.908116,0.0,18.386662,2.086212,0.0,3.252804,2.953869,1.0,1.0,1,2
21640,-8.82115,2.773435,-0.007812,18.410248,3.264308,0.0,3.252804,2.953869,1.0,1.0,1,2
21662,-8.79162,3.779726,-0.007812,18.441502,3.951531,0.0,3.252804,2.953869,1.0,1.0,1,2
21663,-8.744834,6.160462,-0.011719,18.47736,4.07425,0.0,3.252804,2.953869,1.0,1.0,1,2
21671,-8.696513,6.062287,0.0,18.51053,4.540579,0.003906,3.252804,2.953869,1.0,1.0,1,2
21673,-8.644742,5.694132,0.003906,18.546579,4.172424,0.0,3.252804,2.953869,1.0,1.0,1,2
21694,-8.598722,5.792307,0.003906,18.574192,3.264308,0.003906,3.252804,2.953869,1.0,1.0,1,2
21696,-8.545417,5.350521,0.0,18.598927,3.067959,0.0,3.252804,2.953869,1.0,1.0,1,2
21703,-8.50304,4.491492,0.0,18.615225,1.595339,0.0,3.252804,2.953869,1.0,1.0,1,2
21729,-8.466608,4.933278,-0.007812,18.627497,1.693513,-0.003906,3.252804,2.953869,1.0,1.0,1,2
21731,-8.417137,6.185006,-0.007812,18.642645,2.135299,-0.003906,3.252804,2.953869,1.0,1.0,1,2
21732,-8.355395,6.037744,0.007812,18.665655,2.969784,-0.003906,3.252804,2.953869,1.0,1.0,1,2
21733,-8.299404,6.037744,0.007812,18.695185,3.853357,-0.003906,3.252804,2.953869,1.0,1.0,1,2
21756,-8.247825,6.086831,-0.007812,18.734491,5.08054,0.0,3.252804,2.953869,1.0,1.0,1,2
21758,-8.194711,6.504073,-0.003906,18.773226,5.178715,-0.007812,3.252804,2.953869,1.0,1.0,1,2
21766,-8.138721,5.595957,0.0,18.820204,5.27689,0.003906,3.252804,2.953869,1.0,1.0,1,2
21786,-8.082539,6.037744,-0.003906,18.862005,4.393317,0.003906,3.252804,2.953869,1.0,1.0,1,2
21787,-8.018495,6.700423,0.007812,18.899012,4.221512,0.003906,3.252804,2.953869,1.0,1.0,1,2
21788,-7.974585,4.516036,0.011719,18.930267,4.196968,0.0,3.252804,2.953869,1.0,1.0,1,2
21798,-7.940454,3.583376,0.003906,18.963821,3.583376,0.0,3.252804,2.953869,1.0,1.0,1,2
21818,-7.907856,3.779726,-0.011719,18.990858,3.092503,-0.003906,3.252804,2.953869,1.0,1.0,1,2
21820,-7.861645,5.424152,-0.007812,19.014635,2.380736,0.0,3.252804,2.953869,1.0,1.0,1,2
21829,-7.819844,4.908734,0.003906,19.03496,2.67526,0.0,3.252804,2.953869,1.0,1.0,1,2
21849,-7.777468,4.687841,0.0,19.066216,4.049706,0.0,3.252804,2.953869,1.0,1.0,1,2
21850,-7.732599,5.497783,-0.003906,19.104374,4.736929,0.0,3.252804,2.953869,1.0,1.0,1,2
21852,-7.680827,5.424152,0.003906,19.142914,4.614211,0.007812,3.252804,2.953869,1.0,1.0,1,2
21860,-7.644204,4.221512,0.003906,19.173403,3.534289,0.003906,3.252804,2.953869,1.0,1.0,1,2
21881,-7.611415,3.460658,-0.003906,19.198904,2.577086,0.003906,3.252804,2.953869,1.0,1.0,1,2
21883,-7.577859,3.706095,0.0,19.220955,2.896153,0.0,3.252804,2.953869,1.0,1.0,1,2
21899,-7.540468,5.08054,-0.003906,19.245499,3.902444,0.0,3.252804,2.953869,1.0,1.0,1,2
21901,-7.49349,4.221512,0.0,19.279438,4.589667,-0.003906,3.252804,2.953869,1.0,1.0,1,2
21912,-7.453223,3.706095,0.003906,19.320473,5.350521,-0.003906,3.252804,2.953869,1.0,1.0,1,2
21914,-7.416791,3.902444,0.003906,19.361315,4.368774,0.0,3.252804,2.953869,1.0,1.0,1,2
21921,-7.385536,3.730638,0.0,19.393337,4.196968,0.0,3.252804,2.953869,1.0,1.0,1,2
21943,-7.347187,3.902444,0.0,19.425167,3.362483,0.007812,3.252804,2.953869,1.0,1.0,1,2
21945,-7.319384,2.307105,0.007812,19.453354,3.215221,0.003906,3.252804,2.953869,1.0,1.0,1,2
21946,-7.302318,1.889863,0.0,19.478472,2.822522,0.003906,3.252804,2.953869,1.0,1.0,1,2
21954,-7.284677,2.233474,0.0,19.502058,2.110756,0.003906,3.252804,2.953869,1.0,1.0,1,2
21976,-7.262243,2.847066,-0.007812,19.525833,2.847066,0.0,3.252804,2.953869,1.0,1.0,1,2
21978,-7.234248,3.583376,-0.007812,19.549803,2.945241,0.0,3.252804,2.953869,1.0,1.0,1,2
21983,-7.200692,5.006909,-0.011719,19.577223,4.295143,-0.007812,3.252804,2.953869,1.0,1.0,1,2
22005,-7.151988,4.859647,0.003906,19.619215,5.006909,-0.003906,3.252804,2.953869,1.0,1.0,1,2
22007,-7.108461,4.393317,0.003906,19.668686,5.571414,0.0,3.252804,2.953869,1.0,1.0,1,2
22008,-7.072988,3.460658,0.007812,19.714514,4.786016,0.0,3.252804,2.953869,1.0,1.0,1,2
22015,-7.047102,2.920697,-0.003906,19.750179,4.196968,0.003906,3.252804,2.953869,1.0,1.0,1,2
22038,-7.013738,4.34423,-0.003906,19.788912,4.540579,0.0,3.252804,2.953869,1.0,1.0,1,2
22039,-6.980182,2.945241,0.0,19.826685,4.34423,0.003906,3.252804,2.953869,1.0,1.0,1,2
22047,-6.956597,2.577086,0.0,19.858517,3.804269,0.007812,3.252804,2.953869,1.0,1.0,1,2
22049,-6.937423,1.865319,0.0,19.89303,3.779726,0.0,3.252804,2.953869,1.0,1.0,1,2
22069,-6.920357,1.865319,0.0,19.92697,4.049706,-0.003906,3.252804,2.953869,1.0,1.0,0,2
22070,-6.90425,1.66897,0.0,19.964745,4.736929,-0.007812,3.252804,2.953869,1.0,1.0,0,2
22078,-6.892937,1.227184,0.0,20.002901,4.786016,0.0,3.252804,2.953869,1.0,1.0,0,2
22099,-6.877789,1.693513,0.0,20.045086,4.712385,0.003906,3.252804,2.953869,1.0,1.0,0,2
22101,-6.858614,2.503455,-0.003906,20.081135,3.632463,0.003906,3.252804,2.953869,1.0,1.0,0,2
22102,-6.837522,2.40528,0.0,20.112198,4.000618,0.0,3.252804,2.953869,1.0,1.0,0,2
22110,-6.817389,1.47262,0.0,20.149014,4.393317,0.003906,3.252804,2.953869,1.0,1.0,0,2
22130,-6.808952,-0.098175,0.007812,20.186403,4.147881,0.0,3.252804,2.953869,1.0,1.0,0,2
22132,-6.812595,-0.539961,0.0,20.223028,4.589667,0.0,3.252804,2.953869,1.0,1.0,0,2
22141,-6.815088,-0.122718,-0.003906,20.252365,3.60792,0.0,3.252804,2.953869,1.0,1.0,0,2
22162,-6.814512,0.0,0.0,20.285345,4.07425,0.003906,3.252804,2.953869,1.0,1.0,0,2
22163,-6.814321,-0.098175,-0.003906,20.316408,3.534289,0.003906,3.252804,2.953869,1.0,1.0,0,2
22165,-6.814512,-0.343611,0.003906,20.347471,3.779726,0.003906,3.252804,2.953869,1.0,1.0,0,2
22172,-6.814512,-0.245437,0.0,20.373358,2.896153,0.003906,3.252804,2.953869,1.0,1.0,0,2
22193,-6.814704,-0.589048,-0.003906,20.390039,2.135299,0.0,3.252804,2.953869,1.0,1.0,0,0
22195,-6.814321,-0.098175,0.0,20.401161,0.539961,0.0,3.252804,2.953869,1.0,1.0,0,0
22203,-6.814129,0.0,0.0,20.400969,0.122718,0.0,3.252804,2.953869,1.0,1.0,0,0
22225,-6.813362,0.343611,0.0,20.398092,-0.196349,-0.003906,3.252804,2.953869,1.0,1.0,0,0
22226,-6.812212,-0.196349,-0.003906,20.398861,0.441786,0.0,3.252804,2.953869,1.0,1.0,0,0
22228,-6.809527,0.049087,0.003906,20.398092,-0.343611,0.0,3.252804,2.953869,1.0,1.0,0,0
22234,-6.807034,-0.392699,0.0,20.398668,0.245437,-0.003906,3.252804,2.953869,1.0,1.0,0,0
22255,-6.808568,-0.098175,0.0,20.397518,-0.392699,0.0,3.252804,2.953869,1.0,1.0,0,0
22257,-6.810294,-0.294524,0.0,20.396751,0.294524,0.0,3.252804,2.953869,1.0,1.0,0,0
22265,-6.810678,-0.319068,0.0,20.396175,0.024544,0.0,3.252804,2.953869,1.0,1.0,0,0
22267,-6.811636,-0.343611,0.0,20.395792,0.294524,-0.003906,3.252804,2.953869,1.0,1.0,0,0
22286,-6.812212,-0.098175,0.0,20.394642,0.0,0.003906,3.252804,2.953869,1.0,1.0,0,0
22288,-6.812403,-0.26998,0.003906,20.392725,-0.220893,0.0,3.252804,2.953869,1.0,1.0,0,0
22298,-6.814512,-0.490873,0.0,20.389273,-0.319068,-0.003906,3.252804,2.953869,1.0,1.0,0,0
22318,-6.8241,-1.914407,0.003906,20.383904,-1.276271,0.0,3.252804,2.953869,1.0,1.0,0,1
22319,-6.843466,-2.258018,0.003906,20.367222,-2.773435,0.007812,3.252804,2.953869,1.0,1.0,0,1
22327,-6.861299,-2.356193,-0.007812,20.329063,-5.645045,0.003906,3.252804,2.953869,1.0,1.0,2,1
22328,-6.878364,-1.718057,0.0,20.266171,-7.878519,0.007812,3.252804,2.953869,1.0,1.0,2,1
22351,-6.897923,-2.797979,0.0,20.188705,-9.15479,0.003906,3.252804,2.953869,1.0,1.0,2,1
22352,-6.921699,-2.626173,-0.003906,20.105679,-9.252965,0.003906,3.252804,2.953869,1.0,1.0,2,1
22360,-6.95142,-3.632463,0.007812,20.021118,-9.252965,0.0,3.252804,2.953869,1.0,1.0,2,1
22380,-6.986126,-4.098794,0.0,19.939049,-8.590285,-0.003906,3.252804,2.953869,1.0,1.0,2,1
22381,-7.031187,-6.037744,0.007812,19.86657,-7.363102,0.0,3.252804,2.953869,1.0,1.0,2,1
22389,-7.095231,-8.344849,0.011719,19.797924,-7.191296,0.003906,3.252804,2.953869,1.0,1.0,2,1
22390,-7.177682,-9.228421,-0.003906,19.729853,-7.338558,0.0,3.252804,2.953869,1.0,1.0,2,1
22412,-7.246136,-7.903063,-0.007812,19.666002,-8.197587,0.0,3.252804,2.953869,1.0,1.0,2,1
22414,-7.320534,-8.639373,0.003906,19.593328,-8.074868,0.003906,3.252804,2.953869,1.0,1.0,2,1
22423,-7.397233,-8.467567,0.003906,19.518547,-9.277509,0.003906,3.252804,2.953869,1.0,1.0,2,1
22443,-7.477959,-9.964731,-0.003906,19.441082,-7.976694,0.0,3.252804,2.953869,1.0,1.0,2,1
22445,-7.561561,-8.909353,-0.007812,19.367451,-8.001237,0.0,3.252804,2.953869,1.0,1.0,2,1
22463,-7.63615,-8.663917,0.007812,19.302256,-6.528617,0.0,3.252804,2.953869,1.0,1.0,2,1
22465,-7.715342,-8.639373,-0.003906,19.247034,-6.135918,0.0,3.252804,2.953869,1.0,1.0,2,1
22466,-7.790699,-7.853975,-0.007812,19.194687,-6.234093,0.0,3.252804,2.953869,1.0,1.0,2,1
22486,-7.862988,-8.271217,0.0,19.13908,-5.964112,0.0,3.252804,2.953869,1.0,1.0,2,1
22488,-7.925497,-6.74951,0.0,19.084814,-6.0132,-0.003906,3.252804,2.953869,1.0,1.0,2,1
22507,-7.984747,-7.461277,0.007812,19.03496,-5.645045,0.0,3.252804,2.953869,1.0,1.0,2,1
22509,-8.048024,-8.050324,0.0,18.987024,-6.185006,0.0,3.252804,2.953869,1.0,1.0,2,1
22515,-8.112067,-6.675879,-0.011719,18.927198,-6.332268,0.003906,3.252804,2.953869,1.0,1.0,2,1
22516,-8.171509,-7.117665,0.0,18.865648,-7.044034,0.0,3.252804,2.953869,1.0,1.0,2,1
22537,-8.23306,-6.896772,0.007812,18.800837,-6.823141,-0.003906,3.252804,2.953869,1.0,1.0,2,1
22538,-8.290585,-6.921316,0.003906,18.73871,-6.774054,-0.007812,3.252804,2.953869,1.0,1.0,2,1
22548,-8.355203,-8.099412,0.0,18.681761,-6.577704,0.003906,3.252804,2.953869,1.0,1.0,2,1
22568,-8.418288,-6.332268,-0.011719,18.62117,-6.872229,0.0,3.252804,2.953869,1.0,1.0,2,1
22570,-8.463923,-4.712385,0.0,18.556358,-7.314014,0.0,3.252804,2.953869,1.0,1.0,2,1
22579,-8.506875,-5.203259,0.003906,18.490206,-7.853975,-0.003906,3.252804,2.953869,1.0,1.0,2,1
22580,-8.549443,-5.964112,0.003906,18.434216,-6.405899,0.0,3.252804,2.953869,1.0,1.0,2,1
22598,-8.600064,-5.841394,0.0,18.378992,-5.301434,0.0,3.252804,2.953869,1.0,1.0,2,1
22600,-8.656054,-5.669589,0.0,18.312649,-6.037744,0.0,3.252804,2.953869,1.0,1.0,2,1
22612,-8.703992,-5.669589,-0.007812,18.252439,-6.823141,0.0,3.252804,2.953869,1.0,1.0,2,1
22639,-8.745792,-5.105084,0.0,18.199133,-6.970403,-0.003906,3.252804,2.953869,1.0,1.0,2,1
22641,-8.776855,-3.411571,-0.011719,18.151005,-5.27689,0.0,3.252804,2.953869,1.0,1.0,2,1
22643,-8.798906,-2.601629,0.0,18.099808,-5.54687,0.003906,3.252804,2.953869,1.0,1.0,2,1
22644,-8.820574,-2.478911,0.003906,18.056856,-4.221512,0.003906,3.252804,2.953869,1.0,1.0,2,1
22662,-8.849145,-3.509745,0.007812,18.017164,-4.319686,-0.003906,3.252804,2.953869,1.0,1.0,2,1
22664,-8.887686,-4.687841,0.0,17.974022,-4.81056,0.003906,3.252804,2.953869,1.0,1.0,2,1
22671,-8.927761,-4.982366,-0.003906,17.932413,-4.835104,-0.007812,3.252804,2.953869,1.0,1.0,2,1
22694,-8.964385,-3.509745,-0.007812,17.889845,-4.516036,-0.003906,3.252804,2.953869,1.0,1.0,2,1
22695,-8.992572,-3.215221,-0.007812,17.859932,-2.797979,-0.007812,3.252804,2.953869,1.0,1.0,2,1
22702,-9.017499,-3.092503,0.003906,17.839224,-1.66897,-0.003906,3.252804,2.953869,1.0,1.0,2,1
22704,-9.039742,-2.577086,-0.007812,17.8235,-1.546251,0.0,3.252804,2.953869,1.0,1.0,2,0
22724,-9.061984,-2.40528,0.0,17.813721,-0.638135,0.0,3.252804,2.953869,1.0,1.0,2,0
22726,-9.083268,-2.110756,0.0,17.803366,-1.423533,0.003906,3.252804,2.953869,1.0,1.0,2,0
22736,-9.100333,-1.93895,0.0,17.788794,-1.448077,0.0,3.252804,2.953869,1.0,1.0,2,0
22756,-9.108579,-0.711766,-0.003906,17.770386,-2.233474,0.003906,3.252804,2.953869,1.0,1.0,2,0
22757,-9.110688,-0.26998,-0.003906,17.753704,-1.448077,0.003906,3.252804,2.953869,1.0,1.0,2,0
22758,-9.110688,-0.368155,-0.003906,17.73683,-1.816232,0.003906,3.252804,2.953869,1.0,1.0,2,0
22768,-9.115673,-0.908116,0.003906,17.720915,-1.546251,0.0,3.252804,2.953869,1.0,1.0,2,0
22786,-9.127945,-1.546251,0.003906,17.710176,-1.153553,-0.003906,3.252804,2.953869,1.0,1.0,2,0
22787,-9.140985,-2.233474,0.003906,17.70059,-1.006291,0.007812,3.252804,2.953869,1.0,1.0,2,0
22798,-9.165336,-3.926988,0.007812,17.690619,-1.030834,0.003906,3.252804,2.953869,1.0,1.0,2,0
22819,-9.199467,-4.34423,0.007812,17.679499,-1.546251,0.003906,3.252804,2.953869,1.0,1.0,2,0
22821,-9.239542,-4.516036,0.0,17.664158,-1.349902,0.0,3.252804,2.953869,1.0,1.0,2,0
22822,-9.278467,-3.951531,-0.011719,17.647667,-1.865319,-0.003906,3.252804,2.953869,1.0,1.0,2,0
22831,-9.301093,-1.742601,-0.011719,17.634821,-1.570795,0.0,3.252804,2.953869,1.0,1.0,2,0
22851,-9.305312,-0.417242,0.0,17.621782,-1.300815,-0.003906,3.252804,2.953869,1.0,1.0,2,0
22852,-9.308572,-0.809941,0.003906,17.611811,-0.957203,0.0,3.252804,2.953869,1.0,1.0,2,0
22861,-9.319501,-1.791688,0.003906,17.599348,-1.570795,0.0,3.252804,2.953869,1.0,1.0,2,0
22880,-9.344236,-3.558833,0.007812,17.588417,-1.104465,-0.007812,3.252804,2.953869,1.0,1.0,2,0
22881,-9.375875,-4.393317,0.003906,17.577105,-1.521708,0.0,3.252804,2.953869,1.0,1.0,2,0
22882,-9.421127,-5.718676,0.007812,17.560997,-1.644426,0.0,3.252804,2.953869,1.0,1.0,2,0
22892,-9.472515,-5.694132,0.0,17.542974,-1.349902,0.0,3.252804,2.953869,1.0,1.0,2,0
22910,-9.521986,-6.381355,0.003906,17.531469,-1.47262,0.003906,3.252804,2.953869,1.0,1.0,2,0
22911,-9.578552,-6.970403,-0.003906,17.524757,-0.589048,0.0,3.252804,2.953869,1.0,1.0,2,0
22923,-9.633008,-5.792307,-0.007812,17.525717,0.515417,0.0,3.252804,2.953869,1.0,1.0,2,0
22942,-9.671357,-4.221512,0.0,17.526484,0.024544,0.0,3.252804,2.953869,1.0,1.0,2,0
22943,-9.701078,-4.442405,0.003906,17.526674,-0.098175,0.0,3.252804,2.953869,1.0,1.0,2,0
22944,-9.739428,-4.589667,0.011719,17.527058,0.049087,0.0,3.252804,2.953869,1.0,1.0,2,0
22958,-9.78468,-5.178715,0.003906,17.527634,0.589048,0.0,3.252804,2.953869,1.0,1.0,2,0
22974,-9.82859,-4.270599,-0.007812,17.527634,0.073631,0.003906,3.252804,2.953869,1.0,1.0,2,0
22975,-9.863297,-3.632463,-0.007812,17.52821,0.0,0.0,3.252804,2.953869,1.0,1.0,2,0
22996,-9.896086,-3.804269,-0.007812,17.529743,0.785398,-0.003906,3.252804,2.953869,1.0,1.0,2,0
22997,-9.921971,-3.288852,0.0,17.529934,-0.098175,0.003906,3.252804,2.953869,1.0,1.0,2,0
22999,-9.94479,-2.429824,0.0,17.529551,0.0,0.003906,3.252804,2.953869,1.0,1.0,2,0
23018,-9.960705,-1.227184,0.0,17.52936,0.245437,0.0,3.252804,2.953869,1.0,1.0,0,0
23020,-9.966073,-0.220893,0.0,17.52936,0.147262,0.0,3.252804,2.953869,1.0,1.0,0,0
23038,-9.966265,-0.392699,0.0,17.52936,0.073631,0.0,3.252804,2.953869,1.0,1.0,0,0
23039,-9.965881,-0.245437,0.003906,17.529551,0.26998,0.0,3.252804,2.953869,1.0,1.0,0,0
23045,-9.965498,0.122718,0.0,17.529551,0.098175,0.0,3.252804,2.953869,1.0,1.0,0,0
23080,-9.96569,-0.245437,0.0,17.530127,0.245437,0.0,3.252804,2.953869,1.0,1.0,0,0
23081,-9.96569,-0.294524,0.0,17.53051,0.245437,0.0,3.252804,2.953869,1.0,1.0,0,0
23082,-9.965306,-0.049087,0.0,17.531469,0.441786,0.0,3.252804,2.953869,1.0,1.0,0,0
23084,-9.964923,0.0,0.0,17.534346,0.957203,0.0,3.252804,2.953869,1.0,1.0,0,0
23098,-9.964731,-0.024544,0.0,17.541632,1.055378,-0.007812,3.252804,2.953869,1.0,1.0,0,0
23099,-9.963197,0.147262,0.0,17.55678,1.791688,0.0,3.252804,2.953869,1.0,1.0,0,0
23109,-9.961663,-0.196349,0.0,17.573845,1.889863,-0.007812,3.252804,2.953869,1.0,1.0,0,2
23111,-9.958595,0.46633,0.0,17.595705,2.331649,-0.011719,3.252804,2.953869,1.0,1.0,0,2
23132,-9.950158,0.859029,0.0,17.62159,3.067959,0.003906,3.252804,2.953869,1.0,1.0,0,2
23133,-9.941914,0.638135,0.0,17.648243,3.239765,0.0,3.252804,2.953869,1.0,1.0,0,2
23152,-9.930025,2.086212,-0.007812,17.678156,3.411571,-0.003906,3.252804,2.953869,1.0,1.0,1,2
23153,-9.906056,2.945241,-0.007812,17.715355,4.736929,0.0,3.252804,2.953869,1.0,1.0,1,2
23171,-9.866556,4.982366,0.0,17.760607,5.669589,-0.003906,3.252804,2.953869,1.0,1.0,1,2
23172,-9.81651,6.626791,0.0,17.811037,5.718676,-0.003906,3.252804,2.953869,1.0,1.0,1,2
23174,-9.76052,5.792307,0.003906,17.871244,7.976694,0.0,3.252804,2.953869,1.0,1.0,1,2
23182,-9.713925,5.031453,0.003906,17.943726,8.590285,0.0,3.252804,2.953869,1.0,1.0,1,2
23205,-9.664646,5.694132,-0.003906,18.014288,7.510364,0.003906,3.252804,2.953869,1.0,1.0,1,2
23206,-9.596192,8.295761,-0.007812,18.07584,6.74951,-0.003906,3.252804,2.953869,1.0,1.0,1,2
23213,-9.523904,7.706713,0.003906,18.133556,5.988656,-0.003906,3.252804,2.953869,1.0,1.0,1,2
23227,-9.459668,7.264927,0.003906,18.18667,5.743219,0.0,3.252804,2.953869,1.0,1.0,1,2
23245,-9.396008,6.847685,0.0,18.237482,5.743219,0.003906,3.252804,2.953869,1.0,1.0,1,2
23247,-9.336375,7.01949,-0.007812,18.282736,5.006909,0.003906,3.252804,2.953869,1.0,1.0,1,2
23249,-9.268113,8.074868,0.0,18.31514,2.87161,0.0,3.252804,2.953869,1.0,1.0,1,2
23258,-9.198125,7.068578,0.011719,18.333164,1.276271,0.003906,3.252804,2.953869,1.0,1.0,1,2
23279,-9.143093,5.767763,0.0,18.34256,1.767144,0.0,3.252804,2.953869,1.0,1.0,1,2
23280,-9.088637,6.28318,-0.003906,18.357517,2.159843,0.0,3.252804,2.953869,1.0,1.0,1,2
23289,-9.032839,5.915025,0.0,18.379375,2.797979,0.0,3.252804,2.953869,1.0,1.0,1,2
23293,-8.978574,6.160462,0.0,18.407755,3.902444,0.0,3.252804,2.953869,1.0,1.0,1,2
23306,-8.915298,7.338558,0.003906,18.442652,4.34423,0.0,3.252804,2.953869,1.0,1.0,1,2
23321,-8.854321,5.988656,0.003906,18.479851,4.221512,0.0,3.252804,2.953869,1.0,1.0,1,2
23323,-8.803509,5.399608,-0.007812,18.512257,2.650717,0.007812,3.252804,2.953869,1.0,1.0,1,2
23341,-8.744067,7.853975,-0.007812,18.541403,3.215221,0.003906,3.252804,2.953869,1.0,1.0,1,2
23343,-8.67849,7.117665,0.003906,18.563454,2.184387,0.0,3.252804,2.953869,1.0,1.0,1,2
23345,-8.61713,6.602248,0.011719,18.580902,1.816232,0.0,3.252804,2.953869,1.0,1.0,1,2
23368,-8.553661,6.798597,0.0,18.594707,1.595339,0.0,3.252804,2.953869,1.0,1.0,1,2
23370,-8.494603,5.890481,-0.003906,18.606979,1.423533,0.003906,3.252804,2.953869,1.0,1.0,1,2
23378,-8.434011,7.534907,-0.019531,18.611582,0.368155,0.0,3.252804,2.953869,1.0,1.0,1,2
23379,-8.354819,9.179334,0.0,18.616375,1.251727,0.0,3.252804,2.953869,1.0,1.0,1,2
23390,-8.278313,8.369392,0.003906,18.623854,0.613592,0.0,3.252804,2.953869,1.0,1.0,1,2
23404,-8.200272,9.032072,-0.003906,18.636126,1.66897,0.0,3.252804,2.953869,1.0,1.0,1,2
23422,-8.123572,9.007528,-0.003906,18.65741,2.67526,-0.003906,3.252804,2.953869,1.0,1.0,1,2
23424,-8.040545,9.596576,-0.003906,18.68483,3.264308,0.0,3.252804,2.953869,1.0,1.0,1,2
23431,-7.957902,8.222131,0.003906,18.721645,4.565123,-0.003906,3.252804,2.953869,1.0,1.0,1,2
23441,-7.88082,8.982985,-0.007812,18.76824,5.54687,0.0,3.252804,2.953869,1.0,1.0,1,2
23442,-7.798368,8.762092,0.0,18.820778,5.743219,0.0,3.252804,2.953869,1.0,1.0,1,2
23453,-7.715534,9.719295,0.003906,18.868525,4.835104,0.0,3.252804,2.953869,1.0,1.0,1,2
23478,-7.636342,8.001237,0.007812,18.913967,5.325977,-0.003906,3.252804,2.953869,1.0,1.0,1,2
23479,-7.573833,6.307724,0.0,18.961905,5.203259,0.003906,3.252804,2.953869,1.0,1.0,1,2
23481,-7.508446,8.025781,0.0,19.010033,5.350521,0.003906,3.252804,2.953869,1.0,1.0,1,2
23504,-7.445745,6.356811,0.007812,19.055861,5.841394,0.0,3.252804,2.953869,1.0,1.0,1,2
23505,-7.391672,5.939569,0.003906,19.104948,6.135918,0.003906,3.252804,2.953869,1.0,1.0,1,2
23507,-7.338367,6.037744,0.003906,19.155569,5.424152,0.0,3.252804,2.953869,1.0,1.0,1,2
23516,-7.290621,4.786016,0.0,19.20389,4.957822,0.0,3.252804,2.953869,1.0,1.0,1,2
23527,-7.245752,4.835104,0.0,19.248568,5.767763,-0.003906,3.252804,2.953869,1.0,1.0,1,2
23548,-7.195323,6.209549,0.0,19.300148,5.645045,-0.003906,3.252804,2.953869,1.0,1.0,1,2
23550,-7.139716,5.424152,0.007812,19.361891,6.847685,-0.007812,3.252804,2.953869,1.0,1.0,1,2
23557,-7.096956,4.07425,0.003906,19.425358,6.528617,0.0,3.252804,2.953869,1.0,1.0,1,2
23569,-7.070687,2.233474,0.003906,19.486334,6.577704,0.003906,3.252804,2.953869,1.0,1.0,1,2
23570,-7.049787,2.454367,0.0,19.536764,5.08054,0.003906,3.252804,2.953869,1.0,1.0,1,2
23591,-7.021216,3.313396,-0.003906,19.579332,5.006909,0.0,3.252804,2.953869,1.0,1.0,1,2
23592,-6.988427,3.706095,0.0,19.627651,5.915025,-0.007812,3.252804,2.953869,1.0,1.0,1,2
23601,-6.960049,2.920697,0.0,19.687668,7.731257,0.0,3.252804,2.953869,1.0,1.0,1,2
23621,-6.936272,2.429824,0.0,19.74826,6.945859,0.0,3.252804,2.953869,1.0,1.0,1,2
23623,-6.912112,2.626173,0.003906,19.806553,5.767763,0.0,3.252804,2.953869,1.0,1.0,1,2
23624,-6.886226,2.994328,0.0,19.860817,5.227802,0.0,3.252804,2.953869,1.0,1.0,1,2
23636,-6.856505,3.902444,-0.003906,19.905302,4.565123,0.0,3.252804,2.953869,1.0,1.0,1,2
23654,-6.820457,3.779726,0.003906,19.949787,5.252346,0.0,3.252804,2.953869,1.0,1.0,1,2
23655,-6.795721,1.693513,0.011719,19.998875,5.841394,0.0,3.252804,2.953869,1.0,1.0,0,2
23675,-6.788627,0.0,0.003906,20.048346,5.620501,0.003906,3.252804,2.953869,1.0,1.0,0,2
23677,-6.789585,0.0,0.0,20.090147,4.835104,0.0,3.252804,2.953869,1.0,1.0,0,2
23678,-6.788818,0.024544,-0.007812,20.12466,4.393317,0.0,3.252804,2.953869,1.0,1.0,0,2
23688,-6.788051,-0.294524,0.0,20.167229,5.301434,-0.003906,3.252804,2.953869,1.0,1.0,0,2
23706,-6.787668,0.343611,-0.003906,20.214399,5.350521,0.0,3.252804,2.953869,1.0,1.0,0,2
23707,-6.785175,0.245437,0.0,20.264637,5.939569,0.0,3.252804,2.953869,1.0,1.0,0,2
23717,-6.782299,0.343611,0.0,20.317944,6.430442,0.0,3.252804,2.953869,1.0,1.0,0,2
23727,-6.779614,0.171806,0.003906,20.374891,6.160462,0.0,3.252804,2.953869,1.0,1.0,0,2
23728,-6.777889,0.073631,0.0,20.425705,5.620501,0.0,3.252804,2.953869,1.0,1.0,0,2
23746,-6.777889,-0.343611,0.0,20.469614,4.835104,0.0,3.252804,2.953869,1.0,1.0,0,2
23760,-6.777889,-0.294524,-0.003906,20.515635,5.522326,-0.003906,3.252804,2.953869,1.0,1.0,0,2
23761,-6.777889,0.0,0.0,20.565489,6.185006,0.0,3.252804,2.953869,1.0,1.0,0,2
23774,-6.778272,-0.196349,0.0,20.614576,5.571414,0.0,3.252804,2.953869,1.0,1.0,0,2
23781,-6.778464,0.0,0.0,20.660021,4.614211,0.003906,3.252804,2.953869,1.0,1.0,0,2
23783,-6.778464,-0.122718,-0.003906,20.699327,3.730638,0.003906,3.252804,2.953869,1.0,1.0,0,2
23796,-6.777889,0.26998,-0.003906,20.727707,2.527998,0.003906,3.252804,2.953869,1.0,1.0,0,2
23814,-6.777889,0.049087,0.003906,20.745539,1.47262,0.007812,3.252804,2.953869,1.0,1.0,0,0
23816,-6.776738,0.024544,0.0,20.744581,-0.564505,0.003906,3.252804,3.220781,1.0,1.0,0,0
23837,-6.774629,0.196349,0.003906,20.741896,0.196349,-0.003906,3.252804,3.220781,1.0,1.0,0,0
23839,-6.771561,0.368155,0.003906,20.742662,0.098175,-0.003906,3.252804,3.220781,1.0,1.0,0,0
23847,-6.769452,0.073631,0.003906,20.742088,0.098175,-0.003906,3.252804,3.220781,1.0,1.0,0,0
23849,-6.767726,0.171806,-0.003906,20.741512,-0.196349,0.003906,3.252804,3.220781,1.0,1.0,0,0
23868,-6.765041,0.343611,0.0,20.741512,0.049087,0.0,3.252804,3.220781,1.0,1.0,0,0
23870,-6.764658,-0.343611,0.0,20.741322,0.220893,0.0,3.252804,3.220781,1.0,1.0,0,0
23887,-6.766,-0.441786,-0.003906,20.739595,0.147262,-0.003906,3.252804,3.220781,1.0,1.0,0,0
23889,-6.767918,-0.589048,0.0,20.737869,0.098175,-0.003906,3.252804,3.220781,1.0,1.0,0,0
23909,-6.770219,-0.687223,0.003906,20.736336,-0.294524,0.0,3.252804,3.220781,1.0,1.0,0,0
23911,-6.776355,-0.809941,0.003906,20.731543,-0.46633,0.0,3.252804,3.220781,1.0,1.0,0,0
23913,-6.786325,-1.448077,0.007812,20.712559,-3.043416,0.003906,3.252804,3.220781,1.0,1.0,0,1
23928,-6.795721,-1.644426,0.003906,20.678812,-4.982366,0.003906,3.252804,3.220781,1.0,1.0,0,1
23929,-6.810678,-1.865319,0.003906,20.625698,-6.28318,0.0,3.252804,3.220781,1.0,1.0,2,1
23941,-6.831578,-3.33794,0.003906,20.563379,-6.602248,0.003906,3.252804,3.220781,1.0,1.0,2,1
23975,-6.855355,-2.87161,0.0,20.500677,-6.209549,0.003906,3.252804,3.220781,1.0,1.0,2,1
23977,-6.876447,-2.503455,0.0,20.43932,-6.675879,0.003906,3.252804,3.220781,1.0,1.0,2,1
23978,-6.899073,-2.969784,0.0,20.368372,-7.976694,0.003906,3.252804,3.220781,1.0,1.0,2,1
23979,-6.925534,-3.681551,0.003906,20.297234,-8.713004,0.0,3.252804,3.220781,1.0,1.0,2,1
23992,-6.961008,-4.884191,0.0,20.214973,-9.400227,0.0,3.252804,3.220781,1.0,1.0,2,1
23994,-7.002425,-4.491492,0.003906,20.132332,-8.811178,0.0,3.252804,3.220781,1.0,1.0,2,1
24014,-7.046527,-4.933278,0.003906,20.047003,-9.866556,0.0,3.252804,3.220781,1.0,1.0,2,1
24015,-7.099066,-6.994947,0.007812,19.954966,-10.504692,0.0,3.252804,3.220781,1.0,1.0,2,1
24033,-7.171163,-8.443024,0.0,19.86216,-10.480148,0.003906,3.252804,3.220781,1.0,1.0,2,1
24035,-7.243452,-7.878519,-0.011719,19.766668,-10.381973,0.0,3.252804,3.220781,1.0,1.0,2,1
24036,-7.31459,-8.148499,0.003906,19.672136,-9.964731,0.0,3.252804,3.220781,1.0,1.0,2,1
24054,-7.389946,-7.853975,-0.003906,19.584316,-9.130246,0.003906,3.252804,3.220781,1.0,1.0,2,1
24055,-7.467604,-9.768382,-0.007812,19.500715,-9.302052,0.003906,3.252804,3.220781,1.0,1.0,2,1
24065,-7.549097,-8.590285,-0.003906,19.417496,-9.007528,0.0,3.252804,3.220781,1.0,1.0,2,1
24085,-7.620619,-8.123956,0.003906,19.339455,-8.41848,-0.003906,3.252804,3.220781,1.0,1.0,2,1
24087,-7.686388,-8.786634,0.007812,19.278864,-6.994947,-0.003906,3.252804,3.220781,1.0,1.0,2,1
24088,-7.762512,-8.173043,-0.003906,19.218845,-6.602248,0.003906,3.252804,3.220781,1.0,1.0,2,1
24096,-7.836335,-8.565742,0.0,19.156719,-7.461277,-0.003906,3.252804,3.220781,1.0,1.0,2,1
24118,-7.906514,-7.412189,0.0,19.092869,-6.700423,-0.007812,3.252804,3.220781,1.0,1.0,2,1
24119,-7.96864,-7.731257,0.011719,19.0317,-6.111374,0.0,3.252804,3.220781,1.0,1.0,2,1
24127,-8.039012,-8.68846,0.0,18.973026,-6.577704,0.003906,3.252804,3.220781,1.0,1.0,2,1
24159,-8.106315,-6.896772,0.0,18.916653,-6.135918,0.0,3.252804,3.220781,1.0,1.0,2,1
24161,-8.168441,-6.970403,0.0,18.863346,-5.105084,0.0,3.252804,3.220781,1.0,1.0,2,1
24163,-8.231718,-7.21584,0.003906,18.805439,-6.28318,0.0,3.252804,3.220781,1.0,1.0,2,1
24165,-8.283681,-6.577704,0.0,18.756351,-5.890481,-0.003906,3.252804,3.220781,1.0,1.0,2,1
24181,-8.346766,-7.731257,0.0,18.705154,-5.865938,0.0,3.252804,3.220781,1.0,1.0,2,1
24182,-8.411386,-6.356811,-0.011719,18.654343,-5.792307,0.007812,3.252804,3.220781,1.0,1.0,2,1
24192,-8.457788,-4.614211,-0.007812,18.59816,-6.405899,0.003906,3.252804,3.220781,1.0,1.0,2,1
24209,-8.497479,-4.859647,0.003906,18.539293,-6.577704,0.0,3.252804,3.220781,1.0,1.0,2,1
24211,-8.541774,-5.694132,0.007812,18.481194,-6.847685,0.0,3.252804,3.220781,1.0,1.0,2,1
24212,-8.589519,-4.786016,-0.003906,18.426737,-5.227802,0.0,3.252804,3.220781,1.0,1.0,2,1
24222,-8.627676,-4.123337,0.0,18.378609,-5.055996,0.0,3.252804,3.220781,1.0,1.0,2,1
24242,-8.664492,-4.196968,-0.003906,18.332973,-5.252346,0.003906,3.252804,3.220781,1.0,1.0,2,1
24244,-8.703992,-4.442405,-0.007812,18.279093,-6.258636,0.0,3.252804,3.220781,1.0,1.0,2,1
24253,-8.738123,-4.172424,0.0,18.229429,-5.816851,0.0,3.252804,3.220781,1.0,1.0,2,1
24274,-8.769569,-3.092503,-0.007812,18.178041,-5.27689,0.0,3.252804,3.220781,1.0,1.0,2,1
24275,-8.791237,-2.184387,0.0,18.132021,-4.712385,0.0,3.252804,3.220781,1.0,1.0,2,1
24278,-8.811754,-2.847066,0.003906,18.089645,-4.098794,0.0,3.252804,3.220781,1.0,1.0,2,1
24290,-8.841091,-3.853357,0.011719,18.052446,-4.049706,0.007812,3.252804,3.220781,1.0,1.0,2,1
24307,-8.885193,-5.620501,0.007812,18.014864,-4.123337,0.0,3.252804,3.220781,1.0,1.0,2,1
24311,-8.939841,-6.160462,0.0,17.974022,-4.34423,0.0,3.252804,3.220781,1.0,1.0,2,1
24316,-8.989312,-5.890481,-0.003906,17.929153,-4.246056,-0.007812,3.238997,3.220781,1.0,1.0,2,1
24338,-9.040892,-5.890481,0.0,17.892721,-3.067959,-0.007812,3.238997,3.220781,1.0,1.0,2,1
24339,-9.094582,-6.258636,0.0,17.869711,-1.619882,-0.003906,3.238997,3.220781,1.0,1.0,2,1
24340,-9.135424,-5.154171,0.0,17.860891,-0.73631,-0.007812,3.238997,3.220781,1.0,1.0,2,0
24348,-9.180484,-5.54687,0.0,17.853796,-0.417242,0.0,3.238997,3.220781,1.0,1.0,2,0
24366,-9.233406,-6.430442,0.0,17.848236,-0.441786,-0.007812,3.238997,3.220781,1.0,1.0,2,0
24367,-9.28863,-5.497783,-0.011719,17.847277,0.220893,-0.003906,3.238997,3.220781,1.0,1.0,2,0
24377,-9.325829,-4.000618,-0.007812,17.847277,0.049087,0.019531,3.238997,3.220781,1.0,1.0,2,0
24399,-9.356317,-3.657007,-0.007812,17.847277,0.171806,0.003906,3.238997,3.220781,1.0,1.0,2,0
24400,-9.383928,-2.847066,0.0,17.847277,0.0,0.0,3.238997,3.220781,1.0,1.0,2,0
24402,-9.413457,-3.460658,0.003906,17.847277,0.049087,-0.003906,3.238997,3.220781,1.0,1.0,2,0
24408,-9.44222,-3.828813,0.003906,17.847277,0.098175,-0.003906,3.238997,3.220781,1.0,1.0,2,0
24430,-9.47079,-3.239765,0.0,17.847277,0.098175,0.0,3.238997,3.220781,1.0,1.0,2,0
24431,-9.493991,-2.994328,0.0,17.847086,-0.122718,0.0,3.238997,3.220781,1.0,1.0,2,0
24439,-9.518343,-3.190677,0.0,17.847277,0.220893,0.0,3.238997,3.220781,1.0,1.0,2,0
24461,-9.547105,-3.092503,0.0,17.847277,0.245437,0.0,3.238997,3.220781,1.0,1.0,2,0
24463,-9.575676,-4.295143,0.0,17.847086,-0.245437,0.0,3.238997,3.220781,1.0,1.0,2,0
24464,-9.605205,-2.969784,-0.003906,17.847277,0.073631,0.0,3.238997,3.220781,1.0,1.0,2,0
24472,-9.625339,-2.086212,0.0,17.847469,0.490873,-0.003906,3.238997,3.220781,1.0,1.0,0,0
24494,-9.629173,0.343611,-0.011719,17.847277,0.171806,0.0,3.238997,3.220781,1.0,1.0,0,0
24495,-9.625722,0.196349,0.0,17.847086,-0.073631,0.0,3.238997,3.220781,1.0,1.0,0,0
24511,-9.624571,-0.024544,0.0,17.847277,0.392699,0.0,3.238997,3.220781,1.0,1.0,0,0
24513,-9.624763,-0.024544,-0.003906,17.847086,0.368155,0.0,3.238997,3.220781,1.0,1.0,0,0
24514,-9.624954,-0.049087,0.0,17.846893,0.245437,0.0,3.238997,3.220781,1.0,1.0,0,0
24534,-9.624954,0.0,0.0,17.846317,-0.220893,0.0,3.238997,3.220781,1.0,1.0,0,0
24535,-9.625147,-0.294524,0.0,17.84536,-0.417242,0.0,3.238997,3.220781,1.0,1.0,0,0
24556,-9.629173,-1.276271,0.003906,17.84421,0.196349,0.0,3.238997,3.220781,1.0,1.0,0,0
24557,-9.639911,-1.718057,0.0,17.84325,0.147262,0.007812,3.238997,3.220781,1.0,1.0,0,0
24559,-9.655826,-1.595339,0.0,17.8421,0.049087,0.007812,3.238997,3.220781,1.0,1.0,0,0
24566,-9.674233,-3.018872,0.003906,17.838648,-0.220893,0.003906,3.238997,3.220781,1.0,1.0,0,0
24586,-9.703763,-4.123337,0.007812,17.828485,-1.227184,0.003906,3.238997,3.220781,1.0,1.0,0,0
24587,-9.745755,-5.522326,0.007812,17.813147,-1.914407,0.0,3.238997,3.220781,1.0,1.0,0,0
24596,-9.790433,-5.816851,0.003906,17.797422,-2.20893,0.0,3.238997,3.220781,1.0,1.0,0,0
24630,-9.839136,-5.055996,-0.003906,17.778055,-1.988037,0.0,3.238997,3.220781,1.0,1.0,0,0
24632,-9.882855,-5.129628,-0.007812,17.762716,-0.957203,-0.003906,3.238997,3.220781,1.0,1.0,0,0
24633,-9.925806,-4.761473,0.0,17.753704,-1.227184,0.0,3.238997,3.220781,1.0,1.0,0,0
24634,-9.963197,-3.976075,-0.023438,17.747952,-0.049087,0.0,3.238997,3.220781,1.0,1.0,0,0
24649,-9.985249,-1.767144,-0.007812,17.745268,0.0,-0.003906,3.238997,3.220781,1.0,1.0,0,0
24650,-9.988317,0.343611,-0.003906,17.742582,-0.122718,0.0,3.238997,3.220781,1.0,1.0,0,0
24659,-9.982947,0.417242,0.0,17.73798,-0.662679,-0.003906,3.238997,3.220781,1.0,1.0,0,0
24679,-9.976428,0.245437,0.0,17.732037,-0.760854,0.0,3.238997,3.220781,1.0,1.0,0,0
24681,-9.971826,0.049087,0.0,17.726667,-0.564505,0.003906,3.238997,3.220781,1.0,1.0,0,0
24682,-9.971251,-0.343611,0.0,17.726477,0.098175,0.0,3.238997,3.220781,1.0,1.0,0,0
24690,-9.971059,0.0,0.0,17.727051,0.0,0.0,3.238997,3.220781,1.0,1.0,0,0
24712,-9.970484,-0.098175,0.003906,17.727243,0.073631,-0.003906,3.238997,3.220781,1.0,1.0,0,0
24714,-9.968374,-0.171806,0.0,17.727243,-0.024544,0.0,3.238997,3.220781,1.0,1.0,0,0
24721,-9.966456,0.441786,0.0,17.727818,0.26998,0.0,3.238997,3.220781,1.0,1.0,1,0
24741,-9.943255,4.172424,-0.023438,17.727818,0.245437,0.003906,3.238997,3.220781,1.0,1.0,1,0
24743,-9.887074,7.142209,-0.011719,17.728201,0.196349,0.003906,3.238997,3.220781,1.0,1.0,1,0
24744,-9.814593,8.933897,0.003906,17.728777,0.417242,0.0,3.238997,3.220781,1.0,1.0,1,0
24752,-9.744222,8.123956,-0.003906,17.728777,-0.073631,0.0,3.238997,3.220781,1.0,1.0,1,0
24774,-9.67711,7.117665,0.0,17.729353,0.245437,-0.003906,3.238997,3.220781,1.0,1.0,1,0
24775,-9.605588,8.590285,-0.011719,17.730694,0.319068,0.0,3.238997,3.220781,1.0,1.0,1,0
24783,-9.529848,7.583995,0.011719,17.733953,0.687223,0.003906,3.238997,3.220781,1.0,1.0,1,0
24784,-9.465421,8.369392,0.0,17.739132,0.883572,0.0,3.238997,3.220781,1.0,1.0,1,0
24804,-9.391406,7.780344,-0.003906,17.751595,1.767144,-0.003906,3.238997,3.220781,1.0,1.0,1,0
24806,-9.318542,8.148499,0.0,17.772112,3.067959,-0.003906,3.238997,3.220781,1.0,1.0,1,2
24814,-9.234174,9.375683,0.0,17.802408,3.558833,-0.003906,3.238997,3.220781,1.0,1.0,1,2
24838,-9.164761,7.927606,0.011719,17.838264,5.031453,-0.003906,3.238997,3.220781,1.0,1.0,1,2
24840,-9.091322,8.344849,-0.007812,17.891954,6.823141,-0.007812,3.238997,3.220781,1.0,1.0,1,2
24845,-9.017499,7.853975,0.0,17.953505,6.945859,0.003906,3.238997,3.220781,1.0,1.0,1,2
24846,-8.944634,8.516654,0.003906,18.010262,5.767763,0.003906,3.238997,3.220781,1.0,1.0,1,2
24873,-8.877523,7.142209,0.003906,18.056856,5.841394,0.0,3.238997,3.220781,1.0,1.0,1,2
24874,-8.815781,5.399608,0.003906,18.11323,6.602248,0.0,3.238997,3.220781,1.0,1.0,1,2
24877,-8.769186,5.767763,0.0,18.174206,7.461277,-0.007812,3.238997,3.220781,1.0,1.0,1,2
24899,-8.720674,5.645045,0.0,18.232306,7.559451,0.0,3.238997,3.220781,1.0,1.0,1,2
24901,-8.672545,5.129628,0.007812,18.298841,7.142209,0.0,3.238997,3.220781,1.0,1.0,1,2
24902,-8.631127,4.196968,0.011719,18.357517,6.258636,0.003906,3.238997,3.220781,1.0,1.0,1,2
24908,-8.590094,4.638754,0.0,18.412165,6.774054,0.0,3.238997,3.220781,1.0,1.0,1,2
24930,-8.550978,4.687841,0.003906,18.462978,5.767763,0.0,3.238997,3.220781,1.0,1.0,1,2
24932,-8.515696,3.288852,0.003906,18.520309,6.234093,0.0,3.238997,3.220781,1.0,1.0,1,2
24939,-8.485591,3.092503,0.0,18.573999,5.497783,0.003906,3.238997,3.220781,1.0,1.0,1,2
24961,-8.454528,4.147881,0.0,18.616184,4.81056,0.0,3.238997,3.220781,1.0,1.0,1,2
24962,-8.404482,6.086831,-0.007812,18.656067,4.000618,0.0,3.238997,3.220781,1.0,1.0,1,2
24964,-8.342739,6.454986,0.007812,18.693266,4.319686,-0.003906,3.238997,3.220781,1.0,1.0,1,2
24972,-8.295761,5.522326,0.007812,18.734108,5.448695,0.0,3.238997,3.220781,1.0,1.0,1,2
24992,-8.243798,6.528617,-0.003906,18.788565,6.430442,0.0,3.238997,3.220781,1.0,1.0,1,2
24993,-8.178604,7.878519,-0.007812,18.843981,5.841394,0.003906,3.238997,3.220781,1.0,1.0,1,2
25003,-8.1113,8.001237,0.0,18.891533,4.859647,0.0,3.238997,3.220781,1.0,1.0,1,2
25004,-8.04438,8.884809,0.0,18.929499,4.491492,0.003906,3.238997,3.220781,1.0,1.0,1,2
25024,-7.972475,7.166752,0.007812,18.970533,4.614211,-0.003906,3.238997,3.220781,1.0,1.0,1,2
25026,-7.913992,6.332268,-0.003906,19.007349,4.196968,0.003906,3.201607,3.220781,1.0,1.0,1,2
25034,-7.849182,7.264927,-0.011719,19.038603,3.288852,0.0,3.201607,3.220781,1.0,1.0,1,2
25055,-7.792041,7.068578,0.0,19.068132,3.951531,0.0,3.201607,3.220781,1.0,1.0,1,2
25056,-7.728189,7.534907,0.0,19.103415,4.466949,0.0,3.201607,3.220781,1.0,1.0,1,2
25058,-7.66031,7.191296,0.003906,19.141188,4.147881,0.0,3.201607,3.220781,1.0,1.0,1,2
25070,-7.610839,5.301434,0.0,19.174936,4.663298,0.0,3.201607,3.220781,1.0,1.0,1,2
25088,-7.555808,6.970403,-0.011719,19.20715,3.14159,0.0,3.201607,3.220781,1.0,1.0,1,2
25090,-7.491381,7.559451,0.003906,19.238596,4.098794,0.0,3.201607,3.220781,1.0,1.0,1,2
25095,-7.439226,5.890481,0.003906,19.270235,4.368774,-0.007812,3.201607,3.220781,1.0,1.0,1,2
25117,-7.387646,4.736929,0.0,19.313377,5.497783,-0.003906,3.201607,3.220781,1.0,1.0,1,2
25119,-7.333956,6.037744,0.0,19.360165,5.105084,0.0,3.201607,3.220781,1.0,1.0,1,2
25121,-7.290238,4.417861,0.0,19.406183,5.203259,0.0,3.201607,3.220781,1.0,1.0,1,2
25128,-7.255531,4.589667,0.0,19.442999,4.393317,0.003906,3.201607,3.220781,1.0,1.0,1,2
25148,-7.216798,4.516036,0.0,19.479239,3.951531,0.003906,3.201607,3.220781,1.0,1.0,1,2
25150,-7.170396,4.957822,-0.003906,19.509918,3.657007,0.0,3.201607,3.220781,1.0,1.0,1,2
25157,-7.129745,3.485202,0.011719,19.539064,3.166134,-0.003906,3.201607,3.220781,1.0,1.0,1,2
25159,-7.108653,1.374446,0.011719,19.563608,3.706095,-0.003906,3.201607,3.220781,1.0,1.0,1,2
25181,-7.099449,0.073631,0.011719,19.597164,4.246056,0.0,3.201607,3.220781,1.0,1.0,0,2
25182,-7.100983,0.343611,-0.003906,19.638582,5.105084,0.0,3.201607,3.220781,1.0,1.0,0,2
25189,-7.099066,0.368155,0.003906,19.678082,4.835104,0.0,3.201607,3.220781,1.0,1.0,0,2
25212,-7.096573,0.024544,0.0,19.7218,4.466949,0.0,3.201607,3.220781,1.0,1.0,0,2
25213,-7.094464,0.0,0.0,19.766094,5.767763,0.003906,3.201607,3.220781,1.0,1.0,0,2
25221,-7.093313,0.049087,0.003906,19.815372,6.258636,0.0,3.201607,3.220781,1.0,1.0,0,2
25223,-7.09293,-0.392699,0.003906,19.861391,6.356811,0.003906,3.201607,3.220781,1.0,1.0,0,2
25244,-7.090437,0.417242,0.0,19.910288,5.497783,0.0,3.201607,3.220781,1.0,1.0,0,2
25246,-7.085068,0.564505,0.0,19.959566,5.473239,0.0,3.201607,3.220781,1.0,1.0,0,2
25251,-7.081233,0.171806,0.003906,20.006544,6.135918,0.0,3.201607,3.220781,1.0,1.0,0,2
25273,-7.080466,-0.245437,-0.003906,20.057741,5.645045,0.003906,3.201607,3.220781,1.0,1.0,0,2
25275,-7.080466,-0.245437,0.003906,20.101652,4.957822,0.0,3.201607,3.220781,1.0,1.0,0,2
25277,-7.080275,-0.220893,-0.003906,20.142685,5.006909,0.0,3.201607,3.220781,1.0,1.0,0,2
25284,-7.080466,-0.319068,0.0,20.18046,5.105084,0.0,3.201607,3.220781,1.0,1.0,0,2
25306,-7.079316,-0.319068,0.0,20.223795,5.154171,0.0,3.201607,3.220781,1.0,1.0,0,2
25308,-7.075864,0.0,-0.003906,20.266554,5.27689,0.0,3.201607,3.220781,1.0,1.0,0,2
25315,-7.068769,0.539961,-0.003906,20.311808,5.620501,-0.003906,3.201607,3.220781,1.0,1.0,0,2
25337,-7.05343,1.914407,-0.007812,20.360319,5.399608,0.003906,3.201607,3.220781,1.0,1.0,0,2
25338,-7.029653,3.804269,-0.007812,20.402504,5.178715,0.003906,3.201607,3.220781,1.0,1.0,0,2
25340,-6.991879,4.246056,-0.007812,20.44392,5.031453,0.0,3.201607,3.220781,1.0,1.0,0,2
25346,-6.952379,4.246056,0.0,20.484188,4.933278,-0.003906,3.201607,3.220781,1.0,1.0,0,2
25368,-6.915947,4.196968,-0.003906,20.526373,4.859647,0.0,3.201607,3.220781,1.0,1.0,0,2
25370,-6.884308,4.196968,0.0,20.563572,4.884191,0.0,3.201607,3.220781,1.0,1.0,0,2
25398,-6.845575,4.466949,0.0,20.603262,4.393317,0.003906,3.201607,3.220781,1.0,1.0,0,2
25399,-6.805692,3.681551,0.0,20.637201,3.387027,0.003906,3.201607,3.220781,1.0,1.0,0,2
25400,-6.781915,1.767144,0.011719,20.66654,3.092503,0.0,3.201607,3.220781,1.0,1.0,0,2
25402,-6.775588,-0.490873,0.003906,20.687248,2.061668,0.0,3.201607,3.220781,1.0,1.0,0,0
25410,-6.776546,0.26998,0.0,20.702013,0.957203,0.003906,3.201607,3.220781,1.0,1.0,0,0
25427,-6.772136,0.687223,0.0,20.703163,-0.26998,0.0,3.201607,3.220781,1.0,1.0,0,0
25429,-6.765809,0.441786,0.003906,20.701054,-0.392699,-0.003906,3.201607,3.220781,1.0,1.0,0,0
25439,-6.760056,-0.024544,0.0,20.701054,0.098175,0.003906,3.201607,3.220781,1.0,1.0,0,0
25441,-6.757947,-0.171806,0.0,20.70163,0.0,0.0,3.201607,3.220781,1.0,1.0,0,0
25460,-6.757564,0.098175,0.0,20.699711,-0.122718,0.0,3.201607,3.220781,1.0,1.0,0,0
25461,-6.75833,-0.245437,0.0,20.697027,-0.343611,0.003906,3.201607,3.220781,1.0,1.0,0,0
25470,-6.760056,-0.539961,0.0,20.695877,0.073631,0.0,3.201607,3.220781,1.0,1.0,0,0
25492,-6.761398,0.122718,0.003906,20.69511,0.024544,0.003906,3.201607,3.220781,1.0,1.0,0,0
25493,-6.761973,-0.539961,-0.003906,20.692234,-0.343611,0.0,3.201607,3.220781,1.0,1.0,0,0
25494,-6.762549,-0.294524,-0.007812,20.690125,-0.073631,0.0,3.201607,3.220781,1.0,1.0,0,0
25502,-6.762741,-0.319068,0.0,20.688398,-0.417242,0.0,3.201607,3.220781,1.0,1.0,0,0
25528,-6.764658,-0.564505,0.003906,20.680536,-1.497164,0.007812,3.201607,3.220781,1.0,1.0,0,1
25530,-6.770602,-1.570795,0.003906,20.656378,-4.049706,0.003906,3.201607,3.220781,1.0,1.0,2,1
25534,-6.788051,-3.018872,0.003906,20.602879,-7.068578,0.0,3.201607,3.220781,1.0,1.0,2,1
25555,-6.822758,-5.129628,0.003906,20.527906,-8.68846,0.003906,3.201607,3.220781,1.0,1.0,2,1
25557,-6.864175,-4.270599,-0.007812,20.445839,-9.252965,0.0,3.201607,3.220781,1.0,1.0,2,1
25558,-6.904058,-5.399608,0.0,20.360319,-9.081159,0.0,3.201607,3.220781,1.0,1.0,2,1
25564,-6.948352,-5.399608,0.0,20.274992,-8.982985,-0.007812,3.201607,3.220781,1.0,1.0,2,1
25588,-6.997056,-5.865938,0.003906,20.192156,-8.713004,0.0,3.201607,3.220781,1.0,1.0,2,1
25590,-7.042883,-5.006909,0.0,20.110664,-8.737548,0.0,3.201607,3.220781,1.0,1.0,2,1
25596,-7.085835,-6.209549,0.011719,20.03665,-9.400227,0.0,3.201607,3.220781,1.0,1.0,2,1
25619,-7.150262,-8.025781,0.003906,19.950554,-9.400227,-0.003906,3.201607,3.220781,1.0,1.0,2,1
25620,-7.218716,-6.823141,-0.003906,19.866186,-9.42477,0.0,3.201607,3.220781,1.0,1.0,2,1
25622,-7.280459,-7.044034,0.0,19.776831,-9.326595,0.0,3.201607,3.220781,1.0,1.0,2,1
25638,-7.347379,-8.393936,0.003906,19.688437,-9.15479,-0.003906,3.201607,3.220781,1.0,1.0,2,1
25640,-7.415065,-8.074868,0.0,19.607327,-8.074868,0.0,3.201607,3.220781,1.0,1.0,2,1
25663,-7.487546,-8.590285,0.0,19.535805,-7.829432,0.0,3.201607,3.220781,1.0,1.0,2,1
25665,-7.559259,-7.289471,-0.011719,19.466967,-7.412189,0.0,3.201607,3.220781,1.0,1.0,2,1
25690,-7.6164,-6.234093,0.003906,19.404457,-6.921316,0.0,3.201607,3.220781,1.0,1.0,2,1
25691,-7.669514,-7.264927,0.007812,19.354603,-6.209549,-0.003906,3.201607,3.220781,1.0,1.0,2,1
25692,-7.7349,-7.363102,-0.003906,19.304941,-5.105084,0.0,3.201607,3.220781,1.0,1.0,2,1
25694,-7.793958,-6.724967,0.0,19.26199,-4.221512,0.0,3.201607,3.220781,1.0,1.0,2,1
25712,-7.853209,-6.528617,0.0,19.220764,-4.761473,0.007812,3.201607,3.220781,1.0,1.0,2,1
25714,-7.907281,-5.645045,-0.003906,19.173403,-5.473239,0.0,3.201607,3.220781,1.0,1.0,2,1
25721,-7.954451,-5.964112,0.003906,19.122589,-5.718676,0.0,3.201607,3.220781,1.0,1.0,2,1
25741,-8.010633,-6.970403,0.003906,19.076187,-4.908734,0.0,3.201607,3.220781,1.0,1.0,2,1
25743,-8.07391,-6.602248,-0.007812,19.033426,-4.246056,0.0,3.201607,3.220781,1.0,1.0,2,1
25744,-8.127982,-5.669589,-0.007812,18.988174,-4.736929,0.0,3.201607,3.220781,1.0,1.0,2,1
25753,-8.181672,-6.307724,0.0,18.942537,-4.687841,0.003906,3.201607,3.220781,1.0,1.0,2,1
25774,-8.229609,-6.0132,0.003906,18.904955,-4.761473,0.0,3.201607,3.220781,1.0,1.0,2,1
25775,-8.278888,-5.325977,0.003906,18.862389,-4.491492,0.0,3.201607,3.220781,1.0,1.0,2,1
25784,-8.333152,-6.307724,0.0,18.814835,-5.399608,0.0,3.201607,3.220781,1.0,1.0,2,1
25806,-8.393361,-6.798597,-0.011719,18.767281,-4.712385,-0.007812,3.201607,3.220781,1.0,1.0,2,1
25807,-8.442832,-4.687841,-0.007812,18.724905,-4.736929,0.0,3.201607,3.220781,1.0,1.0,2,1
25808,-8.482907,-4.884191,0.0,18.681953,-4.835104,0.0,3.201607,3.220781,1.0,1.0,2,1
25816,-8.524708,-4.982366,0.007812,18.631716,-5.743219,0.007812,3.201607,3.220781,1.0,1.0,2,1
25838,-8.575521,-5.988656,0.011719,18.575342,-6.528617,0.0,3.201607,3.220781,1.0,1.0,2,1
25840,-8.625567,-5.54687,0.0,18.518585,-5.988656,0.0,3.201607,3.220781,1.0,1.0,2,1
25848,-8.672354,-6.651335,0.0,18.469305,-6.234093,-0.007812,3.201607,3.220781,1.0,1.0,2,1
25867,-8.728919,-6.626791,0.0,18.41811,-5.816851,0.0,3.201607,3.220781,1.0,1.0,2,1
25868,-8.780883,-5.399608,-0.003906,18.37324,-5.055996,0.0,3.201607,3.220781,1.0,1.0,2,1
25870,-8.823642,-5.252346,0.003906,18.326262,-5.767763,0.003906,3.201607,3.220781,1.0,1.0,2,1
25880,-8.874455,-6.602248,0.011719,18.271997,-5.669589,0.0,3.201607,3.220781,1.0,1.0,2,1
25908,-8.934472,-6.454986,-0.003906,18.220993,-5.595957,-0.007812,3.201607,3.220781,1.0,1.0,2,1
25909,-8.987778,-6.209549,0.0,18.177658,-3.926988,-0.007812,3.201607,3.220781,1.0,1.0,2,1
25917,-9.038015,-5.792307,0.0,18.141033,-3.33794,0.0,3.201607,3.220781,1.0,1.0,2,1
25941,-9.088446,-5.424152,0.003906,18.109587,-2.601629,0.0,3.201607,3.220781,1.0,1.0,2,1
25943,-9.127178,-4.712385,0.0,18.090412,-1.865319,0.0,3.201607,3.220781,1.0,1.0,2,1
25945,-9.165144,-4.884191,0.003906,18.07354,-1.693513,0.0,3.201607,3.220781,1.0,1.0,2,0
25946,-9.21078,-6.0132,0.003906,18.062609,-0.515417,0.0,3.201607,3.220781,1.0,1.0,2,0
25962,-9.263319,-6.28318,-0.003906,18.053789,-0.883572,0.003906,3.201607,3.220781,1.0,1.0,2,0
25964,-9.307612,-3.902444,-0.019531,18.044777,-0.490873,0.0,3.201607,3.220781,1.0,1.0,2,0
25976,-9.340402,-3.804269,-0.003906,18.040558,-0.073631,0.0,3.201607,3.220781,1.0,1.0,2,0
26005,-9.372807,-3.902444,0.0,18.037107,-0.441786,0.0,3.201607,3.220781,1.0,1.0,2,0
26007,-9.408472,-4.393317,0.0,18.030396,-0.613592,0.0,3.201607,3.220781,1.0,1.0,2,0
26008,-9.448739,-4.81056,0.0,18.020041,-0.981747,0.0,3.201607,3.220781,1.0,1.0,2,0
26010,-9.482678,-4.196968,0.0,18.013905,-0.760854,0.0,3.201607,3.220781,1.0,1.0,2,0
26030,-9.519686,-4.663298,0.0,18.005468,-1.448077,0.0,3.201607,3.220781,1.0,1.0,2,0
26031,-9.563212,-5.08054,0.0,17.993389,-1.079922,0.0,3.201607,3.220781,1.0,1.0,2,0
26037,-9.609999,-5.227802,-0.003906,17.981691,-1.47262,0.0,3.201607,3.220781,1.0,1.0,2,0
26038,-9.646814,-3.239765,-0.011719,17.963667,-1.718057,0.0,3.201607,3.220781,1.0,1.0,2,0
26055,-9.666564,-1.546251,-0.007812,17.943535,-1.93895,0.0,3.201607,3.220781,1.0,1.0,2,0
26056,-9.679603,-1.325358,-0.003906,17.927427,-1.619882,0.0,3.201607,3.220781,1.0,1.0,2,0
26065,-9.690916,-1.349902,0.003906,17.915155,-0.883572,0.0,3.201607,3.220781,1.0,1.0,2,0
26087,-9.707023,-2.086212,0.0,17.90461,-1.595339,0.003906,3.201607,3.220781,1.0,1.0,2,0
26091,-9.723321,-2.233474,0.003906,17.893488,-1.129009,-0.003906,3.201607,3.220781,1.0,1.0,2,0
26097,-9.748823,-3.681551,0.0,17.885626,-0.859029,0.0,3.201607,3.220781,1.0,1.0,2,0
26099,-9.783914,-4.295143,0.007812,17.876423,-1.104465,-0.007812,3.201607,3.220781,1.0,1.0,2,0
26118,-9.822263,-4.270599,0.0,17.869328,-0.196349,0.0,3.201607,3.220781,1.0,1.0,2,0
26120,-9.854476,-3.828813,-0.003906,17.868177,0.0,0.0,3.201607,3.220781,1.0,1.0,2,0
26130,-9.888032,-3.828813,-0.003906,17.868368,0.220893,0.0,3.201607,3.220781,1.0,1.0,2,0
26147,-9.924273,-4.466949,0.0,17.868177,-0.122718,0.0,3.201607,3.220781,1.0,1.0,2,0
26149,-9.959554,-3.951531,0.0,17.868561,0.245437,0.0,3.201607,3.220781,1.0,1.0,2,0
26157,-9.985249,-2.748891,-0.003906,17.868753,0.049087,0.0,3.201607,3.220781,1.0,1.0,2,0
26159,-10.001163,-1.055378,-0.007812,17.869137,0.024544,0.0,3.201607,3.220781,1.0,1.0,0,0
26180,-10.001163,0.122718,-0.003906,17.869328,-0.122718,0.0,3.201607,3.220781,1.0,1.0,0,0
26182,-9.998479,-0.147262,0.0,17.869328,0.0,0.0,3.201607,3.220781,1.0,1.0,0,0
26194,-9.998096,-0.049087,0.0,17.868561,-0.049087,0.0,3.201607,3.220781,1.0,1.0,0,0
26212,-9.998096,0.122718,0.0,17.867794,-0.343611,0.0,3.201607,3.220781,1.0,1.0,0,0
26214,-9.998096,-0.73631,-0.003906,17.867794,0.245437,0.0,3.201607,3.220781,1.0,1.0,0,0
26220,-9.997328,0.147262,-0.003906,17.867985,0.245437,0.0,3.201607,3.220781,1.0,1.0,0,0
26222,-9.997136,0.024544,0.003906,17.868944,0.441786,0.0,3.201607,3.220781,1.0,1.0,0,0
26255,-9.996944,-0.245437,0.0,17.870287,0.147262,0.0,3.201607,3.220781,1.0,1.0,0,0
26256,-9.995794,-0.049087,0.003906,17.871244,0.294524,0.0,3.201607,3.220781,1.0,1.0,0,0
26257,-9.994836,-0.049087,0.0,17.871437,-0.343611,0.0,3.201607,3.220781,1.0,1.0,0,0
26272,-9.993876,0.294524,0.0,17.872587,-0.073631,0.0,3.201607,3.220781,1.0,1.0,0,0
26273,-9.993685,-0.392699,0.0,17.873354,0.368155,0.0,3.201607,3.220781,1.0,1.0,0,0
26274,-9.99311,0.294524,0.0,17.873354,0.122718,-0.007812,3.201607,3.220781,1.0,1.0,0,0
26284,-9.992151,0.147262,0.0,17.873547,0.073631,0.0,3.201607,3.220781,1.0,1.0,0,0
26304,-9.989083,0.319068,-0.003906,17.875273,0.613592,0.003906,3.201607,3.220781,1.0,1.0,0,0
26306,-9.978345,1.93895,-0.007812,17.87623,0.539961,0.0,3.201607,3.220781,1.0,1.0,1,0
26316,-9.952459,3.706095,-0.007812,17.87738,0.098175,0.0,3.201607,3.220781,1.0,1.0,1,0
26335,-9.915452,5.08054,-0.007812,17.878916,0.539961,0.0,3.201607,3.220781,1.0,1.0,1,0
26337,-9.858695,7.068578,0.0,17.878916,0.122718,0.003906,3.201607,3.220781,1.0,1.0,1,0
26338,-9.791008,8.025781,0.003906,17.878916,0.0,0.0,3.201607,3.220781,1.0,1.0,1,0
26356,-9.72754,5.595957,0.003906,17.879873,0.319068,0.0,3.201607,3.220781,1.0,1.0,1,0
26358,-9.679794,5.620501,-0.007812,17.883133,0.638135,0.0,3.201607,3.220781,1.0,1.0,1,0
26379,-9.619011,7.706713,-0.011719,17.892529,1.718057,0.0,3.201607,3.220781,1.0,1.0,1,0
26381,-9.551324,6.970403,0.007812,17.907293,1.693513,0.003906,3.201607,3.220781,1.0,1.0,1,0
26383,-9.49936,5.718676,0.003906,17.919758,1.816232,0.0,3.201607,3.220781,1.0,1.0,1,0
26399,-9.444903,6.405899,-0.003906,17.935289,1.66897,0.0,3.201607,3.220781,1.0,1.0,1,0
26400,-9.390831,5.571414,-0.003906,17.950821,1.718057,0.0,3.201607,3.220781,1.0,1.0,1,0
26411,-9.337334,5.841394,0.0,17.962326,0.760854,0.003906,3.201607,3.220781,1.0,1.0,1,0
26429,-9.283069,7.166752,-0.003906,17.968079,0.809941,0.0,3.201607,3.220781,1.0,1.0,1,0
26431,-9.217491,6.626791,0.019531,17.975172,1.006291,0.0,3.201607,3.220781,1.0,1.0,1,0
26433,-9.169938,4.687841,0.007812,17.979008,0.589048,0.0,3.201607,3.220781,1.0,1.0,1,0
26453,-9.13945,3.583376,0.003906,17.979965,0.539961,-0.003906,3.201607,3.220781,1.0,1.0,1,0
26454,-9.103594,3.902444,-0.003906,17.990513,1.767144,-0.007812,3.201607,3.220781,1.0,1.0,1,2
26472,-9.065627,3.828813,0.0,18.017357,3.730638,-0.003906,3.201607,3.220781,1.0,1.0,1,2
26473,-9.035907,2.429824,0.003906,18.055323,5.325977,-0.003906,3.201607,3.220781,1.0,1.0,1,2
26491,-9.006952,2.748891,0.0,18.10441,6.307724,-0.003906,3.201607,3.220781,1.0,1.0,1,2
26493,-8.978382,3.534289,0.0,18.153881,6.356811,0.0,3.201607,3.220781,1.0,1.0,1,2
26495,-8.936007,5.473239,0.0,18.210831,6.798597,0.003906,3.201607,3.220781,1.0,1.0,1,2
26505,-8.889219,4.516036,0.003906,18.266821,6.454986,0.007812,3.201607,3.220781,1.0,1.0,1,2
26522,-8.861609,2.748891,0.007812,18.311497,5.571414,0.0,3.201607,3.220781,1.0,1.0,1,2
26524,-8.840133,2.135299,0.0,18.353491,4.417861,0.0,3.201607,3.220781,1.0,1.0,1,2
26535,-8.814054,3.436114,-0.003906,18.394907,4.614211,0.0,3.201607,3.220781,1.0,1.0,1,2
26553,-8.777239,5.08054,-0.019531,18.441694,5.522326,0.0,3.201607,3.220781,1.0,1.0,1,2
26554,-8.727576,6.553161,-0.007812,18.486372,5.571414,0.0,3.201607,3.220781,1.0,1.0,1,2
26556,-8.667176,6.994947,0.007812,18.53661,5.890481,0.003906,3.201607,3.220781,1.0,1.0,1,2
26566,-8.604092,7.21584,0.003906,18.584929,5.350521,0.003906,3.201607,3.220781,1.0,1.0,1,2
26586,-8.540814,7.363102,0.0,18.620594,4.516036,0.0,3.201607,3.220781,1.0,1.0,1,2
26588,-8.475045,7.461277,-0.007812,18.652233,3.804269,0.0,3.201607,3.220781,1.0,1.0,1,2
26595,-8.402182,8.958441,0.0,18.68042,3.043416,0.0,3.201607,3.220781,1.0,1.0,1,2
26596,-8.32088,8.541198,0.011719,18.714933,4.663298,-0.003906,3.201607,3.220781,1.0,1.0,1,2
26616,-8.255111,8.025781,0.0,18.753859,5.620501,-0.003906,3.201607,3.220781,1.0,1.0,1,2
26618,-8.178796,8.443024,-0.007812,18.803713,5.816851,0.003906,3.201607,3.220781,1.0,1.0,1,2
26628,-8.102288,8.68846,-0.007812,18.849541,4.687841,0.003906,3.201607,3.220781,1.0,1.0,1,2
26647,-8.01792,9.473858,0.003906,18.887316,4.172424,0.007812,3.201607,3.220781,1.0,1.0,1,2
26649,-7.952917,7.289471,0.003906,18.918953,3.828813,-0.003906,3.201607,3.220781,1.0,1.0,1,2
26651,-7.891558,7.117665,-0.007812,18.957302,4.172424,0.007812,3.201607,3.220781,1.0,1.0,1,2
26670,-7.826364,7.166752,-0.007812,18.991241,4.07425,0.007812,3.201607,3.220781,1.0,1.0,1,2
26672,-7.76558,6.454986,0.0,19.020388,3.239765,0.0,3.201607,3.220781,1.0,1.0,1,2
26690,-7.708631,7.559451,0.003906,19.043781,3.509745,0.0,3.201607,3.220781,1.0,1.0,1,2
26691,-7.649189,5.669589,0.003906,19.074461,4.025162,0.0,3.201607,3.220781,1.0,1.0,1,2
26714,-7.603745,4.884191,-0.003906,19.106098,3.902444,0.003906,3.201607,3.220781,1.0,1.0,1,2
26718,-7.561561,5.694132,-0.011719,19.132944,3.313396,0.003906,3.201607,3.220781,1.0,1.0,1,2
26721,-7.50001,7.117665,0.0,19.157679,2.577086,0.003906,3.201607,3.220781,1.0,1.0,1,2
26724,-7.444403,5.816851,0.007812,19.180113,2.552542,0.003906,3.201607,3.220781,1.0,1.0,1,2
26742,-7.401643,3.779726,0.007812,19.196411,1.742601,0.003906,3.201607,3.220781,1.0,1.0,1,2
26743,-7.366362,4.516036,-0.003906,19.206575,1.079922,0.0,3.201607,3.220781,1.0,1.0,1,2
26753,-7.328395,3.436114,0.003906,19.215395,1.448077,0.003906,3.201607,3.220781,1.0,1.0,1,2
26754,-7.2981,2.87161,0.0,19.2269,1.227184,0.003906,3.201607,3.220781,1.0,1.0,1,2
26772,-7.272789,2.87161,0.0,19.233803,1.276271,0.0,3.201607,3.220781,1.0,1.0,1,2
26774,-7.241342,3.632463,0.0,19.243006,1.718057,-0.003906,3.201607,3.220781,1.0,1.0,1,2
26784,-7.205294,4.246056,-0.007812,19.254894,1.47262,0.007812,3.201607,3.220781,1.0,1.0,1,2
26807,-7.161575,4.638754,0.0,19.269659,2.748891,-0.003906,3.201607,3.220781,1.0,1.0,1,2
26809,-7.128211,3.362483,0.003906,19.288067,2.650717,0.0,3.201607,3.220781,1.0,1.0,1,2
26815,-7.106544,1.644426,0.003906,19.309544,2.184387,-0.003906,3.201607,3.220781,1.0,1.0,0,2
26816,-7.099641,0.049087,0.003906,19.329676,2.67526,0.0,3.201607,3.220781,1.0,1.0,0,2
26834,-7.100024,-0.441786,0.0,19.348467,2.601629,0.0,3.201607,3.220781,1.0,1.0,0,2
26836,-7.101175,-0.098175,0.0,19.368793,2.748891,0.0,3.201607,3.220781,1.0,1.0,0,2
26848,-7.102517,-0.441786,0.0,19.390652,3.33794,0.0,3.201607,3.220781,1.0,1.0,0,2
26866,-7.102517,-0.098175,0.0,19.419031,3.804269,0.0,3.201607,3.220781,1.0,1.0,0,2
26868,-7.102134,-0.049087,0.003906,19.451435,4.07425,0.0,3.201607,3.220781,1.0,1.0,0,2
26869,-7.101367,0.049087,-0.003906,19.483458,4.025162,0.003906,3.201607,3.220781,1.0,1.0,0,2
26878,-7.100408,-0.024544,0.0,19.51989,4.123337,0.0,3.201607,3.220781,1.0,1.0,0,2
26898,-7.099641,-0.049087,0.0,19.556129,4.270599,-0.011719,3.201607,3.220781,1.0,1.0,0,2
26900,-7.09849,0.098175,-0.003906,19.599274,5.792307,0.0,3.201607,3.220781,1.0,1.0,0,2
26912,-7.095998,0.589048,0.0,19.647209,6.798597,0.0,3.201607,3.220781,1.0,1.0,0,2
26928,-7.089286,1.006291,0.0,19.705502,6.945859,0.0,3.201607,3.220781,1.0,1.0,0,2
26929,-7.078548,0.785398,0.003906,19.762835,6.430442,0.0,3.201607,3.220781,1.0,1.0,0,2
26930,-7.071071,0.638135,0.0,19.820742,6.700423,0.0,3.201607,3.220781,1.0,1.0,0,2
26942,-7.065126,1.030834,0.0,19.870979,6.528617,-0.003906,3.201607,3.220781,1.0,1.0,0,2
26959,-7.056498,0.564505,0.0,19.925627,6.454986,0.0,3.201607,3.220781,1.0,1.0,0,2
26961,-7.048253,0.73631,0.0,19.986219,7.191296,0.0,3.201607,3.220781,1.0,1.0,0,2
26973,-7.039624,1.693513,-0.003906,20.045662,8.074868,0.0,3.201607,3.220781,1.0,1.0,0,2
26974,-7.025243,1.497164,0.0,20.105869,6.798597,0.0,3.201607,3.220781,1.0,1.0,0,2
26990,-7.00952,1.546251,-0.003906,20.161476,6.454986,-0.003906,3.201607,3.220781,1.0,1.0,0,2
26992,-6.993796,1.227184,0.0,20.214783,5.645045,0.0,3.201607,3.220781,1.0,1.0,0,2
27004,-6.981716,1.398989,0.0,20.259077,5.27689,0.0,3.201607,3.220781,1.0,1.0,0,2
27023,-6.973471,0.711766,0.0,20.305479,4.663298,0.0,3.201607,3.220781,1.0,1.0,0,2
27025,-6.967719,0.589048,0.0,20.34939,4.81056,0.003906,3.201607,3.220781,1.0,1.0,0,2
27027,-6.959665,1.374446,0.0,20.382561,3.755182,0.003906,3.201607,3.220781,1.0,1.0,0,2
27034,-6.95027,0.981747,0.0,20.409023,2.527998,0.003906,3.201607,3.220781,1.0,1.0,0,2
27066,-6.945284,0.196349,0.0,20.422445,1.129009,0.007812,3.201607,3.220781,1.0,1.0,0,0
27068,-6.941641,0.392699,0.0,20.422636,-0.589048,-0.003906,3.201607,3.220781,1.0,1.0,0,0
27070,-6.938573,0.073631,0.0,20.416883,-0.417242,-0.003906,3.201607,3.220781,1.0,1.0,0,0
27085,-6.936272,0.147262,0.0,20.416883,0.46633,0.003906,3.201607,3.220781,1.0,1.0,0,0
27087,-6.936272,-0.368155,0.003906,20.417459,-0.122718,-0.003906,3.201607,3.220781,1.0,1.0,0,0
27088,-6.936847,-0.073631,0.0,20.416309,0.392699,0.003906,3.201607,3.220781,1.0,1.0,0,0
27098,-6.936656,-0.171806,0.0,20.415543,0.147262,0.0,3.201607,3.220781,1.0,1.0,0,0
27122,-6.937231,-0.098175,0.003906,20.413624,-0.711766,0.0,3.201607,3.220781,1.0,1.0,0,0
27124,-6.938381,-0.147262,0.0,20.410364,-0.564505,-0.003906,3.201607,3.220781,1.0,1.0,0,0
27128,-6.942408,-0.834485,0.003906,20.402887,-1.104465,0.0,3.201607,3.220781,1.0,1.0,0,0
27147,-6.956789,-2.159843,0.0,20.386589,-1.66897,0.0,3.201607,3.220781,1.0,1.0,0,1
27149,-6.979799,-2.994328,0.0,20.361662,-3.681551,0.007812,3.201607,3.220781,1.0,1.0,2,1
27150,-7.007411,-3.485202,0.0,20.313341,-6.332268,0.0,3.201607,3.220781,1.0,1.0,2,1
27160,-7.030612,-2.896153,0.003906,20.256584,-7.510364,0.0,3.201607,3.220781,1.0,1.0,2,1
27179,-7.057456,-3.828813,0.007812,20.18391,-8.565742,0.0,3.201607,3.220781,1.0,1.0,2,1
27182,-7.096573,-5.497783,0.003906,20.112581,-8.222131,0.003906,3.201607,3.220781,1.0,1.0,2,1
27188,-7.155631,-7.559451,0.003906,20.04125,-7.387646,0.003906,3.201607,3.220781,1.0,1.0,2,1
27210,-7.215073,-6.945859,-0.011719,19.968962,-7.48582,-0.007812,3.201607,3.220781,1.0,1.0,2,1
27211,-7.268954,-6.160462,-0.003906,19.903959,-6.504073,0.003906,3.201607,3.220781,1.0,1.0,2,1
27212,-7.32552,-6.798597,0.007812,19.83704,-8.074868,0.0,3.201607,3.220781,1.0,1.0,2,1
27226,-7.386495,-6.405899,0.0,19.765135,-8.41848,0.003906,3.201607,3.220781,1.0,1.0,2,1
27258,-7.449388,-7.682169,0.0,19.691504,-8.246674,0.0,3.201607,3.220781,1.0,1.0,2,1
27260,-7.512473,-8.467567,-0.007812,19.625927,-8.197587,0.0,3.201607,3.220781,1.0,1.0,2,1
27261,-7.578051,-6.504073,0.0,19.55402,-8.025781,0.007812,3.201607,3.220781,1.0,1.0,2,1
27273,-7.636534,-6.823141,0.011719,19.475979,-8.565742,0.003906,3.201607,3.220781,1.0,1.0,2,1
27275,-7.70307,-8.001237,0.003906,19.398514,-8.737548,0.0,3.201607,3.220781,1.0,1.0,2,1
27276,-7.767305,-6.945859,-0.007812,19.323732,-7.903063,0.0,3.201607,3.220781,1.0,1.0,2,1
27284,-7.82924,-6.994947,-0.007812,19.257963,-6.651335,0.0,3.201607,3.220781,1.0,1.0,2,1
27304,-7.888298,-5.571414,0.0,19.197563,-6.872229,0.0,3.201607,3.220781,1.0,1.0,2,1
27306,-7.933742,-4.957822,0.0,19.13582,-6.847685,0.0,3.201607,3.220781,1.0,1.0,2,1
27316,-7.974393,-5.718676,0.007812,19.084047,-6.209549,-0.007812,3.201607,3.220781,1.0,1.0,2,1
27335,-8.029232,-6.553161,0.0,19.032276,-5.08054,0.0,3.201607,3.220781,1.0,1.0,2,1
27337,-8.083305,-5.399608,-0.011719,18.980505,-5.743219,0.0,3.201607,3.220781,1.0,1.0,2,1
27338,-8.126065,-4.687841,0.0,18.927965,-5.792307,0.0,3.201607,3.220781,1.0,1.0,2,1
27348,-8.166332,-4.221512,0.0,18.874851,-6.307724,0.003906,3.201607,3.220781,1.0,1.0,2,1
27366,-8.208324,-4.589667,0.003906,18.815794,-6.504073,-0.003906,3.201607,3.220781,1.0,1.0,2,1
27367,-8.249358,-4.368774,0.0,18.754625,-6.332268,0.0,3.201607,3.220781,1.0,1.0,2,1
27377,-8.287517,-5.006909,0.003906,18.695951,-6.479529,0.003906,3.201607,3.220781,1.0,1.0,2,1
27378,-8.333535,-5.595957,0.0,18.633059,-7.657626,0.003906,3.201607,3.220781,1.0,1.0,2,1
27399,-8.378788,-6.111374,-0.003906,18.570356,-7.682169,0.0,3.201607,3.220781,1.0,1.0,2,1
27400,-8.423465,-4.049706,-0.011719,18.498068,-7.780344,0.003906,3.201607,3.220781,1.0,1.0,2,1
27410,-8.451844,-2.945241,-0.011719,18.429806,-7.044034,-0.003906,3.201607,3.220781,1.0,1.0,2,1
27430,-8.473895,-2.454367,0.007812,18.368254,-6.994947,0.0,3.201607,3.220781,1.0,1.0,2,1
27432,-8.495754,-2.282562,0.0,18.303253,-8.074868,0.0,3.201607,3.220781,1.0,1.0,2,1
27442,-8.521448,-3.14159,0.007812,18.232115,-8.173043,0.0,3.201607,3.220781,1.0,1.0,2,1
27445,-8.556538,-4.417861,0.0,18.167303,-6.086831,-0.007812,3.201607,3.220781,1.0,1.0,2,1
27463,-8.595846,-4.589667,0.0,18.109587,-5.964112,-0.003906,3.201607,3.220781,1.0,1.0,2,1
27466,-8.631703,-4.491492,-0.003906,18.061459,-4.638754,-0.003906,3.201607,3.220781,1.0,1.0,2,1
27484,-8.670819,-5.031453,0.0,18.020617,-4.319686,-0.003906,3.201607,3.220781,1.0,1.0,2,1
27485,-8.714538,-5.694132,0.0,17.980541,-4.614211,0.0,3.201607,3.220781,1.0,1.0,2,1
27514,-8.757873,-4.589667,0.0,17.939123,-4.000618,0.0,3.201607,3.220781,1.0,1.0,2,1
27516,-8.790087,-3.067959,-0.003906,17.903267,-3.558833,-0.007812,3.201607,3.220781,1.0,1.0,2,1
27518,-8.815589,-3.288852,0.003906,17.88064,-2.233474,-0.007812,3.201607,3.220781,1.0,1.0,2,0
27519,-8.851829,-4.957822,0.003906,17.87067,0.245437,0.0,3.201607,3.220781,1.0,1.0,2,0
27535,-8.899574,-6.185006,0.0,17.872396,0.46633,0.0,3.201607,3.220781,1.0,1.0,2,0
27536,-8.950962,-5.154171,-0.003906,17.873163,0.049087,0.003906,3.201607,3.220781,1.0,1.0,2,0
27553,-8.995448,-5.129628,-0.007812,17.873354,0.073631,0.0,3.201607,3.220781,1.0,1.0,2,0
27555,-9.040892,-5.473239,-0.003906,17.873547,-0.122718,0.0,3.201607,3.220781,1.0,1.0,2,0
27576,-9.087295,-5.399608,0.003906,17.873737,-0.122718,0.0,3.201607,3.220781,1.0,1.0,2,0
27577,-9.123919,-4.442405,-0.003906,17.874121,-0.122718,0.0,3.201607,3.220781,1.0,1.0,2,0
27578,-9.1592,-3.706095,0.003906,17.874889,0.687223,0.007812,3.201607,3.220781,1.0,1.0,2,0
27596,-9.202919,-5.718676,0.003906,17.874889,0.245437,0.0,3.201607,3.220781,1.0,1.0,2,0
27598,-9.253157,-5.964112,0.0,17.874697,-0.122718,0.0,3.201607,3.220781,1.0,1.0,2,0
27618,-9.29956,-4.736929,-0.007812,17.874889,0.26998,0.0,3.201607,3.220781,1.0,1.0,2,0
27620,-9.328705,-2.822522,-0.007812,17.874697,-0.122718,0.0,3.201607,3.220781,1.0,1.0,2,0
27627,-9.353632,-2.454367,0.0,17.874697,-0.073631,0.0,3.201607,3.220781,1.0,1.0,2,0
27629,-9.374149,-2.601629,0.0,17.874889,0.171806,0.0,3.201607,3.220781,1.0,1.0,2,0
27650,-9.397925,-3.558833,0.003906,17.874889,0.319068,0.0,3.201607,3.220781,1.0,1.0,2,0
27652,-9.425154,-3.460658,0.007812,17.874697,0.049087,0.0,3.201607,3.220781,1.0,1.0,2,0
27658,-9.454683,-3.018872,0.0,17.874504,-0.196349,0.0,3.201607,3.220781,1.0,1.0,2,0
27679,-9.480377,-2.626173,0.0,17.874313,-0.319068,0.0,3.201607,3.220781,1.0,1.0,2,0
27681,-9.499743,-2.503455,0.003906,17.874504,0.343611,0.0,3.201607,3.220781,1.0,1.0,2,0
27683,-9.525629,-3.166134,0.0,17.874121,0.368155,0.0,3.201607,3.220781,1.0,1.0,2,0
27690,-9.557652,-3.976075,0.0,17.873547,0.098175,-0.007812,3.201607,3.220781,1.0,1.0,2,0
27712,-9.594467,-4.614211,-0.003906,17.873354,0.098175,0.0,3.201607,3.220781,1.0,1.0,2,0
27716,-9.626872,-3.092503,0.0,17.873547,0.319068,0.0,3.201607,3.220781,1.0,1.0,2,0
27720,-9.645855,-1.767144,-0.007812,17.873547,0.26998,0.0,3.201607,3.220781,1.0,1.0,2,0
27743,-9.656785,-0.908116,0.0,17.873547,0.171806,0.0,3.201607,3.220781,1.0,1.0,2,0
27745,-9.670399,-2.258018,0.003906,17.874121,0.368155,-0.007812,3.201607,3.220781,1.0,1.0,2,0
27746,-9.690533,-2.724348,0.003906,17.874121,0.46633,0.0,3.201607,3.220781,1.0,1.0,2,0
27753,-9.71661,-3.485202,0.007812,17.87393,0.319068,0.0,3.201607,3.220781,1.0,1.0,2,0
27774,-9.743838,-4.000618,0.003906,17.873737,-0.245437,0.0,3.201607,3.220781,1.0,1.0,2,0
27776,-9.783914,-4.884191,0.0,17.87393,0.220893,0.0,3.201607,3.220781,1.0,1.0,2,0
27784,-9.825522,-4.491492,0.0,17.873737,0.0,0.0,3.201607,3.220781,1.0,1.0,2,0
27803,-9.858695,-3.485202,-0.007812,17.872971,-0.319068,0.003906,3.201607,3.220781,1.0,1.0,2,0
27805,-9.888799,-3.018872,-0.007812,17.872971,0.024544,0.0,3.201607,3.220781,1.0,1.0,2,0
27806,-9.913534,-2.797979,0.0,17.873163,0.147262,0.003906,3.201607,3.220781,1.0,1.0,2,0
27814,-9.930217,-1.840775,0.0,17.873547,0.417242,0.0,3.201607,3.220781,1.0,1.0,2,0
27840,-9.942297,-1.423533,0.0,17.873737,0.319068,0.003906,3.201607,3.220781,1.0,1.0,2,0
27841,-9.948241,-0.392699,0.0,17.874313,0.147262,0.0,3.201607,3.220781,1.0,1.0,2,0
27855,-9.94709,0.024544,-0.007812,17.874889,0.196349,0.0,3.201607,3.220781,1.0,1.0,2,0
27857,-9.946323,-0.319068,0.007812,17.875273,0.245437,0.0,3.201607,3.220781,1.0,1.0,2,0
27858,-9.946323,-0.392699,0.0,17.875463,-0.049087,0.0,3.201607,3.220781,1.0,1.0,2,0
27880,-9.94594,0.122718,0.0,17.87623,0.245437,0.0,3.201607,3.220781,1.0,1.0,2,0
27881,-9.944597,0.122718,0.0,17.876423,0.024544,0.0,3.201607,3.220781,1.0,1.0,2,0
27898,-9.940954,0.539961,-0.007812,17.876997,0.564505,0.0,3.201607,3.220781,1.0,1.0,1,0
27899,-9.920821,4.147881,-0.019531,17.877764,0.0,0.0,3.201607,3.220781,1.0,1.0,1,0
27908,-9.875568,6.381355,-0.011719,17.878532,-0.122718,0.0,3.201607,3.220781,1.0,1.0,1,0
27911,-9.811141,7.436733,-0.003906,17.87949,-0.122718,0.0,3.201607,3.220781,1.0,1.0,1,0
27928,-9.738853,7.804888,0.003906,17.880257,0.098175,0.0,3.201607,3.220781,1.0,1.0,1,0
27930,-9.682287,7.289471,0.0,17.88064,0.245437,0.0,3.201607,3.220781,1.0,1.0,1,0
27942,-9.607889,8.835722,-0.007812,17.881599,0.245437,0.0,3.201607,3.220781,1.0,1.0,1,0
27959,-9.527547,7.829432,0.003906,17.884476,0.122718,0.0,3.201607,3.220781,1.0,1.0,1,0
27961,-9.463696,7.95215,0.003906,17.890804,1.546251,-0.007812,3.201607,3.220781,1.0,1.0,1,0
27963,-9.395049,6.921316,0.0,17.903076,1.914407,0.0,3.201607,3.220781,1.0,1.0,1,0
27974,-9.332348,7.21584,-0.003906,17.913622,1.423533,0.003906,3.201607,3.220781,1.0,1.0,1,0
27993,-9.256991,9.400227,0.0,17.924744,1.914407,0.0,3.201607,3.220781,1.0,1.0,1,0
27996,-9.186811,8.516654,0.007812,17.934713,1.349902,0.0,3.201607,3.220781,1.0,1.0,1,0
28004,-9.116824,7.510364,-0.003906,17.943726,0.883572,0.0,3.201607,3.220781,1.0,1.0,1,0
28021,-9.043001,7.731257,-0.007812,17.95293,0.785398,0.0,3.201607,3.220781,1.0,1.0,1,0
28023,-8.97704,7.363102,0.0,17.953314,-0.539961,-0.003906,3.201607,3.220781,1.0,1.0,1,0
28024,-8.912805,7.682169,0.003906,17.951778,-0.122718,0.0,3.201607,3.220781,1.0,1.0,1,0
28044,-8.846652,6.651335,0.003906,17.952547,0.368155,0.0,3.201607,3.220781,1.0,1.0,1,0
28046,-8.795838,5.350521,0.0,17.952547,0.196349,0.0,3.201607,3.220781,1.0,1.0,1,0
28064,-8.742149,6.234093,-0.007812,17.953505,0.196349,0.0,3.201607,3.220781,1.0,1.0,1,0
28065,-8.694213,5.178715,0.003906,17.953697,0.319068,0.0,3.201607,3.220781,1.0,1.0,1,0
28067,-8.649152,4.663298,0.007812,17.953888,-0.049087,-0.003906,3.201607,3.220781,1.0,1.0,1,0
28097,-8.609076,4.417861,0.0,17.956764,0.613592,-0.003906,3.201607,3.220781,1.0,1.0,1,0
28099,-8.564208,4.565123,0.0,17.966352,1.889863,-0.003906,3.201607,3.220781,1.0,1.0,1,0
28100,-8.527584,4.466949,0.0,17.983994,2.307105,0.0,3.201607,3.220781,1.0,1.0,1,2
28118,-8.489618,4.835104,0.0,18.007961,3.190677,0.0,3.201607,3.220781,1.0,1.0,1,2
28119,-8.439189,6.651335,-0.011719,18.035381,3.313396,0.0,3.201607,3.220781,1.0,1.0,1,2
28127,-8.377063,7.706713,-0.007812,18.066061,4.393317,-0.003906,3.201607,3.220781,1.0,1.0,1,2
28128,-8.306308,6.970403,0.007812,18.11208,5.767763,-0.003906,3.201607,3.220781,1.0,1.0,1,2
28150,-8.245523,6.994947,0.0,18.162893,5.767763,0.0,3.201607,3.220781,1.0,1.0,1,2
28153,-8.182247,6.675879,0.0,18.213898,5.841394,0.0,3.201607,3.220781,1.0,1.0,1,2
28160,-8.130283,6.28318,0.0,18.257616,5.767763,0.003906,3.201607,3.220781,1.0,1.0,1,2
28177,-8.069691,7.166752,0.0,18.296925,4.07425,0.003906,3.201607,3.220781,1.0,1.0,1,2
28179,-8.002005,6.921316,0.003906,18.322235,2.331649,0.003906,3.201607,3.220781,1.0,1.0,1,2
28181,-7.947356,5.792307,0.003906,18.333357,0.785398,0.0,3.201607,3.220781,1.0,1.0,1,2
28203,-7.901529,6.381355,-0.003906,18.335274,0.245437,0.003906,3.201607,3.220781,1.0,1.0,1,2
28204,-7.839786,6.602248,0.0,18.337191,0.46633,0.0,3.201607,3.220781,1.0,1.0,1,2
28222,-7.782262,6.430442,0.0,18.350422,2.20893,0.0,3.201607,3.220781,1.0,1.0,1,2
28223,-7.729915,6.675879,0.0,18.369789,3.092503,-0.003906,3.201607,3.220781,1.0,1.0,1,2
28242,-7.664145,6.675879,0.003906,18.396442,3.264308,0.0,3.201607,3.220781,1.0,1.0,1,2
28243,-7.60758,5.841394,-0.003906,18.42712,3.828813,0.0,3.201607,3.220781,1.0,1.0,1,2
28244,-7.550247,7.363102,-0.007812,18.458759,3.951531,0.0,3.201607,3.220781,1.0,1.0,1,2
28254,-7.490806,6.626791,0.003906,18.485603,3.460658,0.003906,3.201607,3.220781,1.0,1.0,1,2
28272,-7.433665,5.792307,0.011719,18.512066,3.067959,0.0,3.201607,3.220781,1.0,1.0,1,2
28273,-7.389755,4.196968,0.003906,18.538717,3.239765,0.0,3.201607,3.220781,1.0,1.0,1,2
28283,-7.35409,3.853357,0.003906,18.561537,2.748891,0.0,3.201607,3.220781,1.0,1.0,1,2
28285,-7.323218,2.724348,0.007812,18.584162,2.527998,0.0,3.201607,3.220781,1.0,1.0,1,2
28305,-7.306345,1.129009,0.0,18.603912,2.258018,0.0,3.201607,3.220781,1.0,1.0,1,2
28306,-7.296757,0.785398,0.0,18.616951,1.276271,0.003906,3.201607,3.220781,1.0,1.0,1,2
28316,-7.287362,0.883572,0.007812,18.635166,2.159843,-0.003906,3.201607,3.220781,1.0,1.0,1,2
28334,-7.273939,1.325358,0.0,18.660093,3.190677,0.0,3.201607,3.220781,1.0,1.0,1,2
28335,-7.261667,1.718057,0.0,18.689623,4.34423,0.0,3.201607,3.220781,1.0,1.0,1,2
28336,-7.243643,1.816232,0.0,18.736027,5.54687,-0.003906,3.201607,3.220781,1.0,1.0,1,2
28346,-7.219291,2.748891,0.0,18.794317,6.577704,0.0,3.201607,3.220781,1.0,1.0,1,2
28368,-7.182092,4.246056,0.0,18.854334,6.062287,0.003906,3.201607,3.220781,1.0,1.0,1,2
28370,-7.145852,4.049706,0.007812,18.901312,5.645045,0.0,3.201607,3.220781,1.0,1.0,1,2
28378,-7.11824,1.889863,0.011719,18.951359,5.645045,0.003906,3.201607,3.220781,1.0,1.0,0,2
28398,-7.10616,0.441786,0.0,18.997187,4.908734,0.0,3.201607,3.220781,1.0,1.0,0,2
28399,-7.106736,-0.834485,0.007812,19.033043,4.025162,0.0,3.201607,3.220781,1.0,1.0,0,2
28400,-7.109804,-0.392699,-0.003906,19.074078,4.884191,0.0,3.201607,3.220781,1.0,1.0,0,2
28412,-7.108078,0.368155,0.0,19.11952,5.522326,0.011719,3.201607,3.220781,1.0,1.0,0,2
28428,-7.10616,0.122718,0.0,19.167841,6.0132,0.0,3.201607,3.220781,1.0,1.0,0,2
28430,-7.104818,0.073631,-0.003906,19.208683,4.786016,0.0,3.201607,3.220781,1.0,1.0,0,2
28442,-7.102325,0.319068,0.003906,19.256813,5.571414,0.0,3.201607,3.220781,1.0,1.0,0,2
28442,-7.098299,0.441786,0.0,19.312227,6.479529,-0.003906,3.201607,3.220781,1.0,1.0,0,2
28466,-7.08967,1.47262,-0.003906,19.373394,7.314014,0.0,3.201607,3.220781,1.0,1.0,0,2
28468,-7.076439,1.66897,0.0,19.427277,6.675879,0.0,3.201607,3.220781,1.0,1.0,0,2
28471,-7.060716,1.889863,0.0,19.487867,6.921316,-0.003906,3.201607,3.220781,1.0,1.0,0,2
28492,-7.037323,3.33794,-0.003906,19.544241,5.915025,0.003906,3.201607,3.220781,1.0,1.0,0,2
28493,-7.003959,4.098794,-0.003906,19.598124,6.160462,0.0,3.201607,3.220781,1.0,1.0,0,2
28494,-6.972896,3.583376,0.0,19.649319,6.798597,0.0,3.201607,3.220781,1.0,1.0,0,2
28506,-6.941833,3.313396,0.0,19.702816,5.571414,0.003906,3.201607,3.220781,1.0,1.0,0,2
28525,-6.910578,3.632463,0.0,19.746344,4.81056,0.003906,3.201607,3.220781,1.0,1.0,0,2
28526,-6.882391,3.33794,0.0,19.777597,3.387027,0.003906,3.201607,3.220781,1.0,1.0,0,2
28536,-6.845767,4.221512,0.0,19.806936,3.117046,0.0,3.201607,3.220781,1.0,1.0,0,2
28555,-6.806459,3.926988,0.003906,19.833397,2.626173,0.003906,3.201607,3.220781,1.0,1.0,0,2
28559,-6.786325,1.546251,0.011719,19.853148,2.159843,-0.003906,3.201607,3.220781,1.0,1.0,0,2
28562,-6.783066,-0.760854,0.011719,19.87328,2.086212,0.0,3.201607,3.220781,1.0,1.0,0,2
28566,-6.790352,-0.908116,0.0,19.889387,2.012581,0.0,3.201607,3.220781,1.0,1.0,0,0
28586,-6.793995,-0.564505,-0.003906,19.903769,1.398989,0.0,3.201607,3.220781,1.0,1.0,0,0
28588,-6.793804,-0.024544,0.0,19.920643,2.184387,0.0,3.201607,3.220781,1.0,1.0,0,0
28606,-6.792461,0.024544,0.0,19.934639,1.791688,0.0,3.201607,3.220781,1.0,1.0,0,0
28607,-6.790927,-0.024544,0.0,19.950554,1.767144,0.003906,3.201607,3.220781,1.0,1.0,0,0
28609,-6.790927,-0.245437,0.0,19.965702,2.331649,0.0,3.201607,3.220781,1.0,1.0,0,0
28629,-6.791119,-0.073631,-0.003906,19.980083,1.816232,-0.007812,3.201607,3.220781,1.0,1.0,0,0
28630,-6.793036,-0.392699,0.0,19.996191,1.448077,0.003906,3.201607,3.220781,1.0,1.0,0,0
28650,-6.795721,-0.368155,0.0,20.002134,0.073631,0.003906,3.201607,3.220781,1.0,1.0,0,0
28652,-6.800899,-0.711766,0.0,19.999258,-0.589048,0.0,3.201607,3.220781,1.0,1.0,0,0
28659,-6.808568,-1.153553,0.0,19.994656,-0.564505,0.003906,3.201607,3.220781,1.0,1.0,0,0
28661,-6.812787,0.073631,0.0,19.992355,-0.024544,0.0,3.201607,3.220781,1.0,1.0,0,0
28679,-6.812595,-0.049087,0.003906,19.992931,0.049087,0.0,3.201607,3.220781,1.0,1.0,0,0
28680,-6.81202,0.245437,0.003906,19.98737,-1.055378,0.0,3.201607,3.220781,1.0,1.0,0,1
28695,-6.816238,-0.981747,0.003906,19.965128,-3.387027,0.007812,3.201607,3.220781,1.0,1.0,0,1
28709,-6.8241,-1.227184,0.0,19.921026,-6.381355,0.003906,3.201607,3.220781,1.0,1.0,0,1
28711,-6.839248,-1.644426,0.003906,19.849312,-8.492111,0.003906,3.201607,3.220781,1.0,1.0,0,1
28721,-6.857656,-2.40528,0.0,19.757082,-10.480148,0.0,3.201607,3.220781,1.0,1.0,0,1
28723,-6.874529,-1.963494,0.0,19.660633,-10.013819,-0.007812,3.201607,3.220781,1.0,1.0,2,1
28742,-6.893129,-2.307105,0.0,19.573004,-8.982985,-0.003906,3.201607,3.220781,1.0,1.0,2,1
28744,-6.914413,-3.264308,-0.003906,19.498415,-9.203877,0.0,3.201607,3.220781,1.0,1.0,2,1
28755,-6.944517,-3.558833,0.003906,19.419222,-8.123956,0.0,3.201607,3.220781,1.0,1.0,2,1
28772,-6.980757,-4.516036,0.003906,19.351152,-6.626791,-0.003906,3.201607,3.220781,1.0,1.0,2,1
28773,-7.021024,-4.393317,0.0,19.29612,-5.178715,0.0,3.201607,3.220781,1.0,1.0,2,1
28785,-7.058607,-4.025162,0.003906,19.253744,-4.123337,0.003906,3.201607,3.220781,1.0,1.0,2,1
28787,-7.108078,-6.504073,0.007812,19.215012,-4.614211,0.0,3.201607,3.220781,1.0,1.0,2,1
28804,-7.17193,-7.240384,0.0,19.16995,-5.792307,0.0,3.201607,3.220781,1.0,1.0,2,1
28806,-7.231563,-6.504073,-0.007812,19.117603,-5.669589,0.0,3.201607,3.220781,1.0,1.0,2,1
28815,-7.29043,-7.48582,0.011719,19.066216,-5.424152,-0.007812,3.201607,3.220781,1.0,1.0,2,1
28834,-7.349488,-8.492111,0.007812,19.022881,-5.645045,0.0,3.201607,3.220781,1.0,1.0,2,1
28835,-7.419284,-7.976694,0.003906,18.973986,-5.350521,0.0,3.201607,3.220781,1.0,1.0,2,1
28845,-7.495599,-9.105702,0.0,18.926048,-4.957822,-0.003906,3.201607,3.220781,1.0,1.0,2,1
28847,-7.569997,-7.804888,-0.007812,18.881563,-4.957822,0.0,3.201607,3.220781,1.0,1.0,2,1
28866,-7.63615,-7.755801,0.007812,18.838228,-4.884191,0.0,3.201607,3.220781,1.0,1.0,2,1
28868,-7.709206,-8.197587,-0.003906,18.795467,-4.196968,0.0,3.201607,3.220781,1.0,1.0,2,1
28880,-7.778811,-7.387646,-0.007812,18.760187,-3.362483,-0.003906,3.201607,3.220781,1.0,1.0,2,1
28898,-7.84899,-8.344849,0.0,18.735451,-2.086212,0.0,3.201607,3.220781,1.0,1.0,2,1
28900,-7.91265,-6.896772,-0.003906,18.711866,-2.601629,0.0,3.201607,3.220781,1.0,1.0,2,1
28913,-7.969599,-6.626791,0.003906,18.68368,-3.239765,0.0,3.201607,3.220781,1.0,1.0,2,1
28915,-8.035176,-7.853975,0.003906,18.645905,-5.031453,0.003906,3.201607,3.220781,1.0,1.0,2,1
28928,-8.093468,-6.798597,-0.011719,18.606789,-4.712385,0.003906,3.201607,3.220781,1.0,1.0,2,1
28930,-8.151951,-7.264927,0.0,18.558084,-5.203259,0.0,3.201607,3.220781,1.0,1.0,2,1
28940,-8.211201,-6.602248,0.0,18.50938,-5.27689,0.0,3.201607,3.220781,1.0,1.0,2,1
28960,-8.266616,-5.915025,0.003906,18.460676,-5.325977,0.0,3.201607,3.220781,1.0,1.0,2,1
28961,-8.321072,-6.823141,0.0,18.415424,-4.736929,-0.003906,3.201607,3.220781,1.0,1.0,2,1
28963,-8.378596,-6.847685,-0.007812,18.374006,-5.055996,0.003906,3.201607,3.220781,1.0,1.0,2,1
28972,-8.425958,-4.368774,-0.011719,18.327988,-5.178715,0.007812,3.201607,3.220781,1.0,1.0,2,1
28990,-8.455679,-3.043416,-0.007812,18.274874,-6.0132,0.003906,3.201607,3.220781,1.0,1.0,2,1
28991,-8.48214,-3.387027,0.0,18.219074,-5.988656,-0.003906,3.201607,3.220781,1.0,1.0,2,1
29003,-8.512053,-4.196968,0.0,18.168646,-4.81056,-0.007812,3.201607,3.220781,1.0,1.0,2,1
29022,-8.55021,-5.105084,0.003906,18.122625,-5.031453,0.0,3.201607,3.220781,1.0,1.0,2,1
29023,-8.587217,-4.417861,0.0,18.08581,-4.417861,-0.003906,3.201607,3.220781,1.0,1.0,2,1
29024,-8.622115,-3.853357,-0.003906,18.048037,-3.706095,0.0,3.201607,3.220781,1.0,1.0,2,1
29036,-8.657014,-4.000618,-0.007812,18.013905,-4.000618,-0.003906,3.201607,3.220781,1.0,1.0,2,1
29055,-8.695938,-4.565123,0.0,17.976322,-4.736929,0.0,3.201607,3.220781,1.0,1.0,2,1
29056,-8.736397,-4.687841,0.0,17.93644,-4.098794,-0.003906,3.201607,3.220781,1.0,1.0,2,1
29068,-8.769378,-3.313396,0.0,17.901924,-3.313396,0.003906,3.201607,3.220781,1.0,1.0,2,1
29085,-8.79047,-2.331649,0.0,17.878532,-1.93895,0.0,3.201607,3.220781,1.0,1.0,2,0
29088,-8.808686,-1.988037,0.0,17.867411,-0.441786,0.0,3.201607,3.220781,1.0,1.0,2,0
29091,-8.833422,-3.288852,0.003906,17.865685,0.024544,-0.007812,3.201607,3.220781,1.0,1.0,2,0
29098,-8.863142,-4.393317,0.011719,17.865685,0.024544,0.0,3.201607,3.220781,1.0,1.0,2,0
29116,-8.905135,-5.08054,-0.003906,17.865685,-0.196349,0.003906,3.201607,3.220781,1.0,1.0,2,0
29118,-8.945977,-3.976075,-0.007812,17.865877,-0.024544,0.0,3.201607,3.217905,1.0,1.0,2,0
29132,-8.976657,-3.14159,-0.003906,17.866261,0.024544,0.0,3.201607,3.217905,1.0,1.0,2,0
29158,-9.005994,-3.215221,-0.003906,17.866451,0.147262,0.0,3.201607,3.217905,1.0,1.0,2,0
29159,-9.036674,-3.853357,0.0,17.866644,0.245437,0.003906,3.201607,3.217905,1.0,1.0,2,0
29160,-9.070996,-4.81056,0.003906,17.866835,0.319068,0.0,3.201607,3.217905,1.0,1.0,2,0
29162,-9.101101,-3.8779,0.0,17.866835,0.245437,0.0,3.201607,3.217905,1.0,1.0,2,0
29180,-9.128713,-3.117046,-0.003906,17.866835,0.196349,0.0,3.201607,3.217905,1.0,1.0,2,0
29182,-9.15364,-3.239765,0.003906,17.867027,0.46633,0.0,3.201607,3.217905,1.0,1.0,2,0
29190,-9.187195,-4.221512,0.007812,17.867218,0.662679,0.0,3.201607,3.217905,1.0,1.0,2,0
29210,-9.231489,-5.325977,-0.003906,17.867218,-0.098175,0.0,3.201607,3.217905,1.0,1.0,2,0
29211,-9.272715,-4.835104,-0.003906,17.867411,0.049087,0.0,3.201607,3.217905,1.0,1.0,2,0
29212,-9.305887,-2.920697,-0.007812,17.867601,0.024544,0.007812,3.201607,3.217905,1.0,1.0,2,0
29220,-9.324295,-1.816232,0.0,17.868368,0.368155,0.0,3.201607,3.217905,1.0,1.0,2,0
29243,-9.341168,-2.258018,0.0,17.868944,0.024544,0.0,3.201607,3.217905,1.0,1.0,2,0
29244,-9.366479,-3.117046,0.0,17.869137,0.049087,0.0,3.201607,3.217905,1.0,1.0,2,0
29252,-9.392749,-3.681551,0.003906,17.86952,0.196349,0.0,3.201607,3.217905,1.0,1.0,2,0
29271,-9.428797,-4.466949,0.003906,17.870478,0.319068,0.0,3.201607,3.217905,1.0,1.0,2,0
29273,-9.465996,-3.730638,0.0,17.871437,0.098175,0.0,3.201607,3.217905,1.0,1.0,2,0
29275,-9.496867,-3.313396,0.0,17.871244,0.147262,0.0,3.201607,3.217905,1.0,1.0,2,0
29284,-9.52889,-4.000618,0.0,17.871628,-0.098175,-0.007812,3.201607,3.217905,1.0,1.0,2,0
29304,-9.560336,-4.393317,-0.003906,17.87278,0.711766,0.0,3.201607,3.217905,1.0,1.0,2,0
29306,-9.597152,-4.270599,-0.007812,17.875463,0.441786,0.0,3.201607,3.217905,1.0,1.0,2,0
29326,-9.62553,-2.380736,-0.007812,17.877956,0.245437,0.0,3.201607,3.217905,1.0,1.0,2,0
29327,-9.641253,-1.718057,0.0,17.879107,0.073631,0.0,3.201607,3.217905,1.0,1.0,0,0
29328,-9.646814,-0.613592,0.0,17.880257,0.711766,0.0,3.201607,3.217905,1.0,1.0,0,0
29348,-9.646047,-0.147262,0.0,17.881025,0.441786,0.0,3.201607,3.217905,1.0,1.0,0,0
29350,-9.646047,-0.245437,0.0,17.882366,0.122718,-0.003906,3.201607,3.217905,1.0,1.0,0,0
29370,-9.646047,-0.171806,0.0,17.882559,0.049087,0.0,3.201607,3.217905,1.0,1.0,0,0
29371,-9.645855,-0.049087,0.0,17.882366,0.0,0.0,3.201607,3.217905,1.0,1.0,0,0
29377,-9.645855,-0.368155,0.0,17.88275,0.098175,0.0,3.201607,3.217905,1.0,1.0,0,0
29379,-9.64528,0.0,0.0,17.883133,0.245437,-0.007812,3.201607,3.217905,1.0,1.0,0,0
29398,-9.644321,0.171806,0.0,17.883133,0.294524,0.0,3.201607,3.217905,1.0,1.0,0,0
29400,-9.642787,0.294524,-0.003906,17.884092,0.343611,0.0,3.201607,3.217905,1.0,1.0,0,0
29409,-9.64087,-0.392699,-0.003906,17.885626,0.245437,0.0,3.201607,3.217905,1.0,1.0,0,0
29430,-9.639144,0.073631,-0.003906,17.891378,1.129009,-0.003906,3.201607,3.217905,1.0,1.0,0,0
29431,-9.637034,0.147262,-0.003906,17.903267,2.307105,0.0,3.201607,3.217905,1.0,1.0,0,0
29433,-9.633775,0.417242,-0.003906,17.919374,2.429824,-0.003906,3.201607,3.217905,1.0,1.0,0,2
29455,-9.627064,1.20264,0.0,17.941425,2.797979,0.0,3.201607,3.217905,1.0,1.0,0,2
29460,-9.619394,0.662679,0.0,17.966927,2.527998,0.0,3.201607,3.217905,1.0,1.0,0,2
29461,-9.616326,-0.343611,0.0,17.988594,2.969784,0.003906,3.201607,3.217905,1.0,1.0,0,2
29472,-9.616326,-0.515417,0.0,18.01544,3.8779,0.0,3.201607,3.217905,1.0,1.0,0,2
29502,-9.615751,-0.049087,0.0,18.05283,5.301434,-0.003906,3.201607,3.217905,1.0,1.0,0,2
29503,-9.614408,0.417242,0.0,18.103643,6.160462,-0.003906,3.201607,3.217905,1.0,1.0,0,2
29505,-9.601753,2.20893,-0.007812,18.161551,7.01949,0.003906,3.201607,3.217905,1.0,1.0,0,2
29506,-9.577401,3.215221,0.0,18.214281,6.774054,0.0,3.201607,3.217905,1.0,1.0,1,2
29522,-9.544229,3.583376,0.0,18.275064,7.01949,0.0,3.201607,3.217905,1.0,1.0,1,2
29524,-9.51355,3.092503,0.003906,18.326071,5.669589,0.0,3.201607,3.217905,1.0,1.0,1,2
29537,-9.488623,3.067959,0.003906,18.360584,3.926988,0.0,3.201607,3.217905,1.0,1.0,1,2
29559,-9.457943,3.33794,-0.003906,18.395483,3.755182,0.0,3.201607,3.217905,1.0,1.0,1,2
29561,-9.429372,2.994328,0.003906,18.434216,4.393317,0.0,3.201607,3.217905,1.0,1.0,1,2
29562,-9.407513,2.626173,0.0,18.468922,4.221512,0.0,3.201607,3.217905,1.0,1.0,1,2
29568,-9.377026,3.951531,-0.007812,18.504011,3.8779,0.007812,3.201607,3.217905,1.0,1.0,1,2
29585,-9.336375,4.859647,-0.007812,18.532774,3.60792,0.003906,3.201607,3.217905,1.0,1.0,1,2
29587,-9.282494,7.21584,-0.007812,18.556742,2.87161,0.0,3.201607,3.217905,1.0,1.0,1,2
29595,-9.224394,7.044034,0.007812,18.573425,2.20893,0.0,3.201607,3.217905,1.0,1.0,1,1
29596,-9.168404,6.135918,0.007812,18.588764,1.300815,0.003906,3.201607,3.217905,1.0,1.0,1,1
29618,-9.116824,6.160462,-0.007812,18.59931,1.153553,0.011719,3.201607,3.217905,1.0,1.0,1,2
29620,-9.055081,6.700423,-0.007812,18.601419,-0.147262,0.0,3.201607,3.217905,1.0,1.0,1,2
29630,-8.993914,6.577704,-0.003906,18.60046,0.490873,0.0,3.201607,3.217905,1.0,1.0,1,2
29648,-8.935431,8.001237,0.0,18.601803,0.049087,0.003906,3.201607,3.217905,1.0,1.0,1,2
29649,-8.869278,6.970403,0.007812,18.602953,0.490873,0.003906,3.201607,3.217905,1.0,1.0,1,2
29650,-8.817314,5.595957,0.0,18.604488,0.368155,0.0,3.201607,3.217905,1.0,1.0,1,2
29660,-8.771487,6.381355,-0.007812,18.606213,0.073631,0.0,3.201607,3.217905,1.0,1.0,1,2
29678,-8.70821,6.921316,0.0,18.609089,0.46633,-0.003906,3.201607,3.217905,1.0,1.0,1,2
29680,-8.649152,6.381355,0.003906,18.618101,1.66897,0.0,3.201607,3.217905,1.0,1.0,1,2
29690,-8.598147,6.135918,0.007812,18.634592,2.233474,0.0,3.201607,3.217905,1.0,1.0,1,2
29709,-8.538706,6.0132,0.003906,18.65741,2.748891,0.0,3.201607,3.217905,1.0,1.0,1,2
29711,-8.4877,5.448695,-0.003906,18.67831,2.454367,0.0,3.201607,3.217905,1.0,1.0,1,2
29712,-8.43382,6.675879,0.0,18.700937,2.896153,-0.003906,3.201607,3.217905,1.0,1.0,1,2
29722,-8.372269,7.829432,0.0,18.728548,4.147881,-0.003906,3.201607,2.976686,1.0,1.0,1,2
29740,-8.305733,7.01949,0.003906,18.766323,4.540579,0.0,3.201607,2.976686,1.0,1.0,1,2
29741,-8.246866,6.626791,-0.003906,18.811192,5.031453,0.003906,3.201607,2.976686,1.0,1.0,1,2
29753,-8.186082,5.939569,-0.007812,18.854143,4.393317,0.003906,3.201607,2.976686,1.0,1.0,1,2
29757,-8.136803,5.841394,0.0,18.885973,3.853357,0.003906,3.201607,2.976686,1.0,1.0,1,2
29785,-8.079471,6.921316,0.0,18.917227,3.14159,0.003906,3.201607,2.976686,1.0,1.0,1,2
29786,-8.01255,7.436733,0.003906,18.947523,3.166134,0.003906,3.201607,2.976686,1.0,1.0,1,2
29788,-7.962696,5.325977,0.003906,18.971493,2.896153,0.0,3.201607,2.976686,1.0,1.0,1,2
29804,-7.912458,5.375064,-0.011719,18.994501,2.454367,-0.003906,3.201607,2.976686,1.0,1.0,1,2
29805,-7.850141,7.117665,-0.007812,19.013676,2.282562,0.0,3.201607,2.976686,1.0,1.0,1,2
29807,-7.787631,6.454986,0.0,19.029016,1.619882,-0.003906,3.201607,2.976686,1.0,1.0,1,2
29821,-7.732599,7.093122,0.0,19.042055,2.233474,-0.003906,3.201607,2.976686,1.0,1.0,1,2
29836,-7.665871,6.970403,0.0,19.061996,2.67526,0.0,3.201607,2.976686,1.0,1.0,1,2
29838,-7.610839,5.865938,0.0,19.084814,3.043416,0.0,3.201607,2.976686,1.0,1.0,1,2
29845,-7.555233,6.724967,-0.007812,19.108784,2.920697,0.0,3.201607,2.976686,1.0,1.0,1,2
29866,-7.495024,7.01949,0.0,19.131218,2.40528,0.0,3.201607,2.976686,1.0,1.0,1,2
29867,-7.433665,6.111374,0.003906,19.155186,2.724348,0.003906,3.201607,2.976686,1.0,1.0,1,2
29869,-7.381318,6.160462,0.0,19.177813,2.233474,0.0,3.201607,2.976686,1.0,1.0,1,2
29882,-7.335874,5.595957,0.0,19.192577,1.497164,0.007812,3.201607,2.976686,1.0,1.0,1,2
29899,-7.295607,3.853357,0.003906,19.204273,1.055378,0.003906,3.201607,2.976686,1.0,1.0,1,2
29900,-7.262818,3.460658,-0.007812,19.212902,0.93266,-0.003906,3.201607,2.976686,1.0,1.0,1,2
29909,-7.228687,3.926988,0.0,19.227283,2.135299,0.0,3.011586,2.976686,1.0,1.0,1,2
29940,-7.192447,4.712385,-0.003906,19.245882,3.436114,0.0,3.011586,2.976686,1.0,1.0,1,2
29941,-7.148537,4.491492,0.0,19.277712,4.123337,-0.003906,3.011586,2.976686,1.0,1.0,1,2
29942,-7.119199,2.552542,0.003906,19.318939,4.835104,-0.003906,3.011586,2.976686,1.0,1.0,1,2
29944,-7.105777,0.957203,0.007812,19.361315,4.417861,0.003906,3.011586,2.976686,1.0,1.0,0,2
29960,-7.103668,-0.417242,0.003906,19.398514,4.859647,0.0,3.011586,2.976686,1.0,1.0,0,2
29961,-7.105777,-0.220893,-0.007812,19.437439,4.319686,0.0,3.011586,2.976686,1.0,1.0,0,2
29969,-7.106927,-0.245437,0.0,19.475405,4.417861,0.0,3.011586,2.976686,1.0,1.0,0,2
29970,-7.109036,-0.515417,0.0,19.510685,4.123337,0.003906,3.011586,2.976686,1.0,1.0,0,2
29992,-7.110379,-0.343611,-0.003906,19.541365,3.853357,0.0,3.011586,2.976686,1.0,1.0,0,2
29994,-7.110762,-0.245437,0.0,19.575113,4.123337,-0.003906,3.011586,2.976686,1.0,1.0,0,2
30002,-7.110762,0.098175,0.0,19.614805,5.252346,-0.003906,3.011586,2.976686,1.0,1.0,0,2
30022,-7.110954,-0.368155,0.0,19.661016,5.252346,0.003906,3.011586,2.976686,1.0,1.0,0,2
30024,-7.110954,-0.441786,-0.003906,19.708569,5.08054,0.003906,3.011586,2.976686,1.0,1.0,0,2
30025,-7.11057,0.417242,0.0,19.74922,5.399608,0.0,3.011586,2.976686,1.0,1.0,0,2
30034,-7.110954,-0.147262,0.003906,19.794088,5.055996,0.0,3.011586,2.976686,1.0,1.0,0,2
30054,-7.110954,0.122718,0.0,19.837423,4.565123,-0.003906,3.011586,2.976686,1.0,1.0,0,2
30056,-7.111338,-0.417242,0.0,19.877882,4.221512,0.0,3.011586,2.976686,1.0,1.0,0,2
30066,-7.111338,-0.294524,0.0,19.911631,4.908734,0.0,3.011586,2.976686,1.0,1.0,0,2
30086,-7.111338,-0.147262,0.0,19.953239,5.178715,0.0,3.011586,2.976686,1.0,1.0,0,2
30090,-7.111338,0.0,0.0,20.001751,6.111374,0.0,3.011586,2.976686,1.0,1.0,0,2
30093,-7.111338,-0.024544,0.003906,20.049879,5.448695,0.007812,3.011586,2.976686,1.0,1.0,0,2
30096,-7.111338,0.0,0.0,20.086504,4.393317,0.0,3.011586,2.976686,1.0,1.0,0,2
30116,-7.111338,-0.049087,0.003906,20.122553,4.516036,0.0,3.011586,2.976686,1.0,1.0,0,2
30117,-7.111338,0.0,0.003906,20.156107,4.025162,0.0,3.011586,2.976686,1.0,1.0,0,2
30128,-7.111338,-0.049087,0.0,20.191198,4.417861,0.0,3.011586,2.976686,1.0,1.0,0,2
30148,-7.111338,-0.049087,0.0,20.222836,4.123337,0.0,3.011586,2.976686,1.0,1.0,0,2
30149,-7.111338,-0.073631,0.0,20.257351,3.976075,0.0,3.011586,2.976686,1.0,1.0,0,2
30150,-7.111338,0.0,0.0,20.292248,4.221512,0.0,3.011586,2.976686,1.0,1.0,0,2
30160,-7.111338,-0.073631,-0.003906,20.327147,4.172424,0.0,3.011586,2.976686,1.0,1.0,0,2
30178,-7.111338,-0.073631,0.0,20.35821,3.60792,0.003906,3.011586,2.976686,1.0,1.0,0,2
30179,-7.110379,0.098175,0.0,20.386589,3.092503,0.0,3.011586,2.976686,1.0,1.0,0,2
30189,-7.109612,0.0,0.0,20.404228,1.914407,0.007812,3.011586,2.976686,1.0,1.0,0,2
30191,-7.109036,0.024544,0.0,20.41094,0.490873,0.003906,3.011586,2.976686,1.0,1.0,0,0
30210,-7.108653,0.0,0.0,20.417076,1.079922,-0.003906,3.011586,2.976686,1.0,1.0,0,0
30212,-7.108845,-0.392699,0.0,20.421486,0.564505,0.007812,3.011586,2.976686,1.0,1.0,0,0
30222,-7.108653,-0.024544,-0.003906,20.420912,-0.343611,0.0,3.011586,2.976686,1.0,1.0,0,0
30240,-7.108653,-0.024544,0.0,20.420336,0.147262,0.0,3.011586,2.976686,1.0,1.0,0,0
30241,-7.10827,-0.196349,-0.003906,20.419569,-0.049087,0.0,3.011586,2.976686,1.0,1.0,0,0
30253,-7.10616,0.147262,0.0,20.418419,0.245437,0.0,3.011586,2.976686,1.0,1.0,0,0
30255,-7.103284,0.294524,-0.003906,20.417843,0.245437,0.0,3.011586,2.976686,1.0,1.0,0,0
30272,-7.096956,0.73631,-0.003906,20.41861,0.343611,0.003906,3.011586,2.976686,1.0,1.0,0,0
30274,-7.090245,0.539961,0.003906,20.417269,0.147262,-0.003906,3.011586,2.976686,1.0,1.0,0,0
30286,-7.083918,0.417242,0.003906,20.415733,-0.049087,0.0,3.011586,2.976686,1.0,1.0,0,0
30303,-7.082959,-0.122718,0.0,20.415926,-0.098175,-0.003906,3.011586,2.976686,1.0,1.0,0,0
30305,-7.08526,-0.589048,0.0,20.414776,-0.147262,0.0,3.011586,2.976686,1.0,1.0,0,0
30307,-7.087561,-0.368155,-0.003906,20.411133,-0.220893,0.003906,3.011586,2.976686,1.0,1.0,0,0
30316,-7.089095,-0.073631,0.0,20.405954,-0.662679,0.0,3.011586,2.976686,1.0,1.0,0,0
30335,-7.091012,-0.417242,0.003906,20.395409,-1.521708,0.0,3.011586,2.976686,1.0,1.0,0,0
30336,-7.094464,-0.785398,0.0,20.380644,-1.521708,-0.003906,3.011586,2.976686,1.0,1.0,0,0
30346,-7.102325,-1.767144,0.003906,20.365879,-2.110756,0.0,3.011586,2.976686,1.0,1.0,0,1
30365,-7.116131,-2.135299,0.0,20.344788,-3.362483,0.003906,3.011586,2.976686,1.0,1.0,0,1
30367,-7.134731,-2.503455,0.0,20.308739,-4.368774,0.003906,3.011586,2.976686,1.0,1.0,0,1
30369,-7.158699,-3.436114,0.003906,20.265213,-5.424152,-0.007812,3.011586,2.976686,1.0,1.0,0,1
30378,-7.186886,-3.190677,-0.003906,20.212482,-6.896772,0.003906,3.011586,2.976686,1.0,1.0,0,1
30411,-7.210663,-2.135299,-0.007812,20.150164,-7.264927,0.0,3.011586,2.976686,1.0,1.0,0,1
30412,-7.224852,-1.300815,-0.003906,20.080559,-7.976694,0.0,3.011586,2.976686,1.0,1.0,0,1
30416,-7.238274,-1.93895,0.0,20.00271,-8.222131,0.0,3.011586,2.976686,1.0,1.0,0,1
30429,-7.252847,-2.20893,0.0,19.925053,-8.786634,0.003906,3.011586,2.976686,1.0,1.0,2,1
30431,-7.271447,-1.93895,0.0,19.845285,-9.179334,0.0,3.011586,2.976686,1.0,1.0,2,1
30433,-7.292347,-3.043416,0.007812,19.772038,-8.786634,0.0,3.011586,2.976686,1.0,1.0,2,1
30440,-7.322643,-4.049706,0.011719,19.689011,-9.081159,-0.003906,3.011586,2.976686,1.0,1.0,2,1
30475,-7.36176,-4.712385,0.003906,19.609819,-7.927606,0.0,3.011586,2.976686,1.0,1.0,2,1
30477,-7.402218,-4.638754,0.0,19.535038,-8.320305,0.003906,3.011586,2.976686,1.0,1.0,2,1
30478,-7.450155,-6.209549,0.0,19.459873,-7.95215,0.0,3.011586,2.976686,1.0,1.0,2,1
30502,-7.506145,-6.945859,-0.003906,19.390461,-6.896772,-0.007812,3.011586,2.976686,1.0,1.0,2,1
30503,-7.558109,-5.006909,-0.007812,19.329102,-5.939569,0.0,3.011586,2.976686,1.0,1.0,2,1
30504,-7.5955,-3.730638,0.0,19.278864,-4.736929,0.0,3.011586,2.976686,1.0,1.0,2,1
30511,-7.635191,-5.055996,0.007812,19.236103,-4.638754,0.0,3.011586,2.976686,1.0,1.0,2,1
30537,-7.679293,-5.841394,0.011719,19.196604,-5.006909,0.003906,3.011586,2.976686,1.0,1.0,2,1
30538,-7.734517,-5.841394,-0.007812,19.147133,-4.908734,0.0,3.011586,2.976686,1.0,1.0,2,1
30539,-7.784754,-5.522326,-0.003906,19.098045,-5.031453,0.0,3.011586,2.976686,1.0,1.0,2,1
30554,-7.834225,-5.448695,0.0,19.05471,-4.638754,0.0,3.011586,2.976686,1.0,1.0,2,1
30555,-7.88082,-4.491492,0.0,19.017895,-3.853357,0.0,3.011586,2.976686,1.0,1.0,2,1
30556,-7.916485,-3.239765,-0.003906,18.982805,-3.534289,0.0,3.011586,2.976686,1.0,1.0,2,1
30565,-7.949657,-4.516036,0.007812,18.949249,-3.706095,0.003906,3.011586,2.976686,1.0,1.0,2,1
30586,-7.990499,-5.27689,0.003906,18.91761,-3.387027,-0.003906,3.011586,2.976686,1.0,1.0,2,1
30588,-8.043422,-5.988656,0.0,18.88463,-4.123337,0.0,3.011586,2.976686,1.0,1.0,2,1
30599,-8.087907,-4.908734,-0.007812,18.85165,-4.049706,0.0,3.011586,2.976686,1.0,1.0,2,1
30627,-8.12779,-4.221512,0.0,18.809465,-4.687841,0.0,3.011586,2.976686,1.0,1.0,2,1
30629,-8.167674,-4.663298,0.0,18.768814,-3.902444,-0.007812,3.011586,2.976686,1.0,1.0,2,1
30631,-8.209859,-4.786016,0.003906,18.731617,-4.491492,0.0,3.011586,2.976686,1.0,1.0,2,1
30632,-8.251276,-4.516036,0.0,18.692692,-4.466949,0.003906,3.011586,2.976686,1.0,1.0,2,1
30648,-8.291735,-4.81056,0.007812,18.649931,-5.743219,0.003906,3.011586,2.976686,1.0,1.0,2,1
30650,-8.341589,-5.939569,0.0,18.598927,-6.381355,0.003906,3.011586,2.976686,1.0,1.0,2,1
30659,-8.393744,-5.718676,-0.007812,18.544279,-6.28318,0.0,3.011586,2.976686,1.0,1.0,2,1
30677,-8.43286,-3.828813,-0.011719,18.490589,-6.037744,0.0,3.011586,2.976686,1.0,1.0,2,1
30678,-8.457212,-2.797979,-0.007812,18.440351,-5.350521,0.0,3.011586,2.976686,1.0,1.0,2,1
30681,-8.476963,-2.699804,0.0,18.402193,-4.614211,-0.003906,3.011586,2.976686,1.0,1.0,2,1
30703,-8.500931,-3.043416,0.003906,18.364227,-4.761473,0.007812,3.011586,2.976686,1.0,1.0,2,1
30710,-8.530652,-3.730638,0.007812,18.323769,-4.687841,0.003906,3.011586,2.976686,1.0,1.0,2,1
30712,-8.567468,-4.491492,0.0,18.276217,-5.669589,0.0,3.011586,2.976686,1.0,1.0,2,1
30732,-8.602941,-4.000618,-0.003906,18.229046,-4.81056,-0.007812,3.011586,2.976686,1.0,1.0,2,1
30733,-8.63362,-3.706095,-0.003906,18.190121,-3.558833,-0.007812,3.011586,2.976686,1.0,1.0,2,1
30735,-8.66756,-4.270599,-0.003906,18.160208,-2.969784,0.0,3.011586,2.976686,1.0,1.0,2,1
30755,-8.702457,-3.853357,-0.003906,18.13509,-2.20893,0.0,3.011586,2.976686,1.0,1.0,2,1
30756,-8.736013,-3.583376,0.0,18.111313,-2.20893,-0.003906,3.011586,2.976686,1.0,1.0,2,1
30772,-8.762283,-2.380736,0.0,18.093864,-1.595339,0.0,3.011586,2.975153,1.0,1.0,2,1
30773,-8.778198,-1.300815,-0.007812,18.079676,-1.865319,0.003906,3.011586,2.975153,1.0,1.0,2,1
30784,-8.784526,-0.785398,0.0,18.065294,-1.104465,0.0,3.011586,2.975153,1.0,1.0,2,1
30809,-8.789127,-0.711766,0.007812,18.054556,-1.325358,0.0,3.011586,2.975153,1.0,1.0,2,1
30811,-8.807535,-2.969784,0.007812,18.038832,-1.619882,0.003906,3.011586,2.975153,1.0,1.0,2,1
30813,-8.843776,-4.663298,0.011719,18.01774,-2.896153,0.003906,3.011586,2.975153,1.0,1.0,2,1
30816,-8.896123,-6.28318,0.007812,17.989937,-3.264308,0.0,3.011586,2.975153,1.0,1.0,2,1
30845,-8.949429,-5.424152,-0.007812,17.954655,-4.098794,0.003906,3.011586,2.975153,1.0,1.0,2,1
30846,-8.991805,-4.761473,-0.003906,17.918415,-3.583376,-0.007812,3.011586,2.975153,1.0,1.0,2,1
30848,-9.029771,-3.8779,0.0,17.890804,-2.159843,-0.007812,3.011586,2.975153,1.0,1.0,2,1
30865,-9.06371,-3.534289,0.0,17.874889,-1.006291,0.0,3.011586,2.975153,1.0,1.0,2,0
30866,-9.091514,-2.503455,-0.003906,17.870861,0.098175,-0.007812,3.011586,2.975153,1.0,1.0,2,0
30868,-9.110497,-1.521708,0.0,17.871437,0.294524,0.0,3.011586,2.975153,1.0,1.0,2,0
30880,-9.123919,-2.012581,0.0,17.871054,0.539961,0.007812,3.011586,2.975153,1.0,1.0,2,0
30898,-9.137917,-1.767144,0.003906,17.870861,0.368155,0.003906,3.011586,2.975153,1.0,1.0,2,0
30899,-9.161309,-3.436114,0.007812,17.870094,-0.024544,0.0,3.011586,2.975153,1.0,1.0,2,0
30911,-9.200043,-5.522326,0.003906,17.869137,0.147262,0.0,3.011586,2.975153,1.0,1.0,2,0
30913,-9.243378,-5.743219,0.0,17.868177,0.122718,0.0,3.011586,2.975153,1.0,1.0,2,0
30931,-9.290164,-4.442405,-0.011719,17.867601,0.024544,0.0,3.011586,2.975153,1.0,1.0,2,0
30932,-9.318926,-2.945241,0.0,17.868177,0.245437,0.007812,3.011586,2.975153,1.0,1.0,2,0
30940,-9.342703,-2.87161,0.0,17.867985,0.220893,0.0,3.011586,2.975153,1.0,1.0,2,0
30960,-9.369164,-3.264308,0.007812,17.868177,0.392699,0.0,3.011586,2.975153,1.0,1.0,2,0
30961,-9.395049,-3.657007,0.003906,17.868561,0.098175,0.0,3.011586,2.975153,1.0,1.0,2,0
30971,-9.428413,-4.172424,0.003906,17.870478,0.589048,0.0,3.011586,2.975153,1.0,1.0,2,0
30972,-9.461778,-3.166134,0.0,17.871437,0.171806,0.0,3.011586,2.975153,1.0,1.0,2,0
31008,-9.485555,-2.429824,-0.003906,17.872587,0.319068,0.0,3.011586,2.975153,1.0,1.0,2,0
31010,-9.501661,-1.742601,-0.003906,17.875273,0.441786,0.0,3.011586,2.975153,1.0,1.0,2,0
31012,-9.511057,-1.497164,-0.003906,17.878916,0.343611,0.0,3.011586,2.975153,1.0,1.0,0,0
31022,-9.521411,-1.398989,-0.003906,17.882175,0.441786,0.003906,3.011586,2.975153,1.0,1.0,0,0
31023,-9.52793,-0.26998,0.0,17.885242,0.613592,0.0,3.011586,2.975153,1.0,1.0,0,0
31025,-9.529081,-0.147262,0.0,17.890612,0.392699,0.0,3.011586,2.975153,1.0,1.0,0,0
31035,-9.529081,-0.368155,-0.003906,17.901733,1.521708,0.0,3.011586,2.975153,1.0,1.0,0,0
31055,-9.52889,-0.024544,0.0,17.90806,0.662679,0.003906,3.011586,2.975153,1.0,1.0,0,0
31056,-9.52889,-0.024544,0.0,17.90806,0.171806,0.0,3.011586,2.975153,1.0,1.0,0,0
31066,-9.52889,-0.024544,0.0,17.910362,0.515417,0.0,3.011586,2.975153,1.0,1.0,0,0
31084,-9.529273,-0.294524,0.0,17.919374,1.963494,-0.003906,3.011586,2.975153,1.0,1.0,0,2
31085,-9.529081,0.122718,0.0,17.941042,2.896153,0.0,3.011586,2.975153,1.0,1.0,0,2
31086,-9.529081,-0.196349,0.0,17.971529,4.466949,0.0,3.011586,2.975153,1.0,1.0,0,2
31096,-9.52889,0.0,-0.003906,18.014673,5.375064,-0.007812,3.011586,2.975153,1.0,1.0,0,2
31116,-9.528505,-0.245437,0.0,18.07258,7.191296,-0.007812,3.011586,2.975153,1.0,1.0,0,2
31118,-9.528505,-0.368155,0.0,18.142376,7.780344,0.0,3.011586,2.975153,1.0,1.0,0,2
31130,-9.527164,0.294524,0.0,18.21409,7.878519,0.0,3.011586,2.975153,1.0,1.0,0,2
31148,-9.525822,0.294524,0.0,18.27775,7.780344,0.0,3.011586,2.975153,1.0,1.0,0,2
31149,-9.525054,0.098175,0.003906,18.338343,5.939569,0.007812,3.011586,2.975153,1.0,1.0,0,2
31150,-9.524287,0.0,0.0,18.389154,5.399608,-0.003906,3.011586,2.975153,1.0,1.0,0,2
31170,-9.524287,-0.245437,0.0,18.434792,6.062287,-0.003906,3.011586,2.975153,1.0,1.0,0,2
31172,-9.524096,-0.171806,0.003906,18.486946,5.865938,0.0,3.011586,2.975153,1.0,1.0,0,2
31189,-9.52352,0.073631,0.0,18.535458,5.620501,0.003906,3.011586,2.975153,1.0,1.0,0,2
31191,-9.522369,0.0,0.0,18.579561,5.129628,0.0,3.011586,2.975153,1.0,1.0,0,2
31193,-9.521794,-0.417242,0.0,18.611391,3.485202,0.0,3.011586,2.975153,1.0,1.0,0,2
31215,-9.520261,0.122718,-0.003906,18.637085,2.552542,0.003906,3.011586,2.975153,1.0,1.0,0,2
31217,-9.509906,1.595339,-0.003906,18.656643,1.816232,0.003906,3.011586,2.975153,1.0,1.0,0,2
31222,-9.487088,3.288852,-0.003906,18.669682,1.227184,0.0,3.011586,2.975153,1.0,1.0,1,2
31242,-9.451807,4.81056,-0.003906,18.684063,2.135299,0.0,3.011586,2.975153,1.0,1.0,1,2
31244,-9.405596,4.835104,-0.003906,18.709373,3.632463,-0.003906,3.011586,2.975153,1.0,1.0,1,2
31255,-9.359768,5.006909,-0.007812,18.74523,4.663298,-0.007812,3.011586,2.975153,1.0,1.0,1,2
31257,-9.304161,6.945859,-0.007812,18.787031,4.712385,0.0,3.011586,2.975153,1.0,1.0,1,2
31272,-9.233598,7.21584,0.003906,18.829023,4.319686,0.0,3.011586,2.975153,1.0,1.0,1,2
31273,-9.177799,6.185006,0.003906,18.854527,2.896153,0.003906,3.011586,2.975153,1.0,1.0,1,2
31284,-9.123727,6.602248,-0.003906,18.873508,1.767144,0.0,3.011586,2.975153,1.0,1.0,1,2
31304,-9.066586,6.454986,-0.007812,18.883863,0.662679,0.007812,3.011586,2.975153,1.0,1.0,1,2
31305,-9.015389,5.178715,0.003906,18.883863,-0.024544,0.0,3.011586,2.975153,1.0,1.0,1,2
31306,-8.969562,6.307724,0.0,18.882137,0.368155,0.0,3.011586,2.975153,1.0,1.0,1,2
31316,-8.909928,6.626791,0.0,18.881947,0.245437,0.0,3.011586,2.975153,1.0,1.0,1,2
31336,-8.856431,5.129628,0.003906,18.88233,-0.220893,0.003906,3.011586,2.975153,1.0,1.0,1,2
31337,-8.819424,4.614211,-0.003906,18.88233,0.368155,0.0,3.011586,2.975153,1.0,1.0,1,2
31346,-8.777239,5.497783,-0.007812,18.882521,0.049087,0.003906,3.011586,2.975153,1.0,1.0,1,2
31365,-8.721057,6.479529,0.0,18.882713,0.245437,0.0,3.011586,2.975153,1.0,1.0,1,2
31366,-8.667368,5.816851,0.003906,18.882904,0.098175,0.0,3.011586,2.975153,1.0,1.0,1,2
31368,-8.622691,5.227802,0.003906,18.882904,0.0,0.0,3.011586,2.975153,1.0,1.0,1,2
31382,-8.569001,6.28318,0.0,18.883097,0.196349,0.0,3.011586,2.975153,1.0,1.0,1,2
31400,-8.518955,4.786016,-0.003906,18.883863,0.441786,0.0,3.011586,2.975153,1.0,1.0,1,2
31401,-8.480414,4.687841,0.0,18.885973,0.26998,0.0,3.011586,2.975153,1.0,1.0,1,2
31411,-8.432669,5.522326,-0.019531,18.894026,1.570795,-0.003906,3.011586,2.975153,1.0,1.0,1,2
31412,-8.371502,6.798597,0.003906,18.90975,1.791688,-0.003906,3.011586,2.975153,1.0,1.0,1,2
31441,-8.315895,5.350521,0.011719,18.934484,3.558833,0.0,3.011586,2.975153,1.0,1.0,1,2
31442,-8.275628,4.417861,0.003906,18.962481,3.853357,0.0,3.011586,2.975153,1.0,1.0,1,2
31444,-8.232101,4.835104,-0.003906,18.990858,2.920697,0.0,3.011586,2.975153,1.0,1.0,1,2
31460,-8.188383,4.025162,0.0,19.018661,3.067959,0.0,3.011586,2.975153,1.0,1.0,1,2
31461,-8.154444,3.117046,0.0,19.042822,2.797979,0.0,3.011586,2.975153,1.0,1.0,1,2
31462,-8.127024,3.387027,0.0,19.070818,3.730638,-0.007812,3.011586,2.975153,1.0,1.0,1,2
31470,-8.096344,3.902444,0.0,19.109934,4.786016,0.0,3.011586,2.975153,1.0,1.0,1,2
31493,-8.058953,4.81056,0.0,19.154419,4.933278,0.0,3.011586,2.975153,1.0,1.0,1,2
31494,-8.022138,3.926988,0.003906,19.193918,5.399608,0.003906,3.011586,2.833452,1.0,1.0,1,2
31502,-7.996827,2.110756,0.003906,19.236679,4.663298,0.0,3.011586,2.833452,1.0,1.0,1,2
31526,-7.987623,0.319068,0.007812,19.28404,5.694132,0.0,3.011586,2.833452,1.0,1.0,1,2
31527,-7.984939,0.220893,0.0,19.329102,6.0132,0.0,3.011586,2.833452,1.0,1.0,1,2
31529,-7.97957,0.785398,0.0,19.382406,6.160462,0.0,3.011586,2.833452,1.0,1.0,1,2
31534,-7.973051,0.564505,-0.003906,19.436672,5.988656,-0.003906,3.011586,2.833452,1.0,1.0,1,2
31554,-7.969024,0.196349,-0.003906,19.494196,7.068578,0.0,3.011586,2.833452,1.0,1.0,1,2
31556,-7.965189,0.711766,-0.003906,19.54616,6.896772,0.0,3.011586,2.833452,1.0,1.0,1,2
31565,-7.955985,1.546251,-0.003906,19.606943,7.363102,-0.003906,3.011586,2.833452,1.0,1.0,1,2
31584,-7.939878,2.159843,-0.003906,19.677315,8.393936,0.0,3.011586,2.833452,1.0,1.0,1,2
31586,-7.917252,2.920697,-0.007812,19.751329,8.467567,0.007812,3.011586,2.833452,1.0,1.0,1,2
31590,-7.877177,5.203259,-0.007812,19.826494,8.295761,0.003906,3.011586,2.833452,1.0,1.0,1,2
31597,-7.836526,4.442405,0.0,19.888428,7.706713,0.0,3.011586,2.833452,1.0,1.0,1,2
31616,-7.79741,3.926988,0.003906,19.956116,7.780344,0.0,3.011586,2.833452,1.0,1.0,1,2
31618,-7.761745,3.534289,0.007812,20.025528,8.099412,0.003906,3.011586,2.833452,1.0,1.0,1,2
31629,-7.73049,4.393317,0.003906,20.082285,6.945859,0.0,3.011586,2.833452,1.0,1.0,1,2
31631,-7.692524,4.34423,0.003906,20.136742,6.062287,0.0,3.011586,2.833452,1.0,1.0,1,2
31649,-7.664912,2.527998,0.003906,20.185062,5.448695,0.0,3.011586,2.833452,1.0,1.0,1,2
31651,-7.649572,1.718057,0.003906,20.222452,4.098794,0.0,3.011586,2.833452,1.0,1.0,1,2
31661,-7.639218,0.981747,0.0,20.259077,4.025162,0.0,3.011586,2.833452,1.0,1.0,1,2
31678,-7.628097,1.276271,0.0,20.2957,4.663298,0.0,3.011586,2.833452,1.0,1.0,1,2
31680,-7.617934,1.030834,-0.003906,20.330214,4.589667,0.0,3.011586,2.833452,1.0,1.0,1,2
31681,-7.603362,1.521708,0.0,20.372782,4.638754,0.0,3.011586,2.833452,1.0,1.0,1,2
31690,-7.585337,2.184387,-0.007812,20.412474,4.246056,0.003906,3.011586,2.833452,1.0,1.0,1,2
31724,-7.561177,3.14159,-0.007812,20.445839,3.558833,0.0,3.011586,2.833452,1.0,1.0,1,2
31726,-7.529347,4.638754,-0.007812,20.473833,3.387027,0.0,3.011586,2.833452,1.0,1.0,1,2
31729,-7.489463,3.853357,0.003906,20.503937,3.14159,0.0,3.011586,2.833452,1.0,1.0,1,2
31741,-7.457633,3.239765,0.007812,20.534616,3.117046,0.0,3.011586,2.833452,1.0,1.0,1,2
31743,-7.439801,1.767144,0.003906,20.561079,3.485202,0.0,3.011586,2.833452,1.0,1.0,0,2
31745,-7.430022,0.539961,0.007812,20.588499,3.190677,0.003906,3.011586,2.833452,1.0,1.0,0,2
31752,-7.43098,-0.343611,0.003906,20.606331,1.791688,0.0,3.011586,2.833452,1.0,1.0,0,2
31772,-7.431939,-0.049087,0.0,20.618219,1.570795,0.0,3.011586,2.833452,1.0,1.0,0,0
31773,-7.431939,-0.26998,0.0,20.624355,0.638135,0.0,3.011586,2.833452,1.0,1.0,0,0
31783,-7.431747,0.122718,-0.003906,20.623396,-0.245437,0.0,3.011586,2.833452,1.0,1.0,0,0
31784,-7.431747,0.245437,0.0,20.622629,0.196349,0.0,3.011586,2.833452,1.0,1.0,0,0
31804,-7.432131,-0.171806,-0.003906,20.623396,0.245437,0.0,3.011586,2.833452,1.0,1.0,0,0
31806,-7.432514,-0.319068,0.0,20.623013,-0.098175,0.0,3.011586,2.833452,1.0,1.0,0,0
31816,-7.432706,0.122718,0.0,20.623396,0.245437,0.0,3.011586,2.833452,1.0,1.0,0,0
31834,-7.433473,-1.006291,0.003906,20.623972,0.73631,0.0,3.011586,2.833452,1.0,1.0,0,0
31836,-7.434048,0.049087,-0.003906,20.623779,-0.122718,0.0,3.011586,2.833452,1.0,1.0,0,0
31837,-7.434432,-0.245437,0.0,20.624355,0.245437,0.0,3.011586,2.833452,1.0,1.0,0,0
31847,-7.435582,-0.785398,-0.003906,20.624739,-0.049087,0.0,3.011586,2.833452,1.0,1.0,0,0
31875,-7.435774,-0.294524,0.0,20.625698,0.638135,0.003906,3.011586,2.833452,1.0,1.0,0,0
31876,-7.435582,-0.245437,0.0,20.626081,0.368155,0.0,3.011586,2.833452,1.0,1.0,0,0
31890,-7.43539,0.0,0.003906,20.627232,0.26998,0.0,3.011586,2.833452,1.0,1.0,0,0
31892,-7.434815,0.122718,0.0,20.630682,0.834485,0.0,3.011586,2.833452,1.0,1.0,0,0
31907,-7.434048,-0.049087,-0.003906,20.63912,1.791688,-0.003906,3.011586,2.833452,1.0,1.0,0,0
31909,-7.432323,0.368155,0.0,20.653309,1.497164,0.003906,3.011586,2.833452,1.0,1.0,0,0
31911,-7.430789,0.098175,0.0,20.671909,2.356193,0.0,3.011586,2.833452,1.0,1.0,0,0
31932,-7.430789,0.147262,0.003906,20.693001,2.797979,0.0,3.011586,2.833452,1.0,1.0,0,0
31935,-7.43098,-0.049087,-0.003906,20.70834,1.619882,0.0,3.011586,2.833452,1.0,1.0,0,0
31940,-7.43098,-0.122718,0.0,20.723297,1.693513,0.003906,3.011586,2.833452,1.0,1.0,0,0
31974,-7.431172,-0.220893,0.0,20.733076,1.006291,-0.003906,3.011586,2.833452,1.0,1.0,0,0
31977,-7.431172,-0.392699,0.0,20.740938,0.687223,0.0,3.011586,2.833452,1.0,1.0,0,0
31981,-7.43098,-0.098175,0.003906,20.742088,-0.049087,0.003906,3.011586,2.833452,1.0,1.0,0,0
31985,-7.430213,0.343611,0.0,20.739786,0.049087,-0.003906,3.011586,2.833452,1.0,1.0,0,0
31990,-7.428679,0.0,0.0,20.739979,-0.343611,0.003906,3.011586,2.833452,1.0,1.0,0,0
31992,-7.428679,0.049087,0.0,20.739019,0.147262,-0.003906,3.011586,2.833452,1.0,1.0,0,0
32003,-7.429063,-0.26998,0.0,20.737869,-0.171806,0.003906,3.011586,2.833452,1.0,1.0,0,0
32023,-7.429638,-0.024544,0.003906,20.737295,-0.171806,0.003906,3.011586,2.833452,1.0,1.0,0,0
32025,-7.430789,-0.392699,0.0,20.73576,-0.147262,0.003906,3.011586,2.833452,1.0,1.0,0,0
32028,-7.431747,-0.589048,0.003906,20.731926,-0.589048,0.003906,3.011586,2.833452,1.0,1.0,0,0
32035,-7.433665,-0.196349,0.0,20.723871,-0.760854,0.003906,3.011586,2.833452,1.0,1.0,0,0
32054,-7.43539,-0.122718,0.0,20.70834,-1.816232,0.0,3.011586,2.833452,1.0,1.0,0,0
32056,-7.436349,-0.245437,0.0,20.691084,-2.40528,0.007812,3.011586,2.833452,1.0,1.0,0,1
32073,-7.439034,-0.490873,0.003906,20.669224,-3.018872,0.003906,3.011586,2.833452,1.0,1.0,0,1
32075,-7.445362,-1.178096,0.0,20.643337,-3.411571,0.0,3.011586,2.833452,1.0,1.0,0,1
32078,-7.459934,-2.086212,0.0,20.609207,-4.246056,0.0,3.011586,2.833452,1.0,1.0,0,1
32098,-7.477767,-2.67526,0.003906,20.564339,-5.595957,0.003906,3.011586,2.833452,1.0,1.0,0,1
32099,-7.499434,-2.601629,0.0,20.508539,-6.160462,0.003906,3.011586,2.833452,1.0,1.0,0,1
32116,-7.52091,-2.135299,0.0,20.44392,-7.412189,0.007812,3.011586,2.833452,1.0,1.0,0,1
32118,-7.538934,-1.423533,-0.007812,20.368565,-8.614829,0.0,3.011586,2.833452,1.0,1.0,0,1
32127,-7.552357,-1.595339,0.0,20.289181,-8.713004,-0.007812,3.011586,2.833452,1.0,1.0,0,1
32129,-7.561177,-0.834485,0.0,20.207687,-8.933897,0.003906,3.011586,2.833452,1.0,1.0,0,1
32149,-7.564053,-0.319068,0.0,20.130796,-9.792926,0.007812,3.011586,2.833452,1.0,1.0,0,1
32151,-7.565012,0.122718,0.0,20.039526,-10.332887,0.0,3.011586,2.833452,1.0,1.0,0,1
32158,-7.56597,-0.171806,0.0,19.94557,-10.283799,0.0,3.011586,2.833452,1.0,1.0,0,1
32180,-7.567504,-0.319068,0.0,19.856215,-10.234712,0.0,3.011586,2.833452,1.0,1.0,0,1
32182,-7.57134,-0.73631,0.0,19.769161,-9.15479,0.0,3.011586,2.833452,1.0,1.0,0,1
32189,-7.583036,-2.233474,0.003906,19.683834,-9.15479,0.0,3.011586,2.833452,1.0,1.0,2,1
32191,-7.603553,-3.239765,0.003906,19.603683,-8.590285,-0.003906,3.011586,2.833452,1.0,1.0,2,1
32213,-7.636342,-4.417861,0.007812,19.528135,-8.467567,0.0,3.011586,2.833452,1.0,1.0,2,1
32217,-7.684471,-6.479529,0.007812,19.451052,-8.271217,0.0,3.011586,2.833452,1.0,1.0,2,1
32220,-7.732983,-5.890481,0.0,19.385475,-7.608539,0.0,3.011586,2.833452,1.0,1.0,2,1
32244,-7.783796,-5.890481,-0.007812,19.317596,-7.01949,0.0,3.011586,2.833452,1.0,1.0,2,1
32246,-7.834609,-5.571414,-0.003906,19.260073,-5.54687,0.0,3.011586,2.833452,1.0,1.0,2,1
32251,-7.883313,-4.614211,0.0,19.207916,-5.792307,0.0,3.011586,2.833452,1.0,1.0,2,1
32253,-7.919553,-3.485202,-0.003906,19.150583,-6.430442,0.0,3.011586,2.833452,1.0,1.0,2,1
32275,-7.950233,-3.976075,0.003906,19.089226,-5.939569,0.0,3.011586,2.833452,1.0,1.0,2,1
32277,-7.988198,-4.516036,0.0,19.033426,-6.405899,0.0,3.011586,2.833452,1.0,1.0,2,1
32284,-8.030766,-4.908734,-0.003906,18.97897,-6.307724,0.0,3.011586,2.833452,1.0,1.0,2,1
32304,-8.064898,-3.190677,-0.007812,18.929308,-5.006909,0.0,3.011586,2.833452,1.0,1.0,2,1
32306,-8.079279,-0.834485,-0.007812,18.885397,-4.761473,0.0,3.011586,2.833452,1.0,1.0,2,1
32313,-8.077744,0.26998,-0.003906,18.841488,-4.884191,-0.003906,3.011586,2.833452,1.0,1.0,2,1
32315,-8.076211,-0.049087,0.0,18.801796,-4.908734,0.0,3.011586,2.833452,1.0,1.0,2,1
32339,-8.076786,-0.319068,0.0,18.763638,-3.460658,-0.007812,3.011586,2.833452,1.0,1.0,2,1
32341,-8.076594,-0.049087,0.0,18.729698,-3.804269,0.003906,3.011586,2.833452,1.0,1.0,2,1
32346,-8.076594,0.0,0.0,18.688665,-4.491492,0.003906,3.011586,2.833452,1.0,1.0,2,1
32366,-8.076786,-0.392699,0.0,18.634783,-6.504073,0.007812,3.011586,2.833452,1.0,1.0,2,1
32368,-8.076594,-0.024544,0.0,18.57074,-7.044034,0.0,3.011586,2.833452,1.0,1.0,2,1
32369,-8.076594,-0.171806,0.0,18.504971,-7.117665,0.0,3.011586,2.833452,1.0,1.0,2,1
32389,-8.076594,-0.049087,0.0,18.449364,-6.528617,0.0,3.011586,2.833452,1.0,1.0,2,1
32391,-8.076403,0.122718,-0.003906,18.3951,-5.399608,0.0,3.011586,2.833452,1.0,1.0,2,1
32410,-8.076594,-0.098175,0.0,18.344669,-5.964112,0.0,3.011586,2.833452,1.0,1.0,2,1
32412,-8.076786,-0.368155,0.0,18.287336,-6.553161,0.0,3.011586,2.833452,1.0,1.0,2,1
32427,-8.076786,-0.368155,0.0,18.232882,-6.160462,-0.007812,3.011586,2.833452,1.0,1.0,2,1
32430,-8.076594,-0.098175,0.0,18.182451,-5.006909,0.0,3.011586,2.833452,1.0,1.0,2,1
32432,-8.076786,-0.515417,0.0,18.139116,-4.884191,0.0,3.011586,2.833452,1.0,1.0,2,1
32441,-8.076594,0.0,0.0,18.105177,-3.828813,-0.003906,3.011586,2.833452,1.0,1.0,2,1
32460,-8.076786,0.0,0.0,18.07469,-3.043416,-0.003906,3.011586,2.833452,1.0,1.0,2,1
32462,-8.077169,-0.26998,0.0,18.050146,-2.380736,-0.003906,3.011586,2.833452,1.0,1.0,2,1
32471,-8.077361,0.122718,-0.003906,18.028479,-2.577086,0.007812,3.011586,2.833452,1.0,1.0,2,1
32492,-8.077936,0.0,0.0,18.004702,-2.773435,0.0,3.011586,2.833452,1.0,1.0,2,1
32493,-8.087523,-2.110756,0.003906,17.980158,-2.552542,0.003906,3.011586,2.833452,1.0,1.0,2,1
32496,-8.113602,-3.804269,0.003906,17.951588,-3.264308,0.0,3.011586,2.833452,1.0,1.0,2,1
32502,-8.150416,-5.375064,0.007812,17.925701,-2.773435,-0.003906,3.011586,2.833452,1.0,1.0,2,1
32526,-8.199504,-5.767763,0.007812,17.898474,-2.527998,0.0,3.011586,2.833452,1.0,1.0,2,0
32529,-8.253194,-6.28318,0.0,17.87834,-1.398989,0.0,3.011586,2.833452,1.0,1.0,2,0
32536,-8.308225,-6.74951,0.011719,17.869711,0.0,-0.007812,3.011586,2.833452,1.0,1.0,2,0
32553,-8.372269,-7.534907,-0.003906,17.872013,0.589048,0.0,3.011586,2.870268,1.0,1.0,2,0
32556,-8.431902,-6.037744,-0.007812,17.87278,0.196349,0.007812,3.011586,2.870268,1.0,1.0,2,0
32557,-8.478497,-5.424152,0.0,17.872587,0.024544,0.003906,3.011586,2.870268,1.0,1.0,2,0
32567,-8.520298,-6.0132,0.007812,17.872587,0.024544,0.0,3.011586,2.870268,1.0,1.0,2,0
32586,-8.572261,-5.988656,0.003906,17.872587,-0.073631,0.003906,3.011586,2.870268,1.0,1.0,2,0
32589,-8.621348,-5.522326,-0.003906,17.872587,-0.098175,0.003906,3.011586,2.870268,1.0,1.0,2,0
32596,-8.668326,-5.792307,-0.003906,17.87278,0.368155,0.007812,3.011586,2.870268,1.0,1.0,2,0
32616,-8.716264,-5.399608,0.0,17.872971,0.760854,-0.007812,3.011586,2.870268,1.0,1.0,2,0
32618,-8.75979,-4.393317,-0.007812,17.872587,-0.024544,0.0,3.011586,2.870268,1.0,1.0,2,0
32619,-8.789127,-2.699804,0.0,17.872396,0.171806,0.0,3.011586,2.870268,1.0,1.0,2,0
32628,-8.810987,-2.945241,0.0,17.872013,0.024544,0.0,3.011586,2.870268,1.0,1.0,2,0
32646,-8.840899,-3.902444,0.003906,17.871244,-0.122718,0.0,3.011586,2.870268,1.0,1.0,2,0
32648,-8.881742,-4.859647,0.007812,17.871244,0.441786,0.0,3.011586,2.870268,1.0,1.0,2,0
32659,-8.931212,-5.767763,0.0,17.871054,-0.024544,0.0,3.011586,2.870268,1.0,1.0,2,0
32677,-8.972054,-4.442405,-0.003906,17.871628,0.220893,0.0,3.011586,2.870268,1.0,1.0,2,0
32679,-9.00561,-4.34423,-0.007812,17.872013,0.147262,0.0,3.011586,2.870268,1.0,1.0,2,0
32681,-9.043768,-4.393317,-0.003906,17.872971,0.760854,-0.007812,3.011586,2.870268,1.0,1.0,2,0
32690,-9.085378,-4.295143,0.0,17.873547,0.220893,0.0,3.011586,2.870268,1.0,1.0,2,0
32710,-9.123919,-4.07425,0.003906,17.873737,0.0,0.0,3.011586,2.870268,1.0,1.0,2,0
32712,-9.161693,-4.908734,0.003906,17.874697,0.368155,0.0,3.011586,2.870268,1.0,1.0,2,0
32721,-9.211164,-5.792307,0.0,17.875463,0.368155,0.0,3.011586,2.870268,1.0,1.0,2,0
32723,-9.260634,-6.185006,-0.007812,17.875847,0.319068,0.0,3.011586,2.870268,1.0,1.0,2,0
32743,-9.306654,-4.147881,-0.011719,17.87604,0.368155,0.0,3.011586,2.870268,1.0,1.0,2,0
32745,-9.342895,-4.466949,0.0,17.876423,0.049087,0.003906,3.011586,2.870268,1.0,1.0,2,0
32756,-9.384887,-4.908734,0.0,17.87719,0.441786,0.0,3.011586,2.870268,1.0,1.0,2,0
32773,-9.431673,-5.375064,0.003906,17.876997,-0.46633,0.0,3.011586,2.870268,1.0,1.0,2,0
32777,-9.475775,-5.939569,0.0,17.877764,0.46633,0.0,3.011586,2.870268,1.0,1.0,2,0
32787,-9.523712,-5.767763,0.003906,17.87738,0.073631,0.0,3.011586,2.870268,1.0,1.0,2,0
32790,-9.578744,-6.135918,-0.003906,17.87719,0.0,0.0,3.011586,2.870268,1.0,1.0,2,0
32816,-9.630707,-4.933278,-0.007812,17.876614,-0.024544,0.007812,3.011586,2.870268,1.0,1.0,2,0
32818,-9.665797,-3.485202,-0.007812,17.876806,-0.049087,0.0,3.011586,2.870268,1.0,1.0,2,0
32819,-9.694559,-3.828813,0.003906,17.876997,0.294524,-0.007812,3.011586,2.870268,1.0,1.0,2,0
32836,-9.724088,-3.460658,0.003906,17.87738,0.245437,0.0,3.011586,2.870268,1.0,1.0,2,0
32838,-9.753234,-4.614211,0.0,17.87738,0.245437,0.0,3.011586,2.870268,1.0,1.0,2,0
32840,-9.789282,-4.34423,0.0,17.87719,0.0,0.0,3.011586,2.870268,1.0,1.0,2,0
32847,-9.819386,-3.215221,-0.007812,17.87738,0.220893,0.0,3.011586,2.870268,1.0,1.0,2,0
32867,-9.834535,-0.760854,-0.007812,17.87738,0.024544,0.003906,3.011586,2.870268,1.0,1.0,2,0
32868,-9.836068,0.171806,-0.007812,17.877573,-0.122718,0.0,3.011586,2.870268,1.0,1.0,2,0
32878,-9.831275,0.589048,0.0,17.877956,0.098175,0.0,3.011586,2.870268,1.0,1.0,2,0
32910,-9.823221,0.662679,0.003906,17.87834,-0.122718,0.0,3.011586,2.870268,1.0,1.0,2,0
32911,-9.815743,0.245437,0.0,17.879683,0.417242,0.0,3.011586,2.870268,1.0,1.0,2,0
32913,-9.809991,0.93266,-0.007812,17.880066,0.245437,0.0,3.011586,2.870268,1.0,1.0,2,0
32914,-9.792158,3.14159,-0.007812,17.880833,0.0,0.0,3.011586,2.870268,1.0,1.0,1,0
32929,-9.758795,3.902444,-0.007812,17.881983,0.589048,0.0,3.011586,2.870268,1.0,1.0,1,0
32930,-9.722171,4.417861,-0.003906,17.884476,0.760854,0.0,3.011586,2.870268,1.0,1.0,1,0
32942,-9.679603,4.565123,-0.007812,17.892338,1.693513,-0.003906,3.011586,2.870268,1.0,1.0,1,0
32967,-9.632816,6.872229,0.0,17.906336,2.110756,0.0,3.011586,2.870268,1.0,1.0,1,2
32969,-9.570115,7.191296,0.0,17.925127,2.552542,-0.003906,3.011586,2.870268,1.0,1.0,1,2
32971,-9.512015,6.160462,0.007812,17.949671,3.067959,0.0,3.011586,2.870268,1.0,1.0,1,2
32972,-9.453341,6.332268,0.0,17.978815,3.362483,0.0,3.011586,2.870268,1.0,1.0,1,2
32992,-9.396392,6.896772,-0.003906,18.005085,3.902444,0.0,3.011586,2.870268,1.0,1.0,1,2
32993,-9.334074,7.289471,-0.007812,18.036148,3.583376,-0.003906,3.011586,2.870268,1.0,1.0,1,2
33001,-9.257566,9.670207,0.0,18.072964,4.663298,-0.003906,3.011586,2.870268,1.0,1.0,1,2
33003,-9.17454,8.393936,0.003906,18.115339,4.835104,0.0,3.011586,2.870268,1.0,1.0,1,2
33022,-9.106277,8.786634,-0.003906,18.154648,5.203259,0.0,3.011586,2.870268,1.0,1.0,1,2
33024,-9.025552,8.590285,0.0,18.19875,4.933278,0.0,3.011586,2.870268,1.0,1.0,1,2
33036,-8.946552,8.909353,0.003906,18.243427,5.325977,0.003906,3.011586,2.870268,1.0,1.0,1,2
33054,-8.874839,8.197587,0.003906,18.281393,4.81056,0.003906,3.011586,2.870268,1.0,1.0,1,2
33058,-8.81137,6.086831,0.003906,18.316099,3.558833,0.0,3.011586,2.870268,1.0,1.0,1,2
33062,-8.756147,6.528617,0.0,18.34026,2.577086,-0.003906,3.011586,2.870268,1.0,1.0,1,2
33072,-8.700349,5.424152,0.003906,18.361544,2.67526,0.003906,3.011586,2.870268,1.0,1.0,1,2
33097,-8.659122,4.614211,0.007812,18.386278,3.681551,-0.003906,3.011586,2.870268,1.0,1.0,1,2
33099,-8.618472,4.172424,0.003906,18.428463,5.448695,-0.003906,3.011586,2.870268,1.0,1.0,1,2
33100,-8.575712,5.203259,0.0,18.481577,6.356811,0.0,3.011586,2.870268,1.0,1.0,1,2
33116,-8.535062,4.933278,0.003906,18.530281,6.405899,-0.003906,3.011586,2.870268,1.0,1.0,1,2
33117,-8.489427,5.325977,-0.007812,18.583971,5.865938,0.0,3.011586,2.870268,1.0,1.0,1,2
33118,-8.434778,6.454986,-0.007812,18.630566,5.129628,0.0,3.011586,2.870268,1.0,1.0,1,2
33128,-8.36153,8.099412,0.0,18.673901,4.957822,0.0,3.011586,2.870268,1.0,1.0,1,2
33148,-8.298254,7.436733,0.007812,18.715893,6.185006,-0.003906,3.011586,2.870268,1.0,1.0,1,2
33149,-8.232293,7.755801,-0.003906,18.775719,7.461277,0.0,3.011586,2.870268,1.0,1.0,1,2
33159,-8.162305,7.461277,-0.007812,18.839569,6.602248,0.003906,3.011586,2.870268,1.0,1.0,1,2
33190,-8.089633,8.050324,-0.007812,18.895752,5.718676,-0.003906,3.011586,2.870268,1.0,1.0,1,2
33191,-8.004881,8.884809,0.007812,18.94388,5.424152,-0.003906,3.011586,2.870268,1.0,1.0,1,2
33192,-7.939878,6.651335,0.007812,18.982805,4.786016,0.0,3.011586,2.870268,1.0,1.0,1,2
33193,-7.874109,7.829432,-0.007812,19.022688,4.442405,0.0,3.011586,2.870268,1.0,1.0,1,2
33212,-7.809681,6.872229,0.003906,19.059887,4.221512,0.0,3.011586,2.870268,1.0,1.0,1,2
33213,-7.756951,6.651335,0.0,19.094402,4.368774,-0.003906,3.011586,2.870268,1.0,1.0,1,2
33219,-7.695017,6.774054,0.003906,19.133902,4.393317,0.0,3.011586,2.870268,1.0,1.0,1,2
33220,-7.640752,4.908734,0.0,19.171293,3.976075,0.0,3.011586,2.870268,1.0,1.0,1,2
33243,-7.597226,4.516036,-0.003906,19.204466,3.657007,0.003906,3.011586,2.870268,1.0,1.0,1,2
33244,-7.558493,5.325977,-0.007812,19.232653,4.025162,0.0,3.011586,2.870268,1.0,1.0,1,2
33252,-7.505762,6.111374,0.0,19.268509,4.565123,-0.003906,3.011586,2.870268,1.0,1.0,1,2
33272,-7.461277,4.270599,0.007812,19.312227,5.203259,-0.003906,3.011586,2.870268,1.0,1.0,1,2
33274,-7.425995,3.460658,0.003906,19.358246,4.786016,0.003906,3.011586,2.870268,1.0,1.0,1,2
33275,-7.399725,3.509745,0.003906,19.395254,4.712385,0.003906,3.011586,2.870268,1.0,1.0,1,2
33288,-7.369621,3.215221,0.003906,19.42881,3.33794,0.003906,3.011586,2.870268,1.0,1.0,1,2
33310,-7.341818,2.282562,0.003906,19.454887,2.429824,0.003906,3.011586,2.870268,1.0,1.0,1,2
33312,-7.326286,1.251727,0.003906,19.475788,2.969784,0.003906,3.011586,2.870268,1.0,1.0,1,2
33318,-7.319384,0.662679,0.0,19.492279,2.061668,0.003906,3.011586,2.870268,1.0,1.0,1,2
33335,-7.315357,0.515417,-0.003906,19.506468,1.595339,0.0,3.011586,2.870268,1.0,1.0,1,2
33337,-7.308454,0.441786,0.003906,19.523533,2.184387,0.003906,3.011586,2.870268,1.0,1.0,1,2
33338,-7.301167,0.760854,0.0,19.537338,2.037125,-0.003906,3.011586,2.870268,1.0,1.0,1,2
33353,-7.293881,0.687223,-0.003906,19.556896,3.092503,0.0,3.011586,2.870268,1.0,1.0,1,2
33377,-7.281034,1.374446,0.0,19.584316,3.976075,-0.003906,3.011586,2.870268,1.0,1.0,1,2
33377,-7.265694,2.159843,0.0,19.616339,4.393317,-0.003906,3.011586,2.870268,1.0,1.0,1,2
33379,-7.242876,2.724348,-0.003906,19.658714,4.736929,0.0,3.011586,2.870268,1.0,1.0,1,2
33381,-7.211621,4.000618,-0.007812,19.700132,4.589667,0.003906,3.011586,2.870268,1.0,1.0,1,2
33403,-7.170779,4.786016,0.0,19.735415,4.123337,0.0,3.011586,2.870268,1.0,1.0,1,2
33405,-7.137415,3.583376,0.007812,19.765135,3.60792,0.007812,3.011586,2.870268,1.0,1.0,1,2
33408,-7.116131,1.595339,0.007812,19.795431,3.387027,0.0,3.011586,2.870268,1.0,1.0,1,2
33428,-7.105777,1.104465,0.0,19.824385,3.190677,0.007812,3.011586,2.870268,1.0,1.0,1,2
33429,-7.099833,0.564505,0.003906,19.849695,2.896153,0.0,3.011586,2.870268,1.0,1.0,1,2
33431,-7.094656,0.711766,0.0,19.873089,3.117046,0.0,3.011586,2.870268,1.0,1.0,1,2
33440,-7.083343,1.276271,-0.003906,19.903769,4.049706,0.0,3.011586,2.870268,1.0,1.0,1,2
33460,-7.070112,1.66897,-0.003906,19.946911,5.743219,0.0,3.011586,2.870268,1.0,1.0,1,2
33462,-7.052663,2.920697,-0.011719,19.999258,7.21584,0.0,3.011586,2.870268,1.0,1.0,1,2
33471,-7.015656,5.129628,-0.003906,20.065027,7.289471,0.003906,3.011586,2.870268,1.0,1.0,1,2
33490,-6.963117,5.915025,-0.007812,20.127729,7.21584,0.003906,3.011586,2.870268,1.0,1.0,1,2
33492,-6.905592,6.921316,0.0,20.18928,6.994947,-0.003906,3.011586,2.870268,1.0,1.0,1,2
33492,-6.848643,7.633082,0.003906,20.24316,6.504073,0.0,3.011586,2.870268,1.0,1.0,1,2
33505,-6.782874,6.798597,0.011719,20.301836,6.454986,0.0,3.011586,2.870268,1.0,1.0,1,2
33524,-6.736088,4.442405,0.003906,20.360893,6.994947,0.003906,3.011586,2.870268,1.0,1.0,1,2
33527,-6.700039,3.8779,0.003906,20.412283,5.105084,0.0,3.011586,2.870268,1.0,1.0,1,2
33536,-6.668209,3.951531,0.0,20.448523,4.81056,0.003906,3.011586,2.870268,1.0,1.0,1,2
33551,-6.630051,4.098794,0.0,20.483612,4.295143,0.003906,3.011586,2.870268,1.0,1.0,1,2
33552,-6.600139,2.945241,0.007812,20.518894,4.221512,0.0,3.011586,2.870268,1.0,1.0,1,2
33554,-6.581731,2.061668,0.003906,20.549957,4.025162,0.0,3.011586,2.870268,1.0,1.0,0,2
33570,-6.572335,0.392699,0.003906,20.584663,3.902444,0.0,3.011586,2.870268,1.0,1.0,0,2
33584,-6.575403,-0.687223,0.003906,20.613617,2.896153,0.0,3.263733,2.870268,1.0,1.0,0,2
33585,-6.581156,-1.006291,0.0,20.634518,2.601629,0.003906,3.263733,2.870268,1.0,1.0,0,2
33595,-6.58384,-0.343611,0.0,20.648899,1.104465,0.007812,3.263733,2.870268,1.0,1.0,0,2
33597,-6.582306,-0.122718,0.003906,20.64794,-0.441786,0.003906,3.263733,2.870268,1.0,1.0,0,2
33617,-6.581923,0.147262,0.0,20.642954,-0.26998,0.0,3.263733,2.870268,1.0,1.0,0,2
33618,-6.582498,-0.589048,0.0,20.642954,0.122718,0.0,3.263733,2.870268,1.0,1.0,0,2
33628,-6.582306,0.049087,-0.003906,20.641037,0.122718,0.0,3.263733,2.870268,1.0,1.0,0,2
33646,-6.582498,-0.122718,0.0,20.637394,-0.171806,0.0,3.263733,2.870268,1.0,1.0,0,2
33648,-6.582881,-0.539961,0.0,20.636051,0.098175,0.0,3.263733,2.870268,1.0,1.0,0,2
33649,-6.582881,-0.024544,0.0,20.635094,-0.147262,0.0,3.263733,2.870268,1.0,1.0,0,2
33661,-6.584415,-0.564505,0.003906,20.628189,-1.055378,0.0,3.263733,2.870268,1.0,1.0,0,2
33678,-6.590743,-1.129009,0.0,20.614,-1.988037,0.0,3.263733,2.870268,1.0,1.0,0,1
33681,-6.608384,-2.40528,0.003906,20.585239,-4.123337,0.003906,3.263733,2.870268,1.0,1.0,2,1
33690,-6.635612,-3.33794,0.003906,20.538836,-5.816851,0.0,3.263733,2.870268,1.0,1.0,2,1
33710,-6.66725,-3.387027,0.0,20.481119,-6.675879,0.003906,3.263733,2.870268,1.0,1.0,2,1
33711,-6.69467,-2.822522,0.0,20.410364,-8.541198,0.007812,3.263733,2.870268,1.0,1.0,2,1
33713,-6.720748,-3.14159,0.003906,20.322544,-9.596576,0.0,3.263733,2.870268,1.0,1.0,2,1
33722,-6.755071,-5.497783,0.007812,20.239901,-10.676497,0.0,3.263733,2.870268,1.0,1.0,2,1
33741,-6.81317,-7.780344,0.011719,20.145754,-11.020109,0.003906,3.263733,2.870268,1.0,1.0,2,1
33743,-6.881432,-7.436733,-0.003906,20.049496,-10.921934,0.0,3.263733,2.870268,1.0,1.0,2,1
33752,-6.949502,-8.025781,0.0,19.951706,-10.480148,-0.003906,3.263733,2.870268,1.0,1.0,2,1
33772,-7.01834,-7.191296,0.003906,19.854872,-11.461895,0.003906,3.263733,2.870268,1.0,1.0,2,1
33773,-7.080275,-7.780344,0.003906,19.755739,-11.682788,0.0,3.263733,2.870268,1.0,1.0,2,1
33774,-7.150454,-9.081159,0.0,19.652578,-11.805507,-0.003906,3.263733,2.870268,1.0,1.0,2,1
33787,-7.221784,-6.896772,-0.003906,19.55172,-11.142827,0.003906,3.263733,2.870268,1.0,1.0,2,1
33804,-7.283335,-6.945859,0.0,19.450668,-11.461895,0.0,3.263733,2.870268,1.0,1.0,2,1
33806,-7.343927,-6.823141,0.007812,19.351919,-11.167371,-0.003906,3.263733,2.870268,1.0,1.0,2,1
33816,-7.403752,-6.651335,-0.003906,19.262756,-9.547489,-0.003906,3.263733,2.870268,1.0,1.0,2,1
33834,-7.465495,-7.21584,-0.003906,19.181839,-8.295761,0.0,3.263733,2.870268,1.0,1.0,2,1
33836,-7.531456,-7.044034,-0.007812,19.099579,-8.197587,-0.011719,3.263733,2.870268,1.0,1.0,2,1
33837,-7.584954,-5.350521,-0.007812,19.022497,-7.903063,0.0,3.263733,2.870268,1.0,1.0,2,1
33846,-7.629247,-5.301434,0.0,18.956345,-7.044034,0.003906,3.263733,2.870268,1.0,1.0,2,1
33878,-7.677376,-6.135918,0.0,18.893642,-6.504073,0.0,3.263733,2.870268,1.0,1.0,2,1
33881,-7.727614,-5.105084,-0.003906,18.831326,-6.994947,0.0,3.263733,2.870268,1.0,1.0,2,1
33882,-7.769223,-4.761473,-0.003906,18.767857,-6.062287,-0.007812,3.263733,2.870268,1.0,1.0,2,1
33918,-7.812366,-5.178715,-0.003906,18.712057,-5.792307,0.003906,3.263733,2.870268,1.0,1.0,2,1
33920,-7.856276,-5.055996,0.0,18.65741,-6.454986,0.003906,3.263733,2.870268,1.0,1.0,2,1
33921,-7.894817,-3.951531,-0.003906,18.5949,-7.48582,0.003906,3.263733,2.870268,1.0,1.0,2,1
33922,-7.926648,-3.8779,0.007812,18.527788,-7.534907,0.0,3.263733,2.870268,1.0,1.0,2,1
33929,-7.964805,-4.933278,0.007812,18.462019,-7.01949,0.0,3.263733,2.870268,1.0,1.0,2,1
33931,-8.011209,-6.798597,0.003906,18.409098,-6.209549,0.003906,3.263733,2.870268,1.0,1.0,2,1
33939,-8.069691,-6.430442,-0.007812,18.353298,-6.774054,0.003906,3.263733,2.870268,1.0,1.0,2,1
33959,-8.120313,-4.859647,0.0,18.283503,-7.633082,0.0,3.263733,2.870268,1.0,1.0,2,1
33961,-8.156361,-4.687841,-0.007812,18.225595,-6.798597,0.0,3.263733,2.870268,1.0,1.0,2,1
33963,-8.197395,-4.712385,0.003906,18.16922,-5.694132,0.0,3.263733,2.870268,1.0,1.0,2,1
33973,-8.236128,-4.049706,0.0,18.120518,-5.767763,0.0,3.263733,2.870268,1.0,1.0,2,1
33990,-8.266041,-2.748891,0.003906,18.077183,-4.638754,0.0,3.263733,2.870268,1.0,1.0,2,1
33992,-8.296721,-4.172424,0.007812,18.036915,-4.442405,0.0,3.263733,2.870268,1.0,1.0,2,1
34002,-8.328167,-4.172424,0.0,17.999525,-4.786016,0.0,3.263733,2.870268,1.0,1.0,2,1
34022,-8.363065,-3.583376,0.0,17.95293,-5.448695,-0.003906,3.263733,2.870268,1.0,1.0,2,1
34023,-8.395854,-3.288852,-0.007812,17.907486,-4.786016,-0.007812,3.263733,2.870268,1.0,1.0,2,1
34025,-8.415604,-1.276271,0.0,17.873354,-3.33794,0.0,3.263733,2.870268,1.0,1.0,0,1
34036,-8.422315,-0.589048,0.0,17.852453,-2.037125,0.0,3.263733,2.870268,1.0,1.0,2,1
34055,-8.420781,0.0,0.003906,17.836922,-1.104465,0.0,3.263733,2.870268,1.0,1.0,2,1
34056,-8.420973,0.0,0.0,17.821007,-1.816232,0.0,3.263733,2.870268,1.0,1.0,2,0
34066,-8.420973,-0.073631,0.0,17.807394,-1.840775,0.003906,3.263733,2.870268,1.0,1.0,2,0
34083,-8.420973,-0.147262,0.0,17.788986,-1.767144,0.0,3.263733,2.870268,1.0,1.0,2,0
34085,-8.420973,-0.245437,0.0,17.769619,-1.865319,-0.003906,3.263733,2.870268,1.0,1.0,2,0
34087,-8.420781,0.073631,0.0,17.75543,-1.153553,0.0,3.263733,2.870268,1.0,1.0,2,0
34098,-8.420781,0.0,0.0,17.743732,-0.785398,-0.003906,3.263733,2.870268,1.0,1.0,2,0
34139,-8.420973,-0.245437,0.0,17.740856,0.319068,0.0,3.263733,2.870268,1.0,1.0,2,0
34140,-8.420973,-0.368155,-0.003906,17.74124,0.049087,0.0,3.263733,2.908043,1.0,1.0,2,0
34142,-8.420973,-0.073631,0.0,17.741432,0.319068,0.003906,3.263733,2.908043,1.0,1.0,2,0
34143,-8.425383,-1.055378,0.003906,17.74124,0.0,0.003906,3.263733,2.908043,1.0,1.0,2,0
34144,-8.435162,-1.079922,0.0,17.74124,0.0,-0.003906,3.263733,2.908043,1.0,1.0,2,0
34160,-8.452994,-2.969784,0.007812,17.74124,0.368155,-0.003906,3.263733,2.908043,1.0,1.0,2,0
34163,-8.484249,-4.221512,0.007812,17.740856,0.098175,0.0,3.263733,2.908043,1.0,1.0,2,0
34184,-8.525283,-5.964112,0.007812,17.740282,-0.245437,0.0,3.263733,2.908043,1.0,1.0,2,0
34187,-8.583191,-6.602248,0.003906,17.739323,0.049087,-0.003906,3.263733,2.908043,1.0,1.0,2,0
34191,-8.639948,-6.602248,0.0,17.73798,0.0,0.003906,3.263733,2.908043,1.0,1.0,2,0
34222,-8.700732,-7.314014,0.0,17.737789,0.196349,0.0,3.263733,2.908043,1.0,1.0,2,0
34223,-8.764392,-7.142209,0.0,17.73798,0.368155,0.003906,3.263733,2.91111,1.0,1.0,2,0
34225,-8.812521,-5.988656,0.003906,17.737597,-0.294524,0.0,3.263733,2.91111,1.0,1.0,2,0
34228,-8.871579,-7.191296,0.007812,17.73798,0.26998,0.0,3.263733,2.911303,1.0,1.0,2,0
34242,-8.940608,-7.706713,0.0,17.737789,-0.073631,-0.003906,3.263733,2.911303,1.0,1.0,2,0
34243,-9.003884,-7.21584,-0.007812,17.737789,0.0,0.0,3.263733,2.911303,1.0,1.0,2,0
34251,-9.069078,-7.682169,0.0,17.73798,0.564505,0.003906,3.263733,2.911303,1.0,1.0,2,0
34252,-9.131205,-6.454986,0.0,17.737789,0.613592,0.0,3.263733,2.911303,1.0,1.0,2,0
34274,-9.182593,-6.798597,0.003906,17.736446,-0.220893,0.0,3.263733,2.911303,1.0,1.0,2,0
34276,-9.247404,-7.95215,0.0,17.734529,0.171806,0.003906,3.263733,2.911303,1.0,1.0,2,0
34284,-9.309147,-6.062287,-0.003906,17.728394,-0.122718,0.003906,3.263733,2.911303,1.0,1.0,2,0
34304,-9.36111,-6.086831,0.0,17.722641,-0.294524,-0.003906,3.263733,2.911303,1.0,1.0,2,0
34305,-9.413074,-6.234093,0.003906,17.722065,0.171806,0.0,3.263733,2.911303,1.0,1.0,2,0
34315,-9.467147,-5.841394,0.0,17.721874,-0.171806,-0.003906,3.263733,2.911303,1.0,1.0,2,0
34317,-9.512015,-5.767763,0.0,17.722065,0.147262,0.0,3.263733,2.927025,1.0,1.0,2,0
34335,-9.569923,-7.461277,0.0,17.722065,-0.122718,0.0,3.263733,2.927025,1.0,1.0,2,0
34336,-9.632625,-6.896772,-0.007812,17.722448,0.220893,-0.003906,3.263733,2.927025,1.0,1.0,2,0
34346,-9.686122,-5.988656,0.0,17.723217,0.196349,-0.003906,3.263733,2.927025,1.0,1.0,2,0
34366,-9.741345,-6.847685,0.003906,17.723217,-0.049087,-0.003906,3.263733,2.927025,1.0,1.0,2,0
34367,-9.806156,-7.093122,0.0,17.7236,0.515417,0.003906,3.263733,2.927025,1.0,1.0,2,0
34368,-9.865406,-6.28318,-0.003906,17.723408,0.024544,0.0,3.263733,2.927025,1.0,1.0,2,0
34379,-9.916602,-6.28318,-0.007812,17.723217,-0.098175,0.0,3.263733,2.927025,1.0,1.0,2,0
34396,-9.971442,-5.988656,-0.007812,17.723024,0.147262,0.0,3.263733,2.927025,1.0,1.0,2,0
34398,-10.009216,-3.411571,-0.007812,17.722641,0.539961,0.003906,3.263733,2.927025,1.0,1.0,2,0
34416,-10.033185,-3.018872,0.0,17.720915,0.26998,0.0,3.263733,2.927025,1.0,1.0,2,0
34428,-10.05792,-2.920697,0.0,17.718615,-0.220893,0.0,3.263733,2.927025,1.0,1.0,2,0
34429,-10.085916,-2.896153,-0.003906,17.716312,-0.368155,0.0,3.263733,2.927025,1.0,1.0,2,0
34431,-10.117554,-3.485202,0.0,17.714972,0.024544,0.003906,3.263733,2.927025,1.0,1.0,2,0
34441,-10.146124,-2.724348,-0.007812,17.714972,0.245437,0.003906,3.263733,2.927025,1.0,1.0,2,0
34461,-10.157437,-0.098175,-0.019531,17.715546,0.589048,-0.003906,3.263733,2.927025,1.0,1.0,2,0
34462,-10.150343,0.711766,0.0,17.716122,0.392699,0.0,3.263733,2.927025,1.0,1.0,2,0
34472,-10.144015,0.220893,0.007812,17.716888,-0.049087,0.003906,3.263733,2.927025,1.0,1.0,2,0
34489,-10.143824,-0.245437,0.0,17.718615,0.539961,0.003906,3.263733,2.927025,1.0,1.0,2,0
34491,-10.142864,0.638135,-0.003906,17.719574,0.147262,0.0,3.263733,2.927025,1.0,1.0,2,0
34493,-10.140756,0.073631,0.0,17.719957,-0.122718,0.0,3.263733,2.927025,1.0,1.0,2,0
34502,-10.131743,1.963494,-0.007812,17.720148,0.024544,0.0,3.263733,2.927025,1.0,1.0,1,0
34523,-10.096078,4.859647,-0.007812,17.721491,0.171806,0.003906,3.263733,2.927025,1.0,1.0,1,0
34524,-10.043156,6.454986,-0.003906,17.725134,0.613592,0.0,3.263733,2.927025,1.0,1.0,1,0
34536,-9.977962,7.657626,-0.019531,17.731653,0.785398,0.003906,3.263733,2.927025,1.0,1.0,1,0
34564,-9.910083,7.95215,-0.011719,17.733379,0.024544,0.0,3.263733,2.927025,1.0,1.0,1,0
34565,-9.832617,9.179334,0.0,17.73568,0.687223,-0.003906,3.263733,2.927025,1.0,1.0,1,0
34567,-9.746715,8.860266,0.0,17.746418,1.840775,-0.003906,3.263733,2.927025,1.0,1.0,1,2
34569,-9.665606,8.811178,-0.003906,17.774029,3.926988,-0.003906,3.263733,2.927025,1.0,1.0,1,2
34586,-9.58392,10.185624,0.0,17.807968,4.859647,-0.003906,3.263733,2.927025,1.0,1.0,1,2
34588,-9.49054,10.332887,0.007812,17.854946,6.209549,0.0,3.263733,2.927025,1.0,1.0,1,2
34598,-9.397925,9.842012,-0.003906,17.913622,7.01949,0.003906,3.263733,2.927025,1.0,1.0,1,2
34616,-9.307996,10.013819,-0.007812,17.974598,6.553161,0.003906,3.263733,2.927025,1.0,1.0,1,2
34617,-9.208287,11.069197,0.011719,18.025986,5.620501,0.003906,3.263733,2.927025,1.0,1.0,1,2
34618,-9.129096,9.743838,0.003906,18.064528,5.178715,-0.003906,3.263733,2.927025,1.0,1.0,1,2
34629,-9.044919,9.007528,0.0,18.10767,4.884191,0.0,3.263733,2.927025,1.0,1.0,1,2
34646,-8.970521,8.001237,0.003906,18.150812,4.761473,0.0,3.263733,2.927025,1.0,1.0,1,2
34647,-8.896315,7.731257,0.003906,18.195683,5.203259,0.0,3.263733,2.927025,1.0,1.0,1,2
34659,-8.842433,5.620501,0.003906,18.238441,5.301434,0.0,3.263733,2.927025,1.0,1.0,1,2
34660,-8.79603,4.859647,0.0,18.286379,4.859647,0.003906,3.263733,2.927025,1.0,1.0,1,2
34678,-8.748285,5.497783,-0.011719,18.324535,4.172424,0.0,3.263733,2.927025,1.0,1.0,1,2
34680,-8.705142,4.565123,0.0,18.354258,4.07425,-0.003906,3.263733,2.927025,1.0,1.0,1,2
34691,-8.663342,4.368774,0.007812,18.392223,4.442405,-0.003906,3.263733,2.927025,1.0,1.0,1,2
34710,-8.626526,3.828813,0.003906,18.441118,6.430442,0.0,3.263733,2.927025,1.0,1.0,1,2
34711,-8.589902,4.196968,-0.003906,18.495575,6.037744,-0.003906,3.263733,2.927025,1.0,1.0,1,2
34712,-8.555196,3.902444,0.0,18.544279,6.135918,0.0,3.263733,2.927025,1.0,1.0,1,2
34723,-8.524899,2.40528,0.0,18.596817,5.890481,0.003906,3.263733,2.927025,1.0,1.0,1,2
34743,-8.500931,2.552542,-0.003906,18.642071,5.031453,0.003906,3.263733,2.927025,1.0,1.0,1,2
34744,-8.474278,3.583376,-0.007812,18.684063,5.154171,0.0,3.263733,2.927025,1.0,1.0,1,2
34752,-8.444941,3.902444,-0.007812,18.725481,5.694132,-0.003906,3.263733,2.927025,1.0,1.0,1,2
34772,-8.399689,5.816851,-0.003906,18.781855,6.774054,0.0,3.263733,2.927025,1.0,1.0,1,2
34776,-8.350793,4.786016,0.003906,18.845322,6.921316,0.003906,3.263733,2.927025,1.0,1.0,1,2
34777,-8.310334,4.147881,0.007812,18.903805,6.454986,0.003906,3.263733,2.927025,1.0,1.0,1,2
34784,-8.278888,3.313396,0.0,18.952126,6.209549,0.0,3.263733,2.927025,1.0,1.0,1,2
34804,-8.240922,4.368774,-0.007812,18.99872,5.105084,0.003906,3.263733,2.927025,1.0,1.0,1,2
34805,-8.198737,4.663298,0.0,19.039371,4.663298,0.0,3.263733,2.927025,1.0,1.0,1,2
34815,-8.166141,4.196968,0.0,19.077911,5.08054,0.0,3.263733,2.927025,1.0,1.0,1,2
34833,-8.129133,4.196968,0.0,19.126232,5.54687,0.003906,3.263733,2.927025,1.0,1.0,1,2
34835,-8.08599,5.08054,-0.007812,19.174744,5.448695,0.0,3.263733,2.927025,1.0,1.0,1,2
34837,-8.030191,6.234093,0.003906,19.217312,4.81056,0.0,3.263733,2.927025,1.0,1.0,1,2
34848,-7.986473,4.687841,0.003906,19.255087,5.203259,0.0,3.263733,2.927025,1.0,1.0,1,2
34866,-7.948507,3.976075,0.003906,19.299765,5.399608,0.0,3.263733,2.927025,1.0,1.0,1,2
34868,-7.911883,4.491492,-0.003906,19.342907,5.055996,0.0,3.263733,2.927025,1.0,1.0,1,2
34877,-7.863563,5.203259,-0.007812,19.382982,4.07425,0.0,3.263733,2.927025,1.0,1.0,1,2
34879,-7.822912,4.957822,0.0,19.417305,4.417861,0.0,3.263733,2.927025,1.0,1.0,1,2
34901,-7.782837,4.270599,0.0,19.454121,4.466949,0.0,3.263733,2.927025,1.0,1.0,1,2
34902,-7.745063,3.976075,0.0,19.48806,3.706095,0.0,3.263733,2.927025,1.0,1.0,1,2
34910,-7.708822,4.295143,0.0,19.512794,3.117046,0.0,3.263733,2.927025,1.0,1.0,1,2
34928,-7.671432,3.387027,0.007812,19.537914,2.945241,0.003906,3.263733,2.927025,1.0,1.0,1,2
34929,-7.646313,2.552542,0.003906,19.560541,2.773435,0.0,3.263733,2.927025,1.0,1.0,1,2
34931,-7.62848,2.037125,-0.003906,19.585852,3.534289,-0.003906,3.263733,2.927025,1.0,1.0,1,2
34940,-7.605854,2.896153,-0.003906,19.621325,4.466949,-0.003906,3.263733,2.927025,1.0,1.0,1,2
34960,-7.5769,3.755182,-0.007812,19.665426,5.227802,0.0,3.263733,2.927025,1.0,1.0,1,2
34961,-7.534332,5.448695,0.0,19.713938,5.816851,0.0,3.263733,2.927025,1.0,1.0,1,2
34972,-7.491765,4.933278,0.003906,19.758999,5.399608,0.003906,3.263733,2.927025,1.0,1.0,1,2
34990,-7.450347,4.196968,0.007812,19.811922,6.209549,0.0,3.263733,2.927025,1.0,1.0,1,2
34991,-7.417175,2.945241,0.003906,19.859474,5.129628,0.0,3.263733,2.927025,1.0,1.0,1,2
34993,-7.392439,2.87161,0.0,19.894373,4.368774,0.003906,3.263733,2.927025,1.0,1.0,1,2
35002,-7.363677,3.067959,0.0,19.930038,4.417861,0.0,3.263733,2.927025,1.0,1.0,1,2
35022,-7.337983,2.699804,0.003906,19.971647,5.203259,0.0,3.263733,2.927025,1.0,1.0,1,2
35024,-7.322068,1.448077,0.0,20.013832,5.620501,0.0,3.263733,2.927025,1.0,1.0,1,2
35035,-7.309221,1.521708,0.0,20.058701,4.859647,0.003906,3.263733,2.927025,1.0,1.0,1,2
35037,-7.297141,1.030834,0.0,20.095707,4.638754,0.0,3.263733,2.927025,1.0,1.0,1,2
35054,-7.285253,1.718057,0.0,20.131948,4.540579,0.0,3.263733,2.927025,1.0,1.0,1,2
35056,-7.272405,1.693513,0.0,20.168571,5.27689,0.0,3.263733,2.927025,1.0,1.0,1,2
35066,-7.254765,1.865319,0.0,20.213249,5.743219,-0.003906,3.263733,2.927025,1.0,1.0,1,2
35084,-7.230029,3.460658,0.0,20.257351,4.638754,0.0,3.263733,2.927025,1.0,1.0,1,2
35085,-7.198583,4.687841,-0.003906,20.296659,4.835104,0.0,3.263733,2.927025,1.0,1.0,1,2
35087,-7.15448,4.663298,0.007812,20.339609,4.859647,0.0,3.263733,2.927025,1.0,1.0,1,2
35097,-7.118815,2.994328,0.003906,20.378344,3.902444,0.003906,3.263733,2.927025,1.0,1.0,1,2
35116,-7.095039,2.601629,0.007812,20.403845,2.87161,0.003906,3.263733,2.927025,1.0,1.0,1,2
35118,-7.076439,1.374446,0.007812,20.422253,1.988037,0.003906,3.263733,2.927025,1.0,1.0,0,2
35127,-7.070303,0.319068,0.0,20.434717,1.398989,-0.007812,3.263733,2.927025,1.0,1.0,0,2
35146,-7.070112,-0.417242,-0.003906,20.452358,2.184387,-0.003906,3.263733,2.927025,1.0,1.0,0,2
35148,-7.06992,0.319068,-0.003906,20.4723,2.552542,0.0,3.263733,2.927025,1.0,1.0,0,2
35149,-7.070112,-0.294524,-0.003906,20.493391,3.288852,-0.003906,3.263733,2.927025,1.0,1.0,0,2
35171,-7.06992,0.0,0.003906,20.521194,3.485202,0.0,3.263733,2.927025,1.0,1.0,0,2
35173,-7.070112,-0.098175,-0.003906,20.548615,3.166134,0.0,3.263733,2.927025,1.0,1.0,0,2
35190,-7.071071,-0.319068,0.0,20.576611,3.215221,0.003906,3.263733,2.927025,1.0,1.0,0,2
35191,-7.072029,-0.319068,0.0,20.599428,2.527998,0.007812,3.263733,2.927025,1.0,1.0,0,2
35214,-7.072221,-0.073631,-0.003906,20.614,2.282562,0.0,3.263733,2.927025,1.0,1.0,0,0
35215,-7.069537,0.490873,0.0,20.627039,0.957203,0.003906,3.263733,2.927025,1.0,1.0,0,0
35217,-7.057265,1.963494,-0.003906,20.631641,0.46633,0.0,3.263733,2.927025,1.0,1.0,0,0
35220,-7.031762,3.706095,-0.007812,20.631834,-0.024544,0.0,3.263733,2.927025,1.0,1.0,0,0
35243,-7.001658,3.755182,-0.003906,20.631834,0.245437,0.0,3.263733,2.927025,1.0,1.0,0,0
35244,-6.969444,3.166134,0.0,20.631451,0.220893,-0.003906,3.263733,2.927025,1.0,1.0,0,0
35252,-6.947393,1.693513,0.0,20.630491,0.049087,0.0,3.263733,2.927025,1.0,1.0,0,0
35253,-6.933971,1.129009,0.003906,20.629532,-0.024544,0.0,3.263733,2.927025,1.0,1.0,0,0
35275,-6.927643,0.441786,0.003906,20.625315,-0.73631,-0.003906,3.263733,2.927025,1.0,1.0,0,0
35277,-6.929177,-0.638135,0.0,20.618793,-0.613592,0.003906,3.263733,2.927025,1.0,1.0,0,0
35282,-6.931095,0.049087,0.0,20.61285,-0.490873,0.0,3.263733,2.927025,1.0,1.0,0,0
35305,-6.931287,-0.589048,0.0,20.609591,-0.171806,0.0,3.263733,2.927025,1.0,1.0,0,0
35306,-6.93167,-0.073631,0.0,20.596552,-3.067959,0.007812,3.263733,2.927025,1.0,1.0,0,1
35313,-6.936656,-1.153553,0.0,20.553408,-5.448695,0.007812,3.263733,2.927025,1.0,1.0,0,1
35315,-6.947202,-1.816232,0.003906,20.503937,-6.553161,-0.003906,3.263733,2.927025,1.0,1.0,2,1
35337,-6.969828,-3.288852,0.0,20.440853,-7.559451,0.007812,3.263733,2.927025,1.0,1.0,2,1
35338,-7.001083,-4.221512,0.003906,20.360703,-9.498402,0.0,3.263733,2.927025,1.0,1.0,2,1
35366,-7.032721,-3.558833,0.003906,20.271732,-9.670207,-0.007812,3.263733,2.927025,1.0,1.0,2,1
35368,-7.065318,-4.07425,0.007812,20.18276,-9.792926,0.003906,3.263733,2.927025,1.0,1.0,2,1
35369,-7.113063,-6.405899,0.007812,20.093407,-10.16108,0.0,3.263733,2.927025,1.0,1.0,2,1
35388,-7.175573,-7.436733,0.0,19.995998,-10.431061,0.0,3.263733,2.927025,1.0,1.0,2,1
35389,-7.236165,-6.798597,0.0,19.901276,-10.455605,0.003906,3.263733,2.927025,1.0,1.0,2,1
35391,-7.293689,-6.307724,0.003906,19.805401,-10.750129,0.003906,3.263733,2.927025,1.0,1.0,2,1
35412,-7.35524,-7.044034,0.003906,19.705885,-10.82376,-0.007812,3.263733,2.927025,1.0,1.0,2,1
35414,-7.41775,-7.534907,0.003906,19.6056,-11.314633,0.0,3.263733,2.927025,1.0,1.0,2,1
35430,-7.486012,-8.001237,-0.003906,19.506275,-11.265546,0.003906,3.263733,2.927025,1.0,1.0,2,1
35431,-7.555425,-7.289471,-0.007812,19.40369,-11.069197,0.0,3.263733,2.927025,1.0,1.0,2,1
35439,-7.613141,-7.01949,0.003906,19.303408,-10.332887,0.0,3.263733,2.927025,1.0,1.0,2,1
35441,-7.6745,-7.976694,0.003906,19.212519,-9.694751,0.0,3.263733,2.927025,1.0,1.0,2,1
35461,-7.734708,-7.461277,-0.003906,19.131218,-10.799216,0.0,3.263733,2.927025,1.0,1.0,2,1
35463,-7.805655,-7.731257,-0.007812,19.031126,-9.645663,0.0,3.263733,2.927025,1.0,1.0,2,1
35480,-7.862029,-7.21584,-0.007812,18.954618,-9.081159,0.0,3.263733,2.927025,1.0,1.0,2,1
35481,-7.917444,-5.227802,-0.003906,18.873125,-9.081159,0.0,3.263733,2.927025,1.0,1.0,2,1
35502,-7.967106,-6.405899,0.003906,18.7924,-9.056615,0.0,3.263733,2.927025,1.0,1.0,2,1
35503,-8.025781,-7.682169,0.0,18.716276,-8.074868,-0.003906,3.263733,2.927025,1.0,1.0,2,1
35505,-8.086182,-6.381355,-0.011719,18.646288,-7.903063,0.003906,3.263733,2.927025,1.0,1.0,2,1
35523,-8.138529,-5.939569,0.0,18.574575,-7.706713,0.0,3.263733,2.927025,1.0,1.0,2,1
35525,-8.191259,-6.037744,0.007812,18.501711,-8.295761,0.0,3.263733,2.927025,1.0,1.0,2,1
35534,-8.245332,-5.964112,0.003906,18.432873,-7.01949,0.0,3.263733,2.927025,1.0,1.0,2,1
35555,-8.298446,-6.700423,0.007812,18.371899,-6.528617,0.0,3.263733,2.927025,1.0,1.0,2,1
35559,-8.352519,-6.970403,0.0,18.316675,-7.559451,0.0,3.263733,2.927025,1.0,1.0,2,1
35563,-8.414645,-6.921316,-0.003906,18.246878,-7.608539,0.0,3.263733,2.927025,1.0,1.0,2,1
35565,-8.46239,-5.129628,0.0,18.178041,-6.74951,-0.011719,3.263733,2.927025,1.0,1.0,2,1
35587,-8.507258,-5.031453,0.003906,18.116299,-6.724967,0.0,3.263733,2.927025,1.0,1.0,2,1
35588,-8.557305,-5.816851,0.0,18.060883,-5.743219,0.0,3.263733,2.927025,1.0,1.0,2,1
35596,-8.607351,-5.448695,-0.007812,18.008728,-5.399608,0.003906,3.263733,2.927025,1.0,1.0,2,1
35616,-8.653178,-5.448695,-0.003906,17.951971,-6.111374,0.0,3.263733,2.927025,1.0,1.0,2,1
35617,-8.701307,-5.620501,-0.003906,17.895597,-5.522326,0.0,3.263733,2.927025,1.0,1.0,2,1
35627,-8.74886,-5.105084,-0.007812,17.85207,-3.902444,-0.003906,3.263733,2.927025,1.0,1.0,2,1
35629,-8.783951,-3.043416,0.0,17.821966,-2.920697,0.0,3.263733,2.927025,1.0,1.0,2,1
35647,-8.81022,-2.773435,0.003906,17.797806,-2.67526,0.003906,3.263733,2.927025,1.0,1.0,2,1
35649,-8.837448,-3.730638,0.007812,17.774988,-2.896153,-0.003906,3.263733,2.927025,1.0,1.0,2,1
35658,-8.878482,-5.424152,0.007812,17.749868,-2.773435,0.003906,3.263733,2.927025,1.0,1.0,2,1
35680,-8.928528,-6.111374,0.0,17.729353,-1.988037,0.0,3.263733,2.927025,1.0,1.0,2,0
35681,-8.972054,-4.368774,-0.007812,17.714205,-1.079922,0.0,3.263733,2.927025,1.0,1.0,2,0
35689,-9.011938,-4.663298,-0.007812,17.705193,-1.030834,0.0,3.263733,2.927025,1.0,1.0,2,0
35694,-9.05163,-4.540579,0.0,17.699247,-0.392699,0.0,3.263733,2.927025,1.0,1.0,2,0
35711,-9.091514,-4.712385,0.0,17.699057,0.417242,0.0,3.263733,2.927025,1.0,1.0,2,0
35713,-9.125069,-3.485202,-0.003906,17.699247,0.0,0.0,3.263733,2.949842,1.0,1.0,2,0
35724,-9.15038,-3.951531,0.003906,17.69944,0.343611,-0.003906,3.263733,2.949842,1.0,1.0,2,0
35742,-9.184703,-4.270599,0.007812,17.699247,-0.122718,-0.003906,3.263733,2.949842,1.0,1.0,2,0
35743,-9.22823,-5.448695,0.0,17.699247,-0.122718,0.0,3.263733,2.949842,1.0,1.0,2,0
35745,-9.274824,-4.859647,-0.007812,17.699631,0.490873,0.0,3.263733,2.949842,1.0,1.0,2,0
35752,-9.308572,-2.847066,-0.007812,17.69944,0.245437,0.0,3.263733,2.949842,1.0,1.0,2,0
35772,-9.327363,-1.742601,0.0,17.69944,0.245437,0.0,3.263733,2.949842,1.0,1.0,2,0
35774,-9.341168,-1.693513,0.007812,17.699247,0.171806,0.0,3.263733,2.949842,1.0,1.0,2,0
35784,-9.35459,-1.816232,0.0,17.698864,0.0,0.003906,3.263733,2.949842,1.0,1.0,2,0
35806,-9.369164,-1.619882,0.007812,17.698481,-0.024544,0.0,3.263733,2.949842,1.0,1.0,2,0
35807,-9.386805,-1.988037,0.003906,17.697521,-0.294524,0.0,3.263733,2.949842,1.0,1.0,2,0
35809,-9.410197,-2.87161,0.003906,17.695221,0.122718,-0.003906,3.263733,2.949842,1.0,1.0,2,0
35828,-9.440302,-3.730638,0.003906,17.690428,-0.515417,0.0,3.263733,2.949842,1.0,1.0,2,0
35830,-9.472707,-3.509745,0.0,17.677773,-1.767144,0.003906,3.263733,2.949842,1.0,1.0,2,0
35856,-9.501853,-4.07425,0.007812,17.660131,-2.307105,0.0,3.263733,2.949842,1.0,1.0,2,0
35858,-9.544996,-5.031453,0.0,17.638081,-2.012581,0.0,3.263733,2.949842,1.0,1.0,2,0
35878,-9.595809,-6.111374,-0.007812,17.612003,-2.87161,0.0,3.263733,2.949842,1.0,1.0,2,0
35883,-9.643362,-4.957822,-0.011719,17.585157,-2.699804,0.0,3.263733,2.949842,1.0,1.0,2,0
35886,-9.679028,-4.172424,-0.003906,17.565983,-1.374446,0.0,3.263733,2.949842,1.0,1.0,2,0
35888,-9.713734,-4.442405,0.003906,17.552561,-1.497164,0.0,3.263733,2.949842,1.0,1.0,2,0
35899,-9.753042,-4.638754,0.0,17.545082,-0.098175,-0.007812,3.263733,2.949842,1.0,1.0,2,0
35900,-9.800979,-5.988656,0.003906,17.544891,0.196349,0.0,3.263733,2.949842,1.0,1.0,2,0
35907,-9.839904,-4.687841,0.0,17.545275,0.171806,0.0,3.263733,2.949842,1.0,1.0,2,0
35931,-9.882471,-5.27689,-0.003906,17.546041,0.245437,-0.003906,3.263733,2.949842,1.0,1.0,2,0
35933,-9.927916,-5.424152,0.0,17.547384,0.343611,0.0,3.263733,2.949842,1.0,1.0,2,0
35934,-9.973743,-5.006909,0.0,17.548342,0.196349,0.0,3.263733,2.949842,1.0,1.0,2,0
35940,-10.008833,-3.436114,-0.003906,17.548151,-0.024544,0.0,3.263733,2.949842,1.0,1.0,2,0
35963,-10.03587,-3.411571,0.003906,17.547001,0.147262,0.0,3.263733,2.949842,1.0,1.0,2,0
35964,-10.068274,-4.098794,0.003906,17.544508,-0.073631,0.0,3.263733,2.949842,1.0,1.0,2,0
35980,-10.108733,-5.497783,0.003906,17.544315,0.196349,0.0,3.263733,2.949842,1.0,1.0,2,0
35981,-10.146507,-4.540579,-0.003906,17.543932,-0.122718,0.0,3.263733,2.949842,1.0,1.0,2,0
35983,-10.174887,-2.356193,-0.011719,17.545851,0.343611,0.0,3.263733,2.949842,1.0,1.0,2,0
36004,-10.177187,0.760854,-0.007812,17.546234,0.245437,0.0,3.263733,2.949842,1.0,1.0,2,0
36006,-10.1676,1.129009,0.0,17.547958,0.319068,0.0,3.263733,2.949842,1.0,1.0,2,0
36025,-10.162423,0.098175,0.003906,17.548725,-0.073631,0.0,3.263733,2.949842,1.0,1.0,2,0
36026,-10.161272,0.220893,0.003906,17.54911,0.220893,0.0,3.263733,2.949842,1.0,1.0,2,0
36034,-10.16108,0.0,0.0,17.549877,0.171806,0.0,3.263733,2.949842,1.0,1.0,2,0
36053,-10.160505,0.098175,0.0,17.549685,0.0,0.0,3.263733,2.949842,1.0,1.0,2,0
36055,-10.159547,0.024544,0.0,17.551027,0.220893,0.0,3.263733,2.949842,1.0,1.0,2,0
36056,-10.153028,1.66897,0.0,17.551794,0.171806,0.0,3.263733,2.949842,1.0,1.0,2,0
36067,-10.137304,1.816232,0.0,17.551987,0.343611,0.0,3.263733,2.949842,1.0,1.0,2,0
36086,-10.118129,2.87161,-0.003906,17.551987,0.171806,0.0,3.263733,2.949842,1.0,1.0,1,0
36088,-10.090901,3.362483,0.0,17.552944,0.539961,-0.007812,3.263733,2.949842,1.0,1.0,1,0
36095,-10.060413,2.945241,0.0,17.558121,0.834485,0.0,3.263733,2.949842,1.0,1.0,1,0
36097,-10.025131,4.295143,-0.003906,17.565216,1.079922,0.0,3.263733,2.949842,1.0,1.0,1,0
36117,-9.974702,6.675879,-0.019531,17.578064,1.718057,0.0,3.263733,2.949842,1.0,1.0,1,0
36118,-9.911617,6.553161,0.0,17.595129,2.601629,0.0,3.263733,2.949842,1.0,1.0,1,0
36129,-9.857161,6.651335,0.003906,17.612194,2.159843,0.003906,3.263733,2.949842,1.0,1.0,1,2
36146,-9.792926,7.48582,0.003906,17.631561,2.159843,0.003906,3.263733,2.949842,1.0,1.0,1,2
36148,-9.732525,5.890481,0.0,17.651503,2.822522,0.003906,3.263733,2.949842,1.0,1.0,1,2
36149,-9.685355,5.54687,-0.007812,17.671637,3.239765,-0.003906,3.263733,2.949842,1.0,1.0,1,2
36159,-9.621695,7.657626,-0.011719,17.696371,3.288852,0.0,3.263733,2.949842,1.0,1.0,1,2
36179,-9.546913,8.197587,0.007812,17.724751,3.583376,0.0,3.263733,2.949842,1.0,1.0,1,2
36181,-9.480377,7.166752,0.003906,17.755238,3.60792,0.0,3.263733,2.949842,1.0,1.0,1,2
36190,-9.424004,6.381355,0.0,17.783808,3.8779,0.0,3.263733,2.949842,1.0,1.0,1,2
36210,-9.368972,6.086831,0.0,17.816406,3.902444,0.0,3.263733,2.949842,1.0,1.0,1,2
36212,-9.318351,5.473239,0.0,17.858398,5.325977,0.0,3.263733,2.949842,1.0,1.0,1,2
36213,-9.267154,6.381355,0.0,17.906336,6.504073,0.0,3.263733,2.949842,1.0,1.0,1,2
36221,-9.21289,5.031453,0.019531,17.964819,6.086831,0.003906,3.263733,2.949842,1.0,1.0,1,2
36242,-9.175691,3.730638,0.0,18.017164,5.399608,0.003906,3.263733,2.949842,1.0,1.0,1,2
36244,-9.151339,2.920697,0.0,18.059925,5.473239,0.0,3.263733,2.949842,1.0,1.0,1,2
36251,-9.121426,3.902444,-0.003906,18.110929,6.135918,-0.003906,3.263733,2.949842,1.0,1.0,1,2
36253,-9.080009,4.736929,-0.007812,18.165003,6.405899,0.003906,3.263733,2.949842,1.0,1.0,1,2
36274,-9.038783,4.270599,0.0,18.221376,6.798597,0.0,3.263733,2.949842,1.0,1.0,1,2
36276,-9.004269,4.491492,0.0,18.272573,5.915025,0.003906,3.263733,2.949842,1.0,1.0,1,2
36282,-8.958249,5.497783,-0.003906,18.324345,5.203259,0.003906,3.263733,2.949842,1.0,1.0,1,2
36304,-8.895931,6.872229,0.003906,18.366337,4.565123,-0.003906,3.263733,2.949842,1.0,1.0,1,2
36306,-8.845501,5.718676,0.003906,18.404112,4.933278,-0.003906,3.263733,2.949842,1.0,1.0,1,2
36313,-8.791237,6.74951,-0.007812,18.452433,5.694132,0.0,3.263733,2.949842,1.0,1.0,1,2
36315,-8.721825,8.565742,-0.007812,18.500944,5.301434,0.0,3.263733,2.949842,1.0,1.0,1,2
36336,-8.648193,8.148499,0.007812,18.547346,5.227802,0.003906,3.263733,2.949842,1.0,1.0,1,2
36338,-8.581081,8.197587,0.0,18.586081,4.687841,0.007812,3.263733,2.949842,1.0,1.0,1,2
36348,-8.505725,8.099412,-0.003906,18.62443,4.000618,0.0,3.263733,2.949842,1.0,1.0,1,2
36366,-8.43497,7.804888,0.0,18.65741,3.288852,0.003906,3.263733,2.949842,1.0,1.0,1,2
36367,-8.352519,9.252965,0.007812,18.689816,3.8779,0.0,3.263733,2.949842,1.0,1.0,1,2
36369,-8.283298,7.853975,0.003906,18.726439,5.252346,-0.003906,3.263733,2.949842,1.0,1.0,1,2
36382,-8.207558,8.737548,-0.003906,18.778978,6.528617,0.0,3.263733,2.949842,1.0,1.0,1,2
36421,-8.1299,8.541198,0.0,18.833433,6.74951,0.003906,3.263733,2.949842,1.0,1.0,1,2
36422,-8.05742,9.547489,0.0,18.876961,5.522326,0.0,3.263733,2.949842,1.0,1.0,1,2
36424,-7.963463,8.320305,0.0,18.930458,5.865938,-0.003906,3.263733,2.949842,1.0,1.0,1,2
36425,-7.902104,7.436733,-0.003906,18.975327,5.792307,0.0,3.263733,2.949842,1.0,1.0,1,2
36426,-7.830966,7.21584,0.0,19.024031,4.982366,0.0,3.263733,2.949842,1.0,1.0,1,2
36443,-7.770949,7.436733,0.007812,19.066023,5.325977,0.0,3.263733,2.949842,1.0,1.0,1,2
36445,-7.701536,8.222131,0.003906,19.11396,5.718676,0.0,3.263733,2.949842,1.0,1.0,1,2
36475,-7.636917,6.258636,0.003906,19.161514,5.399608,0.003906,3.263733,2.949842,1.0,1.0,1,2
36476,-7.589172,5.595957,0.0,19.200054,4.859647,0.003906,3.263733,2.949842,1.0,1.0,1,2
36477,-7.528005,7.608539,0.0,19.239939,5.105084,0.0,3.263733,2.949842,1.0,1.0,1,2
36479,-7.464345,6.528617,0.003906,19.284807,5.595957,-0.003906,3.263733,2.949842,1.0,1.0,1,2
36493,-7.411997,5.325977,0.003906,19.337921,6.577704,-0.007812,3.263733,2.949842,1.0,1.0,1,2
36494,-7.368662,5.743219,0.0,19.385859,5.964112,0.0,3.263733,2.949842,1.0,1.0,1,2
36502,-7.320342,4.712385,0.0,19.435904,5.424152,0.003906,3.263733,2.949842,1.0,1.0,1,2
36524,-7.281609,3.8779,0.0,19.480965,5.375064,0.003906,3.263733,2.949842,1.0,1.0,1,2
36525,-7.250738,3.706095,0.0,19.51759,4.638754,0.0,3.263733,2.949842,1.0,1.0,1,2
36527,-7.213155,4.589667,-0.007812,19.555555,4.123337,0.0,3.263733,2.949842,1.0,1.0,1,2
36539,-7.165794,5.055996,0.0,19.595821,5.105084,0.0,3.263733,2.949842,1.0,1.0,1,2
36555,-7.128787,3.804269,0.011719,19.639732,6.258636,0.0,3.263733,2.949842,1.0,1.0,1,2
36557,-7.102325,1.889863,0.011719,19.690929,5.939569,0.0,3.263733,2.949842,1.0,1.0,1,2
36568,-7.086602,1.816232,0.003906,19.735798,4.933278,0.003906,3.263733,2.949842,1.0,1.0,0,2
36595,-7.076631,0.441786,0.0,19.775297,4.417861,0.0,3.263733,2.949842,1.0,1.0,0,2
36598,-7.077207,-0.441786,0.007812,19.807894,4.442405,0.0,3.263733,2.949842,1.0,1.0,0,2
36600,-7.079891,0.122718,0.0,19.845285,4.295143,-0.003906,3.263733,2.949842,1.0,1.0,0,2
36601,-7.080466,-0.515417,0.0,19.883251,4.516036,0.0,3.263733,2.949842,1.0,1.0,0,2
36616,-7.080658,-0.196349,0.003906,19.918724,4.835104,-0.003906,3.263733,2.949842,1.0,1.0,0,2
36618,-7.08085,0.0,0.0,19.963785,5.522326,0.0,3.263733,2.949842,1.0,1.0,0,2
36627,-7.080658,-0.368155,0.003906,20.012106,4.957822,0.0,3.263733,2.949842,1.0,1.0,0,2
36629,-7.080082,0.049087,0.003906,20.056782,5.031453,0.003906,3.263733,2.949842,1.0,1.0,0,2
36649,-7.080082,-0.392699,0.003906,20.087078,3.828813,0.0,3.263733,2.949842,1.0,1.0,0,2
36650,-7.079507,0.490873,0.0,20.117758,3.264308,0.003906,3.263733,2.949842,1.0,1.0,0,2
36658,-7.079699,-0.441786,0.0,20.150547,4.07425,0.003906,3.263733,2.949842,1.0,1.0,0,2
36679,-7.077782,0.220893,-0.003906,20.185637,3.779726,0.003906,3.263733,2.949842,1.0,1.0,0,2
36683,-7.075289,0.294524,0.003906,20.218233,4.368774,-0.003906,3.263733,2.949842,1.0,1.0,0,2
36689,-7.07433,0.073631,-0.003906,20.255241,3.976075,-0.007812,3.263733,2.949842,1.0,1.0,0,2
36691,-7.074522,0.073631,0.0,20.298767,5.301434,0.0,3.263733,2.949842,1.0,1.0,0,2
36708,-7.074714,-0.049087,-0.003906,20.349773,5.988656,0.0,3.263733,2.949842,1.0,1.0,0,2
36710,-7.075097,-0.220893,0.0,20.400202,5.203259,0.0,3.263733,2.949842,1.0,1.0,0,2
36722,-7.075289,0.049087,0.003906,20.436443,4.393317,-0.003906,3.263733,2.949842,1.0,1.0,0,2
36740,-7.076631,-0.294524,0.0,20.470957,3.730638,-0.003906,3.263733,2.949842,1.0,1.0,0,2
36741,-7.079507,-0.613592,-0.003906,20.50317,3.534289,0.003906,3.263733,2.949842,1.0,1.0,0,2
36742,-7.082767,-0.638135,-0.003906,20.535576,3.509745,0.0,3.263733,2.949842,1.0,1.0,0,2
36753,-7.083726,-0.343611,-0.003906,20.565872,3.436114,-0.007812,3.263733,2.949842,1.0,1.0,0,2
36772,-7.084301,-0.024544,0.003906,20.592142,2.699804,0.0,3.263733,2.949842,1.0,1.0,0,2
36774,-7.086027,-0.245437,0.003906,20.607864,1.693513,0.0,3.263733,2.949842,1.0,1.0,0,0
36784,-7.089478,-0.981747,0.0,20.621286,1.276271,0.0,3.263733,2.949842,1.0,1.0,0,0
36803,-7.092546,-0.638135,0.0,20.626848,0.417242,0.003906,3.263733,2.949842,1.0,1.0,0,0
36805,-7.093888,-0.539961,-0.003906,20.624355,-0.049087,0.0,3.263733,3.077164,1.0,1.0,0,0
36806,-7.093697,-0.368155,0.0,20.622822,-0.024544,0.0,3.263733,3.077164,1.0,1.0,0,0
36817,-7.093697,-0.147262,0.003906,20.623205,-0.122718,0.0,3.263733,3.077164,1.0,1.0,0,0
36836,-7.093505,-0.515417,0.0,20.623205,-0.245437,0.0,3.263733,3.077164,1.0,1.0,0,0
36838,-7.093697,0.024544,0.003906,20.623013,0.294524,0.0,3.263733,3.077164,1.0,1.0,0,0
36845,-7.094656,-0.417242,0.0,20.621862,-0.441786,0.003906,3.263733,3.077164,1.0,1.0,0,0
36866,-7.096956,-0.613592,0.0,20.619562,-0.294524,0.0,3.263733,3.077164,1.0,1.0,0,0
36867,-7.103668,-1.300815,0.003906,20.61726,0.098175,0.0,3.263733,3.077164,1.0,1.0,0,0
36869,-7.113447,-1.129009,-0.003906,20.615534,0.245437,-0.003906,3.263733,3.077164,1.0,1.0,0,0
36878,-7.127444,-2.626173,0.003906,20.611891,-0.834485,0.003906,3.263733,3.077164,1.0,1.0,2,0
36898,-7.152946,-3.485202,0.003906,20.592142,-3.828813,0.011719,3.263733,3.077164,1.0,1.0,2,1
36900,-7.185352,-4.07425,-0.003906,20.549957,-5.178715,0.003906,3.263733,3.077164,1.0,1.0,2,1
36907,-7.214114,-3.092503,-0.007812,20.496077,-5.497783,0.0,3.263733,3.077164,1.0,1.0,2,1
36928,-7.239233,-3.018872,0.0,20.434525,-7.166752,0.003906,3.263733,3.077164,1.0,1.0,2,1
36929,-7.269145,-4.172424,0.0,20.362045,-8.663917,0.0,3.263733,3.077164,1.0,1.0,2,1
36930,-7.30692,-4.908734,0.003906,20.282085,-9.032072,0.0,3.263733,3.077164,1.0,1.0,2,1
36943,-7.350638,-6.258636,0.003906,20.208263,-9.179334,0.0,3.263733,3.077164,1.0,1.0,2,1
36973,-7.406053,-6.111374,0.0,20.126963,-8.762092,0.0,3.263733,3.077164,1.0,1.0,2,1
36974,-7.471056,-7.608539,0.0,20.048538,-8.467567,0.0,3.263733,3.077164,1.0,1.0,2,1
36975,-7.540852,-7.804888,-0.007812,19.975098,-7.436733,-0.007812,3.263733,3.077164,1.0,1.0,2,1
36991,-7.598567,-6.185006,0.003906,19.908945,-8.222131,0.003906,3.263733,3.077164,1.0,1.0,2,1
36993,-7.6559,-7.240384,0.003906,19.828794,-9.8911,0.003906,3.263733,3.077164,1.0,1.0,2,1
36995,-7.719177,-7.387646,-0.003906,19.737907,-10.038363,0.0,3.263733,3.077164,1.0,1.0,2,1
37002,-7.779194,-6.823141,-0.003906,19.649511,-9.449314,-0.003906,3.263733,3.077164,1.0,1.0,2,1
37024,-7.839594,-7.068578,0.0,19.570127,-8.663917,0.003906,3.263733,3.077164,1.0,1.0,2,1
37026,-7.895968,-5.669589,-0.003906,19.489977,-9.326595,0.0,3.263733,3.077164,1.0,1.0,2,1
37033,-7.937002,-4.172424,0.0,19.408293,-9.572032,0.0,3.263733,3.077164,1.0,1.0,2,1
37056,-7.974585,-5.448695,0.011719,19.336771,-8.811178,0.0,3.263733,3.077164,1.0,1.0,2,1
37057,-8.024631,-6.234093,0.0,19.26218,-7.583995,0.0,3.263733,3.077164,1.0,1.0,2,1
37059,-8.07506,-5.252346,-0.011719,19.192768,-6.994947,0.003906,3.263733,3.077164,1.0,1.0,2,1
37064,-8.1113,-3.804269,-0.007812,19.123549,-7.657626,0.0,3.263733,3.077164,1.0,1.0,2,1
37088,-8.141597,-3.288852,-0.007812,19.058546,-6.970403,-0.007812,3.263733,3.077164,1.0,1.0,2,1
37091,-8.166716,-2.969784,0.0,18.997761,-6.724967,0.003906,3.263733,3.077164,1.0,1.0,2,1
37096,-8.188575,-2.356193,0.0,18.936977,-5.964112,0.0,3.263733,3.077164,1.0,1.0,2,1
37115,-8.209667,-1.718057,0.0,18.879261,-6.479529,0.0,3.263733,3.077164,1.0,1.0,2,1
37117,-8.228842,-2.331649,0.0,18.820778,-6.675879,0.0,3.263733,3.077164,1.0,1.0,2,1
37119,-8.241305,-1.767144,0.003906,18.76709,-6.381355,0.0,3.263733,3.077164,1.0,1.0,2,1
37128,-8.255111,-1.349902,0.0,18.712824,-5.890481,0.0,3.263733,3.077164,1.0,1.0,2,1
37146,-8.266616,-2.061668,0.003906,18.65856,-6.111374,0.003906,3.263733,3.077164,1.0,1.0,2,1
37148,-8.284257,-2.822522,0.003906,18.599503,-7.117665,0.003906,3.263733,3.077164,1.0,1.0,2,1
37159,-8.311484,-3.730638,0.003906,18.540443,-6.234093,0.0,3.263733,3.077164,1.0,1.0,2,1
37161,-8.344082,-3.804269,0.0,18.482727,-6.405899,0.0,3.263733,3.077164,1.0,1.0,2,1
37179,-8.37246,-2.896153,-0.003906,18.428656,-6.0132,0.0,3.263733,3.077164,1.0,1.0,2,1
37180,-8.389334,-1.47262,0.0,18.383402,-4.442405,-0.003906,3.263733,3.077164,1.0,1.0,0,1
37192,-8.394511,-0.908116,0.0,18.346586,-4.368774,0.0,3.263733,3.077164,1.0,1.0,0,1
37210,-8.395278,-0.196349,0.0,18.303827,-4.786016,0.0,3.263733,3.077164,1.0,1.0,2,1
37212,-8.395086,-0.245437,0.0,18.258192,-4.81056,0.0,3.263733,3.077164,1.0,1.0,2,1
37221,-8.395086,-0.245437,0.0,18.213324,-4.417861,-0.003906,3.263733,3.077164,1.0,1.0,2,1
37223,-8.395086,-0.245437,0.0,18.169796,-4.908734,0.0,3.263733,3.077164,1.0,1.0,2,1
37243,-8.39547,-0.220893,0.0,18.125885,-5.252346,0.003906,3.263733,3.077164,1.0,1.0,2,1
37245,-8.396237,-0.368155,0.0,18.083893,-3.828813,0.0,3.263733,3.077164,1.0,1.0,2,1
37254,-8.397004,-0.147262,0.003906,18.045351,-3.8779,0.0,3.263733,3.077164,1.0,1.0,2,1
37272,-8.397771,-0.392699,0.0,18.010071,-4.908734,-0.003906,3.263733,3.077164,1.0,1.0,2,1
37274,-8.398154,0.098175,-0.003906,17.965969,-4.859647,0.0,3.263733,3.077164,1.0,1.0,2,1
37283,-8.400455,-0.785398,0.0,17.918991,-4.835104,0.0,3.263733,3.077164,1.0,1.0,2,1
37285,-8.403907,-0.417242,0.0,17.881216,-3.534289,0.0,3.263733,3.077164,1.0,1.0,2,1
37303,-8.407358,-0.687223,0.003906,17.856672,-1.963494,0.0,3.263733,3.077164,1.0,1.0,2,1
37304,-8.412727,-1.129009,0.003906,17.839607,-1.227184,0.0,3.263733,3.077164,1.0,1.0,2,0
37316,-8.422506,-1.497164,0.0,17.827526,-1.129009,0.0,3.263733,3.077164,1.0,1.0,2,0
37347,-8.433436,-1.693513,0.0,17.81813,-0.957203,-0.003906,3.263733,3.077164,1.0,1.0,2,0
37348,-8.452994,-2.748891,0.0,17.812571,-0.343611,0.0,3.263733,3.077164,1.0,1.0,2,0
37350,-8.490385,-5.473239,0.007812,17.803558,-1.129009,0.003906,3.263733,3.077164,1.0,1.0,2,0
37351,-8.548101,-7.755801,0.011719,17.793203,-0.859029,-0.003906,3.263733,3.077164,1.0,1.0,2,0
37367,-8.616364,-7.95215,0.0,17.787067,-0.073631,0.0,3.263733,3.077164,1.0,1.0,2,0
37368,-8.689035,-8.099412,0.0,17.779015,-0.785398,0.003906,3.263733,3.077164,1.0,1.0,2,0
37378,-8.769569,-9.351139,0.0,17.772303,-0.515417,0.0,3.263733,3.077164,1.0,1.0,2,0
37397,-8.845118,-8.541198,0.007812,17.772303,0.26998,0.0,3.263733,3.077164,1.0,1.0,2,0
37401,-8.918749,-9.743838,0.0,17.772303,-0.098175,0.0,3.263733,3.077164,1.0,1.0,2,0
37404,-8.999091,-9.228421,-0.011719,17.772495,-0.049087,0.0,3.263733,3.077164,1.0,1.0,2,0
37409,-9.075599,-8.295761,0.0,17.772688,0.490873,0.0,3.263733,3.077164,1.0,1.0,2,0
37429,-9.141751,-6.798597,0.0,17.772303,-0.392699,0.0,3.263733,3.077164,1.0,1.0,2,0
37431,-9.198317,-6.111374,0.0,17.772688,0.368155,0.0,3.263733,3.077164,1.0,1.0,2,0
37441,-9.253732,-6.111374,-0.007812,17.772495,0.0,0.003906,3.263733,3.077164,1.0,1.0,2,0
37460,-9.292081,-4.172424,-0.019531,17.772688,0.368155,0.0,3.263733,3.077164,1.0,1.0,2,0
37462,-9.312407,-1.129009,-0.007812,17.772688,0.245437,0.0,3.263733,3.077164,1.0,1.0,2,0
37464,-9.322377,-0.638135,-0.007812,17.772688,0.024544,-0.003906,3.263733,3.077164,1.0,1.0,2,0
37472,-9.328513,-0.638135,0.0,17.772879,0.294524,0.0,3.263733,3.077164,1.0,1.0,2,0
37490,-9.333499,-0.638135,0.0,17.772688,0.0,0.0,3.263733,3.077164,1.0,1.0,2,0
37492,-9.34347,-1.644426,0.007812,17.772879,0.245437,0.0,3.263733,3.077164,1.0,1.0,2,0
37502,-9.359193,-2.380736,0.0,17.772688,0.0,-0.003906,3.263733,3.077164,1.0,1.0,2,0
37522,-9.385462,-3.926988,0.007812,17.772879,0.368155,0.0,3.263733,3.077164,1.0,1.0,2,0
37524,-9.423429,-5.27689,0.007812,17.772879,0.245437,0.0,3.263733,3.077164,1.0,1.0,2,0
37525,-9.468489,-5.055996,0.003906,17.772879,0.049087,0.0,3.263733,3.077164,1.0,1.0,2,0
37534,-9.507222,-4.957822,0.003906,17.773262,0.245437,0.003906,3.263733,3.077164,1.0,1.0,2,0
37554,-9.557652,-5.939569,-0.003906,17.773071,-0.245437,0.0,3.263733,3.077164,1.0,1.0,2,0
37556,-9.612683,-6.135918,-0.003906,17.773262,0.147262,0.003906,3.263733,3.077164,1.0,1.0,2,0
37568,-9.65621,-4.07425,-0.007812,17.773838,0.147262,0.003906,3.263733,3.077164,1.0,1.0,2,0
37583,-9.685163,-3.509745,0.003906,17.774412,0.0,0.0,3.263733,3.077164,1.0,1.0,2,0
37585,-9.717185,-3.681551,0.007812,17.774988,0.589048,0.0,3.263733,3.077164,1.0,1.0,2,0
37586,-9.753809,-5.27689,0.003906,17.779398,0.687223,-0.003906,3.263733,3.077164,1.0,1.0,2,0
37598,-9.802705,-5.571414,0.003906,17.78285,0.147262,0.003906,3.263733,3.077164,1.0,1.0,2,0
37616,-9.84604,-4.246056,-0.007812,17.784191,0.245437,0.0,3.263733,3.077164,1.0,1.0,2,0
37617,-9.883814,-4.466949,-0.007812,17.784384,0.294524,0.0,3.263733,3.077164,1.0,1.0,2,0
37627,-9.915644,-3.583376,0.0,17.784191,-0.024544,0.0,3.263733,3.077164,1.0,1.0,2,0
37629,-9.939996,-2.282562,-0.007812,17.784767,0.245437,0.0,3.263733,3.077164,1.0,1.0,2,0
37647,-9.953801,-1.153553,-0.007812,17.786877,0.515417,0.0,3.263733,3.077164,1.0,1.0,0,0
37649,-9.953609,0.589048,0.0,17.791479,0.539961,-0.003906,3.263733,3.077164,1.0,1.0,0,0
37661,-9.9492,0.171806,0.0,17.800299,1.718057,0.0,3.263733,3.077164,1.0,1.0,0,0
37678,-9.947858,-0.147262,0.0,17.807968,0.564505,0.003906,3.263733,3.077164,1.0,1.0,0,0
37680,-9.947474,-0.049087,0.0,17.811995,0.490873,0.0,3.263733,3.077164,1.0,1.0,0,0
37689,-9.946323,0.26998,-0.003906,17.816214,0.859029,0.0,3.263733,3.077164,1.0,1.0,0,0
37691,-9.94479,-0.049087,0.0,17.825802,1.398989,0.0,3.263733,3.077164,1.0,1.0,0,0
37710,-9.941914,0.147262,0.0,17.836155,0.93266,0.003906,3.263733,3.077164,1.0,1.0,0,0
37712,-9.938846,0.220893,0.0,17.849577,1.93895,-0.007812,3.263733,3.077164,1.0,1.0,0,0
37722,-9.934627,0.662679,-0.003906,17.865685,2.20893,0.0,3.263733,3.077164,1.0,1.0,0,2
37740,-9.922163,1.423533,0.0,17.891571,3.485202,0.0,3.263733,3.077164,1.0,1.0,0,2
37741,-9.90203,2.969784,-0.007812,17.923592,3.951531,0.0,3.263733,3.077164,1.0,1.0,1,2
37743,-9.870199,4.393317,-0.003906,17.956957,3.828813,0.0,3.263733,3.077164,1.0,1.0,1,2
37756,-9.835493,5.055996,-0.003906,17.98361,3.485202,0.003906,3.263733,3.077164,1.0,1.0,1,2
37773,-9.785064,6.258636,0.0,18.007578,2.503455,0.0,3.263733,3.077164,1.0,1.0,1,2
37774,-9.739044,3.804269,0.0,18.029053,2.233474,0.0,3.263733,3.077164,1.0,1.0,1,2
37784,-9.706064,3.926988,-0.003906,18.047461,2.797979,-0.003906,3.263733,3.077164,1.0,1.0,1,2
37804,-9.667714,4.687841,0.0,18.074881,3.706095,-0.003906,3.263733,3.077164,1.0,1.0,1,2
37805,-9.6146,6.160462,-0.007812,18.107286,4.025162,0.0,3.263733,3.077164,1.0,1.0,1,2
37806,-9.557076,5.105084,0.011719,18.141033,3.583376,-0.007812,3.263733,3.077164,1.0,1.0,1,2
37827,-9.509522,4.565123,0.011719,18.173248,3.755182,-0.007812,3.263733,3.077164,1.0,1.0,1,2
37829,-9.473091,4.638754,0.0,18.201818,3.558833,0.0,3.263733,3.077164,1.0,1.0,1,2
37850,-9.428797,4.736929,-0.003906,18.232882,3.485202,0.003906,3.263733,3.077164,1.0,1.0,1,2
37851,-9.391406,3.681551,0.0,18.262026,3.067959,0.0,3.263733,3.077164,1.0,1.0,1,2
37852,-9.363219,3.411571,0.0,18.280243,2.20893,0.003906,3.263733,3.077164,1.0,1.0,1,2
37867,-9.330239,3.657007,0.0,18.291172,0.957203,0.003906,3.263733,3.077164,1.0,1.0,1,2
37869,-9.290739,5.031453,-0.003906,18.299417,1.153553,0.0,3.263733,3.077164,1.0,1.0,1,2
37878,-9.24587,4.540579,0.007812,18.301527,-0.220893,0.003906,3.263733,3.077164,1.0,1.0,1,2
37900,-9.216916,2.847066,0.007812,18.301527,0.098175,0.0,3.263733,3.077164,1.0,1.0,1,2
37902,-9.198892,1.276271,0.003906,18.304594,0.638135,-0.003906,3.263733,3.077164,1.0,1.0,1,2
37909,-9.189304,0.785398,0.003906,18.30843,0.73631,0.0,3.263733,3.077164,1.0,1.0,1,2
37910,-9.183552,0.93266,0.0,18.314373,1.055378,0.0,3.263733,3.077164,1.0,1.0,1,2
37941,-9.167062,2.20893,-0.007812,18.328754,2.012581,0.0,3.263733,3.077164,1.0,1.0,1,2
37942,-9.140793,3.460658,-0.007812,18.350805,3.485202,-0.007812,3.263733,3.077164,1.0,1.0,1,2
37943,-9.098225,5.718676,-0.011719,18.388004,4.859647,0.0,3.263733,3.077164,1.0,1.0,1,2
37962,-9.044727,5.865938,-0.007812,18.439968,6.651335,0.0,3.263733,3.077164,1.0,1.0,1,2
37963,-8.995448,6.332268,0.0,18.490973,6.405899,0.0,3.263733,3.077164,1.0,1.0,1,2
37965,-8.930446,7.804888,0.0,18.544279,6.258636,0.003906,3.263733,3.077164,1.0,1.0,1,2
37970,-8.860074,6.675879,0.003906,18.588381,4.761473,0.003906,3.263733,3.077164,1.0,1.0,1,2
37992,-8.810603,5.448695,0.0,18.616568,3.067959,0.007812,3.263733,3.077164,1.0,1.0,1,2
37993,-8.753463,7.21584,-0.007812,18.636702,1.619882,0.0,3.263733,3.077164,1.0,1.0,1,2
38007,-8.689419,6.74951,0.003906,18.653767,2.184387,0.0,3.263733,3.077164,1.0,1.0,1,2
38024,-8.638606,6.381355,0.003906,18.667381,2.110756,0.0,3.263733,3.077164,1.0,1.0,1,2
38025,-8.584341,6.28318,0.0,18.686939,2.724348,-0.003906,3.263733,3.077164,1.0,1.0,1,2
38027,-8.528159,5.54687,0.0,18.714743,3.534289,0.0,3.263733,3.077164,1.0,1.0,1,2
38034,-8.475045,6.086831,0.0,18.748106,4.000618,0.0,3.263733,3.077164,1.0,1.0,1,2
38054,-8.419247,7.436733,0.0,18.782238,4.516036,0.0,3.263733,3.077164,1.0,1.0,1,2
38055,-8.344082,8.271217,0.003906,18.821545,4.687841,0.0,3.263733,3.077164,1.0,1.0,1,2
38064,-8.279846,6.528617,0.007812,18.856636,3.706095,0.003906,3.263733,3.077164,1.0,1.0,1,2
38065,-8.227882,6.651335,-0.003906,18.883097,3.460658,0.003906,3.263733,3.077164,1.0,1.0,1,2
38087,-8.17055,5.669589,0.0,18.908215,2.626173,0.0,3.263733,3.077164,1.0,1.0,1,2
38088,-8.116861,5.915025,0.0,18.930841,2.233474,0.0,3.263733,3.077164,1.0,1.0,1,2
38096,-8.063556,7.068578,0.0,18.952126,2.626173,0.003906,3.263733,3.077164,1.0,1.0,1,2
38117,-7.99606,6.332268,0.003906,18.972643,2.896153,-0.003906,3.263733,3.077164,1.0,1.0,1,2
38118,-7.939303,5.988656,0.003906,18.992201,2.135299,0.0,3.263733,3.077164,1.0,1.0,1,2
38119,-7.880053,7.461277,-0.003906,19.010225,1.374446,0.0,3.263733,3.077164,1.0,1.0,1,2
38129,-7.820228,6.872229,0.0,19.022497,1.889863,0.0,3.263733,3.077164,1.0,1.0,1,2
38148,-7.754842,7.117665,0.007812,19.034002,1.521708,0.003906,3.263733,3.077164,1.0,1.0,1,2
38150,-7.683128,8.123956,0.003906,19.050108,2.233474,0.0,3.263733,3.077164,1.0,1.0,1,2
38160,-7.628864,6.724967,0.003906,19.067366,2.380736,-0.007812,3.263733,3.077164,1.0,1.0,1,2
38182,-7.570765,6.504073,-0.011719,19.085773,2.037125,0.0,3.263733,3.077164,1.0,1.0,1,2
38183,-7.50116,7.583995,-0.003906,19.102455,1.865319,0.003906,3.263733,3.077164,1.0,1.0,1,2
38185,-7.435582,6.872229,0.003906,19.116837,1.914407,0.003906,3.263733,3.077164,1.0,1.0,1,2
38190,-7.386878,5.669589,0.003906,19.129875,1.448077,0.003906,3.263733,3.077164,1.0,1.0,1,2
38211,-7.333573,5.129628,0.003906,19.137928,0.859029,0.0,3.263733,3.077164,1.0,1.0,1,2
38212,-7.291772,3.853357,0.0,19.146749,1.129009,0.0,3.263733,3.077164,1.0,1.0,1,2
38220,-7.259942,4.098794,0.0,19.152693,0.613592,0.003906,3.263733,3.077164,1.0,1.0,1,2
38221,-7.223701,4.295143,0.0,19.156145,0.392699,0.0,3.263733,3.077164,1.0,1.0,1,2
38243,-7.18075,5.129628,0.0,19.161705,1.055378,-0.003906,3.263733,3.077164,1.0,1.0,1,2
38245,-7.142209,4.491492,0.003906,19.171484,1.546251,-0.003906,3.263733,3.077164,1.0,1.0,1,2
38254,-7.113255,2.282562,0.011719,19.180113,0.834485,0.0,3.263733,3.077164,1.0,1.0,1,2
38278,-7.100983,0.147262,0.007812,19.183182,0.638135,0.0,3.263733,3.077164,1.0,1.0,0,2
38279,-7.103859,-0.687223,0.003906,19.186058,0.539961,0.0,3.263733,3.077164,1.0,1.0,0,2
38282,-7.106927,-0.26998,0.0,19.192194,1.398989,-0.003906,3.263733,3.077164,1.0,1.0,0,2
38290,-7.10616,-0.294524,0.0,19.203506,1.718057,-0.003906,3.263733,3.077164,1.0,1.0,0,2
38315,-7.10616,0.0,0.003906,19.218462,2.307105,0.0,3.263733,3.077164,1.0,1.0,0,2
38317,-7.10616,0.0,0.0,19.242048,2.724348,0.0,3.263733,3.077164,1.0,1.0,0,2
38319,-7.106352,-0.26998,0.0,19.26755,3.166134,0.0,3.263733,3.077164,1.0,1.0,0,2
38336,-7.106544,0.122718,-0.003906,19.300915,4.172424,0.0,3.263733,3.077164,1.0,1.0,0,2
38338,-7.107119,0.024544,0.0,19.335238,4.025162,0.0,3.263733,3.077164,1.0,1.0,0,2
38340,-7.107886,-0.073631,0.003906,19.368984,3.657007,0.0,3.263733,3.077164,1.0,1.0,0,2
38347,-7.108461,-0.196349,0.0,19.395828,3.485202,0.003906,3.263733,3.077164,1.0,1.0,0,2
38367,-7.108653,-0.122718,0.003906,19.423248,3.166134,0.0,3.263733,3.077164,1.0,1.0,0,2
38369,-7.109036,-0.392699,0.0,19.449327,3.018872,0.0,3.263733,3.077164,1.0,1.0,0,2
38381,-7.110379,-0.711766,0.003906,19.477705,3.264308,0.003906,3.263733,3.077164,1.0,1.0,0,2
38396,-7.112296,-0.343611,0.003906,19.502249,3.043416,0.0,3.263733,3.077164,1.0,1.0,0,2
38398,-7.115747,-0.245437,-0.007812,19.532352,3.215221,0.0,3.263733,3.077164,1.0,1.0,0,2
38399,-7.121308,-0.760854,0.003906,19.562458,3.485202,-0.003906,3.263733,3.077164,1.0,1.0,0,2
38409,-7.132046,-1.570795,0.0,19.599081,4.712385,0.0,3.263733,3.077164,1.0,1.0,0,2
38441,-7.143743,-1.276271,0.0,19.642799,5.227802,0.0,3.263733,3.077164,1.0,1.0,0,2
38442,-7.154289,-1.448077,0.0,19.683258,5.031453,0.0,3.263733,3.077164,1.0,1.0,0,2
38443,-7.165794,-1.227184,0.0,19.726786,4.516036,0.003906,3.263733,3.077164,1.0,1.0,0,2
38445,-7.170779,-0.73631,0.0,19.769737,4.884191,0.0,3.263733,3.077164,1.0,1.0,0,2
38464,-7.179408,-1.693513,0.0,19.815756,5.497783,0.0,3.263733,3.077164,1.0,1.0,0,2
38465,-7.19283,-1.423533,0.0,19.863117,5.055996,-0.003906,3.263733,3.077164,1.0,1.0,0,2
38471,-7.204143,-1.104465,0.0,19.904726,4.81056,0.0,3.263733,3.077164,1.0,1.0,0,2
38490,-7.21143,-0.589048,-0.011719,19.949404,5.497783,0.0,3.263733,3.077164,1.0,1.0,0,2
38492,-7.210087,0.294524,0.0,19.995039,5.448695,0.0,3.263733,3.077164,1.0,1.0,0,2
38501,-7.208553,-0.245437,0.0,20.037991,4.712385,0.0,3.263733,3.077164,1.0,1.0,0,2
38503,-7.207403,-0.245437,0.003906,20.071356,3.8779,0.003906,3.263733,3.077164,1.0,1.0,0,2
38522,-7.208937,-0.147262,0.003906,20.103952,4.025162,0.0,3.263733,3.077164,1.0,1.0,0,2
38525,-7.209129,-0.196349,-0.003906,20.133099,3.436114,0.007812,3.263733,3.077164,1.0,1.0,0,2
38532,-7.209129,-0.319068,0.0,20.155533,2.086212,0.0,3.263733,3.077164,1.0,1.0,0,2
38554,-7.208937,-0.024544,0.0,20.171064,0.957203,0.003906,3.263733,3.077164,1.0,1.0,0,0
38556,-7.208937,-0.049087,0.0,20.174515,-0.368155,0.003906,3.263733,3.077164,1.0,1.0,0,0
38557,-7.209129,-0.343611,0.0,20.170872,-0.245437,-0.003906,3.263733,3.077164,1.0,1.0,0,0
38565,-7.209321,-0.564505,0.0,20.170105,0.220893,0.0,3.263733,3.077164,1.0,1.0,0,0
38588,-7.209129,0.122718,0.0,20.170298,-0.343611,0.0,3.263733,3.077164,1.0,1.0,0,0
38590,-7.209704,-0.392699,0.0,20.170488,0.319068,0.0,3.263733,3.077164,1.0,1.0,0,0
38596,-7.211621,-0.564505,0.0,20.170298,0.073631,-0.003906,3.263733,3.077164,1.0,1.0,0,0
38616,-7.216032,-0.809941,0.003906,20.170298,0.196349,0.0,3.263733,3.077164,1.0,1.0,0,0
38618,-7.226194,-1.66897,0.003906,20.169531,-0.245437,0.0,3.263733,3.077164,1.0,1.0,2,0
38619,-7.249012,-3.534289,0.007812,20.169147,0.515417,0.0,3.263733,3.077164,1.0,1.0,2,0
38628,-7.286978,-5.055996,0.007812,20.167229,-0.343611,0.0,3.263733,3.077164,1.0,1.0,2,0
38659,-7.342777,-6.847685,0.011719,20.162243,-0.662679,0.003906,3.263733,3.077164,1.0,1.0,2,0
38661,-7.401643,-7.240384,0.003906,20.147863,-2.527998,0.003906,3.263733,3.077164,1.0,1.0,2,1
38662,-7.479301,-9.743838,0.0,20.110281,-4.786016,0.003906,3.263733,3.077164,1.0,1.0,2,1
38677,-7.565204,-8.860266,-0.007812,20.052181,-6.970403,0.0,3.263733,3.077164,1.0,1.0,2,1
38679,-7.64823,-9.792926,0.007812,19.983919,-7.363102,0.0,3.263733,3.077164,1.0,1.0,2,1
38681,-7.739502,-10.431061,-0.003906,19.918724,-6.651335,0.0,3.263733,3.077164,1.0,1.0,2,1
38690,-7.830774,-10.35743,0.0,19.848162,-7.976694,0.003906,3.263733,3.077164,1.0,1.0,2,1
38710,-7.919361,-9.105702,0.0,19.770504,-8.492111,0.003906,3.263733,3.077164,1.0,1.0,2,1
38712,-8.003922,-10.038363,0.003906,19.68882,-9.42477,0.0,3.263733,3.077164,1.0,1.0,2,1
38722,-8.092126,-8.933897,-0.003906,19.60771,-8.860266,0.0,3.263733,3.077164,1.0,1.0,2,1
38742,-8.165565,-7.608539,-0.007812,19.525642,-10.136537,0.003906,3.263733,3.077164,1.0,1.0,2,1
38746,-8.226349,-5.915025,0.0,19.433987,-10.455605,0.003906,3.263733,3.077164,1.0,1.0,2,1
38749,-8.268149,-3.828813,-0.007812,19.336388,-10.921934,0.0,3.263733,3.077164,1.0,1.0,2,1
38753,-8.300747,-3.902444,-0.003906,19.244158,-9.400227,0.0,3.263733,3.077164,1.0,1.0,2,1
38773,-8.33181,-2.969784,-0.003906,19.161514,-8.982985,0.0,3.263733,3.077164,1.0,1.0,2,1
38774,-8.359038,-2.896153,-0.007812,19.082321,-8.639373,0.0,3.263733,3.077164,1.0,1.0,2,1
38784,-8.377063,-2.135299,-0.007812,19.016935,-8.713004,0.0,3.263733,3.077164,1.0,1.0,2,1
38803,-8.38339,-0.589048,-0.003906,18.947332,-7.191296,0.003906,3.263733,3.077164,1.0,1.0,2,1
38806,-8.382623,-0.368155,0.003906,18.883863,-6.381355,-0.003906,3.263733,3.077164,1.0,1.0,2,1
38808,-8.382814,-0.098175,0.0,18.821161,-7.117665,0.0,3.263733,3.077164,1.0,1.0,2,1
38815,-8.382814,0.122718,0.0,18.760378,-6.553161,-0.007812,3.263733,3.077164,1.0,1.0,2,1
38836,-8.383582,0.122718,0.0,18.707457,-5.865938,0.0,3.263733,3.077164,1.0,1.0,2,1
38837,-8.385116,-0.392699,0.0,18.657026,-5.620501,0.003906,3.263733,3.077164,1.0,1.0,2,1
38855,-8.387609,-0.711766,0.003906,18.60257,-6.0132,0.0,3.263733,3.077164,1.0,1.0,2,1
38858,-8.39106,-0.441786,0.0,18.553675,-5.915025,0.0,3.263733,3.077164,1.0,1.0,2,1
38859,-8.396237,-0.539961,0.0,18.504011,-5.006909,-0.003906,3.263733,3.077164,1.0,1.0,2,1
38877,-8.398346,0.147262,0.0,18.46106,-4.246056,-0.003906,3.263733,3.077164,1.0,1.0,2,1
38879,-8.397963,-0.024544,0.0,18.425779,-3.411571,0.0,3.263733,3.077164,1.0,1.0,2,1
38901,-8.397963,0.049087,0.003906,18.397593,-2.920697,0.0,3.263733,3.077164,1.0,1.0,2,1
38903,-8.398154,-0.245437,0.0,18.373432,-2.699804,0.003906,3.263733,3.077164,1.0,1.0,2,1
38907,-8.397963,0.122718,0.0,18.348312,-3.190677,0.003906,3.254146,3.077164,1.0,1.0,2,1
38928,-8.397963,0.098175,0.0,18.325111,-3.092503,0.003906,3.253762,3.077164,1.0,1.0,2,1
38929,-8.398154,0.049087,0.0,18.295198,-3.239765,-0.003906,3.253762,3.077164,1.0,1.0,2,1
38931,-8.398346,-0.319068,0.0,18.268354,-2.822522,0.0,3.253762,3.077164,1.0,1.0,2,1
38940,-8.398346,-0.122718,0.0,18.246878,-2.454367,-0.003906,3.253762,3.077164,1.0,1.0,2,0
38961,-8.398538,-0.245437,-0.003906,18.236525,-0.294524,-0.003906,3.253762,3.077164,1.0,1.0,2,0
38963,-8.398346,0.220893,0.0,18.235949,0.319068,0.0,3.253762,3.077164,1.0,1.0,2,0
38970,-8.398729,-0.245437,0.0,18.237865,0.417242,0.0,3.253762,3.077164,1.0,1.0,2,0
38971,-8.399689,-0.294524,0.0,18.239401,0.613592,0.003906,3.253762,3.077164,1.0,1.0,2,0
38991,-8.401606,-0.171806,0.0,18.240934,0.368155,0.0,3.253762,3.077164,1.0,1.0,2,0
38993,-8.403715,-0.589048,0.0,18.242661,0.122718,0.0,3.253762,3.077164,1.0,1.0,2,0
39002,-8.404674,-0.245437,0.0,18.244387,0.760854,0.0,3.253762,3.077164,1.0,1.0,2,0
39023,-8.40525,-0.441786,0.0,18.244194,0.171806,0.0,3.253762,3.077164,1.0,1.0,2,0
39027,-8.40525,-0.049087,0.0,18.244387,0.319068,0.0,3.253762,3.077164,1.0,1.0,2,0
39038,-8.405825,-0.589048,0.0,18.244387,0.245437,0.0,3.253762,3.077164,1.0,1.0,2,0
39039,-8.408126,-0.687223,0.0,18.244387,0.515417,0.0,3.253762,3.077164,1.0,1.0,2,0
39059,-8.410043,-0.368155,0.0,18.244387,0.024544,0.003906,3.253762,3.077164,1.0,1.0,2,0
39060,-8.414645,-0.662679,0.003906,18.244961,0.098175,0.0,3.253762,3.077164,1.0,1.0,2,0
39064,-8.426917,-1.521708,0.003906,18.245344,-0.319068,0.0,3.253762,3.077164,1.0,1.0,2,0
39086,-8.443407,-2.258018,0.003906,18.246878,0.171806,0.0,3.253762,3.077164,1.0,1.0,2,0
39087,-8.468334,-3.534289,0.003906,18.248796,0.024544,0.0,3.253762,3.077164,1.0,1.0,2,0
39089,-8.499781,-4.34423,0.007812,18.249563,0.196349,0.0,3.253762,3.077164,1.0,1.0,2,0
39111,-8.545033,-5.841394,0.003906,18.250137,0.196349,0.0,3.253762,3.077164,1.0,1.0,2,0
39117,-8.598914,-6.307724,0.0,18.252439,0.589048,0.0,3.253762,3.077164,1.0,1.0,2,0
39118,-8.652603,-6.356811,0.0,18.25589,0.515417,0.0,3.253762,3.077164,1.0,1.0,2,0
39128,-8.706485,-7.068578,0.0,18.258766,0.122718,0.0,3.253762,3.077164,1.0,1.0,2,0
39146,-8.769569,-6.577704,0.0,18.261835,0.245437,0.0,3.253762,3.077164,1.0,1.0,2,0
39147,-8.823833,-6.528617,0.003906,18.264519,0.589048,-0.003906,3.253762,3.077164,1.0,1.0,2,0
39149,-8.883276,-7.191296,0.007812,18.268738,0.785398,0.0,3.253762,3.077164,1.0,1.0,2,0
39160,-8.943101,-7.387646,0.0,18.27564,1.055378,0.0,3.253762,3.077164,1.0,1.0,2,0
39179,-9.004652,-7.191296,-0.007812,18.285612,1.497164,0.0,3.253762,3.077164,1.0,1.0,2,0
39180,-9.068887,-7.240384,0.0,18.300377,2.503455,-0.003906,3.253762,3.077164,1.0,1.0,2,2
39190,-9.130821,-6.234093,0.003906,18.322428,2.847066,-0.007812,3.253762,3.077164,1.0,1.0,2,2
39210,-9.189304,-6.454986,0.003906,18.352722,4.123337,-0.003906,3.253762,3.077164,1.0,1.0,2,2
39211,-9.252773,-7.093122,-0.003906,18.389921,4.295143,0.0,3.253762,3.077164,1.0,1.0,2,2
39215,-9.305696,-4.908734,-0.011719,18.433641,5.055996,0.0,3.253762,3.077164,1.0,1.0,2,2
39220,-9.335991,-3.902444,-0.007812,18.474291,4.982366,0.0,3.253762,3.077164,1.0,1.0,2,2
39243,-9.359576,-2.307105,-0.007812,18.515709,4.442405,0.0,3.253762,3.077164,1.0,1.0,2,2
39244,-9.36993,-0.981747,0.0,18.552332,4.000618,0.003906,3.253762,3.077164,1.0,1.0,0,2
39251,-9.37204,0.122718,0.0,18.581285,2.945241,0.003906,3.253762,3.077164,1.0,1.0,0,2
39253,-9.371465,-0.147262,0.0,18.603336,2.258018,0.003906,3.253762,3.077164,1.0,1.0,0,2
39274,-9.371273,0.073631,0.0,18.61676,1.619882,0.0,3.253762,3.077164,1.0,1.0,0,2
39275,-9.371273,0.294524,0.0,18.634209,2.307105,-0.003906,3.253762,3.077164,1.0,1.0,0,2
39282,-9.371273,-0.392699,-0.003906,18.658752,3.387027,0.003906,3.253762,3.077164,1.0,1.0,0,2
39305,-9.37089,0.122718,0.0,18.68598,3.60792,0.0,3.253762,3.077164,1.0,1.0,0,2
39306,-9.370698,0.343611,0.0,18.71666,4.270599,-0.003906,3.253762,3.077164,1.0,1.0,0,2
39313,-9.37089,-0.073631,0.0,18.759418,4.908734,0.0,3.253762,3.077164,1.0,1.0,0,2
39315,-9.370698,-0.196349,0.0,18.809082,5.718676,0.003906,3.249544,3.077164,1.0,1.0,0,2
39337,-9.370698,-0.073631,0.0,18.854717,4.736929,0.003906,3.249544,3.077164,1.0,1.0,0,2
39338,-9.37089,0.368155,0.0,18.889616,4.491492,0.0,3.249544,3.077164,1.0,1.0,0,2
39346,-9.37089,-0.196349,0.0,18.930075,5.424152,0.0,3.249544,3.077164,1.0,1.0,0,2
39367,-9.37089,-0.245437,0.0,18.97571,5.227802,-0.003906,3.249544,3.077164,1.0,1.0,0,2
39368,-9.37089,-0.294524,0.0,19.022305,5.031453,0.0,3.249544,3.077164,1.0,1.0,0,2
39370,-9.37089,-0.245437,0.0,19.065256,5.743219,0.0,3.249544,3.077164,1.0,1.0,0,2
39379,-9.37089,-0.245437,0.0,19.118179,5.473239,0.0,3.249544,3.077164,1.0,1.0,0,2
39396,-9.371081,-0.539961,0.003906,19.168608,5.841394,0.003906,3.249544,3.077164,1.0,1.0,0,2
39398,-9.37089,-0.098175,-0.003906,19.213478,4.81056,0.003906,3.249544,3.077164,1.0,1.0,0,2
39412,-9.37089,-0.073631,0.0,19.25547,4.466949,0.003906,3.249544,3.077164,1.0,1.0,0,2
39428,-9.371273,-0.368155,0.0,19.293819,5.055996,0.0,3.249544,3.077164,1.0,1.0,0,2
39429,-9.371273,-0.245437,0.0,19.338497,5.154171,0.0,3.249544,3.077164,1.0,1.0,0,2
39431,-9.371656,-0.26998,0.0,19.380873,4.687841,0.003906,3.249544,3.077164,1.0,1.0,0,2
39445,-9.371848,0.024544,0.0,19.418839,4.442405,0.0,3.249544,3.077164,1.0,1.0,0,2
39460,-9.372998,-0.760854,0.0,19.447025,3.926988,0.0,3.249544,3.077164,1.0,1.0,0,2
39462,-9.373766,-0.539961,0.0,19.472912,2.503455,0.003906,3.249544,3.077164,1.0,1.0,0,2
39469,-9.374341,-0.417242,0.0,19.486143,0.760854,0.0,3.249544,3.077164,1.0,1.0,0,0
39490,-9.374724,-0.26998,0.003906,19.49036,0.515417,0.007812,3.249544,3.077164,1.0,1.0,0,0
39491,-9.374916,0.0,-0.003906,19.489403,-0.098175,-0.003906,3.249544,3.077164,1.0,1.0,0,0
39492,-9.375108,-0.196349,0.0,19.48921,0.024544,-0.003906,3.249544,3.077164,1.0,1.0,0,0
39503,-9.375108,-0.073631,0.0,19.48921,-0.073631,-0.003906,3.249544,3.077164,1.0,1.0,0,0
39522,-9.374916,0.122718,0.003906,19.48921,0.245437,0.003906,3.249544,3.077164,1.0,1.0,0,0
39524,-9.375108,0.0,0.0,19.489017,-0.073631,-0.003906,3.249544,3.077164,1.0,1.0,0,0
39532,-9.375108,-0.147262,0.0,19.48921,0.220893,0.0,3.249544,3.077164,1.0,1.0,0,0
39533,-9.375108,-0.196349,0.003906,19.489403,0.245437,0.0,3.249544,3.077164,1.0,1.0,0,0
39555,-9.375108,-0.171806,0.0,19.48921,0.245437,0.0,3.249544,3.077164,1.0,1.0,0,0
39557,-9.375108,-0.171806,0.0,19.489017,0.0,0.0,3.249544,3.077164,1.0,1.0,0,0
39564,-9.375108,-0.171806,0.0,19.489017,-0.196349,0.003906,3.249544,3.077164,1.0,1.0,0,0
39587,-9.374916,0.26998,0.0,19.489017,-0.147262,0.003906,3.249544,3.077164,1.0,1.0,0,0
39587,-9.375108,-0.245437,0.0,19.48921,0.098175,0.0,3.249544,3.077164,1.0,1.0,0,0
39595,-9.375108,-0.245437,0.0,19.489403,0.196349,0.0,3.249544,3.077164,1.0,1.0,0,0
39597,-9.375108,-0.147262,0.0,19.489403,0.294524,0.0,3.249544,3.077164,1.0,1.0,0,0
39617,-9.375108,-0.245437,0.0,19.489403,0.122718,0.0,3.249544,3.077164,1.0,1.0,0,0
39618,-9.374916,-0.024544,0.0,19.489594,0.245437,0.0,3.249544,3.077164,1.0,1.0,0,0
39626,-9.375108,-0.368155,0.0,19.489403,-0.343611,0.007812,3.249544,3.077164,1.0,1.0,0,0
39647,-9.375108,-0.245437,0.0,19.489403,-0.098175,-0.003906,3.249544,3.077164,1.0,1.0,0,0
39649,-9.374724,0.319068,-0.007812,19.489786,0.564505,0.0,3.249544,3.077164,1.0,1.0,0,0
39651,-9.374916,-0.024544,0.0,19.489594,0.196349,-0.003906,3.249544,3.077164,1.0,1.0,0,0
39669,-9.374916,-0.098175,0.0,19.489403,0.0,0.003906,3.249544,3.077164,1.0,1.0,0,0
39670,-9.374916,-0.26998,0.0,19.489403,0.098175,0.007812,3.249544,3.077164,1.0,1.0,0,0
39690,-9.374724,0.122718,0.0,19.48921,-0.122718,-0.003906,3.249544,3.077164,1.0,1.0,0,0
39692,-9.374724,0.024544,0.0,19.489403,0.245437,0.0,3.249544,3.077164,1.0,1.0,0,0
39712,-9.374724,-0.417242,0.0,19.489403,0.294524,0.0,3.249544,3.077164,1.0,1.0,0,0
39713,-9.374916,-0.343611,0.0,19.489017,-0.343611,0.0,3.249544,3.077164,1.0,1.0,0,0
39714,-9.374724,0.0,0.0,19.489403,0.392699,0.0,3.249544,3.077164,1.0,1.0,0,0
39742,-9.374724,0.0,0.0,19.489017,-0.098175,-0.003906,3.249544,3.077164,1.0,1.0,0,0
39746,-9.374724,-0.024544,0.0,19.48921,0.171806,-0.003906,3.249544,3.077164,1.0,1.0,0,0
39750,-9.374724,0.049087,0.0,19.489017,0.073631,0.0,3.249544,3.077164,1.0,1.0,0,0
39754,-9.374724,-0.024544,0.0,19.489017,0.073631,0.0,3.249544,3.077164,1.0,1.0,0,0
39772,-9.374916,-0.368155,0.0,19.489017,0.245437,0.0,3.249544,3.077164,1.0,1.0,0,0
39776,-9.374916,-0.245437,0.0,19.489017,0.319068,0.0,3.249544,3.077164,1.0,1.0,0,0
39779,-9.374916,-0.26998,0.0,19.488827,0.171806,0.0,3.249544,3.077164,1.0,1.0,0,0
39787,-9.374916,-0.343611,0.0,19.488634,0.368155,0.0,3.249544,3.077164,1.0,1.0,0,0
39804,-9.374916,-0.245437,0.0,19.488634,-0.073631,-0.003906,3.249544,3.077164,1.0,1.0,0,0
39805,-9.374916,-0.294524,0.0,19.488827,0.294524,0.003906,3.249544,3.077164,1.0,1.0,0,0
39816,-9.374724,0.098175,0.0,19.488827,0.26998,-0.003906,3.249544,3.077164,1.0,1.0,0,0
39817,-9.374724,0.0,0.0,19.488634,-0.024544,0.0,3.249544,3.077164,1.0,1.0,0,0
39838,-9.374724,0.0,0.0,19.488827,0.245437,0.0,3.249544,3.077164,1.0,1.0,0,0
39839,-9.374724,0.0,0.0,19.488634,0.0,0.0,3.249544,3.077164,1.0,1.0,0,0
39846,-9.374916,-0.26998,0.0,19.489017,0.613592,0.0,3.249544,3.077164,1.0,1.0,0,0
39866,-9.374724,0.098175,0.0,19.488634,-0.024544,0.0,3.249544,3.077164,1.0,1.0,0,0
39867,-9.374724,0.0,0.003906,19.488827,0.147262,0.003906,3.249544,3.077164,1.0,1.0,0,0
39869,-9.374724,0.073631,0.0,19.488634,-0.098175,0.0,3.249544,3.077164,1.0,1.0,0,0
39877,-9.374724,0.0,0.003906,19.488634,0.196349,0.0,3.249544,3.077164,1.0,1.0,0,0
39899,-9.374916,-0.343611,0.0,19.488827,0.0,0.0,3.249544,3.077164,1.0,1.0,0,0
39900,-9.374724,0.073631,0.0,19.488827,0.368155,0.0,3.249544,3.077164,1.0,1.0,0,0
39910,-9.374724,0.0,0.003906,19.488634,-0.049087,0.0,3.249544,3.077164,1.0,1.0,0,0
39928,-9.374916,-0.343611,0.0,19.488827,0.26998,0.0,3.249544,3.077164,1.0,1.0,0,0
39930,-9.374724,0.024544,0.0,19.488634,-0.098175,0.0,3.249544,3.077164,1.0,1.0,0,0
39931,-9.374916,-0.294524,0.0,19.488634,-0.049087,0.003906,3.249544,3.077164,1.0,1.0,0,0
39938,-9.374916,-0.245437,0.0,19.488634,-0.196349,0.0,3.249544,3.077164,1.0,1.0,0,0
39961,-9.374916,-0.171806,0.0,19.488827,0.245437,0.0,3.249544,3.077164,1.0,1.0,0,0
39963,-9.374916,-0.245437,0.0,19.488827,0.171806,0.003906,3.249544,3.077164,1.0,1.0,0,0
39970,-9.374916,-0.26998,0.0,19.488634,-0.294524,0.0,3.249544,3.077164,1.0,1.0,0,0
39992,-9.374916,-0.220893,0.0,19.489017,0.122718,0.0,3.249544,3.077164,1.0,1.0,0,0
39994,-9.374916,0.024544,0.0,19.488827,0.196349,0.0,3.249544,3.077164,1.0,1.0,0,0
39995,-9.375108,-0.26998,0.0,19.488827,0.220893,0.007812,3.249544,3.077164,1.0,1.0,0,0
40002,-9.375108,-0.26998,0.0,19.488827,0.26998,0.0,3.249544,3.077164,1.0,1.0,0,0
40026,-9.375108,-0.245437,0.0,19.488634,-0.098175,0.0,3.249544,3.077164,1.0,1.0,0,0
40028,-9.375108,-0.196349,0.0,19.488634,-0.049087,-0.003906,3.249544,3.077164,1.0,1.0,0,0
40032,-9.375108,-0.245437,0.0,19.488634,-0.122718,0.0,3.249544,3.077164,1.0,1.0,0,0
40056,-9.375108,-0.147262,0.0,19.488827,0.368155,0.0,3.249544,3.077164,1.0,1.0,0,0
40058,-9.375299,-0.441786,0.0,19.488827,0.392699,0.003906,3.249544,3.077164,1.0,1.0,0,0
40059,-9.375108,-0.098175,0.0,19.489017,0.687223,0.0,3.249544,3.077164,1.0,1.0,0,0
40065,-9.375108,-0.245437,0.0,19.488634,-0.024544,0.007812,3.249544,3.077164,1.0,1.0,0,0
40086,-9.374916,0.220893,0.0,19.488634,0.098175,0.0,3.249544,3.077164,1.0,1.0,0,0
40088,-9.375108,-0.26998,0.0,19.488634,0.147262,0.007812,3.249544,3.077164,1.0,1.0,0,0
40094,-9.375108,-0.220893,0.0,19.488634,0.0,0.0,3.249544,3.077164,1.0,1.0,0,0
40095,-9.374916,0.049087,0.0,19.488827,0.392699,0.0,3.249544,3.077164,1.0,1.0,0,0
40117,-9.375108,-0.245437,0.0,19.488443,-0.319068,-0.003906,3.249544,3.077164,1.0,1.0,0,0
40118,-9.375108,-0.245437,0.0,19.488634,0.098175,0.003906,3.249544,3.077164,1.0,1.0,0,0
40128,-9.374916,0.0,0.007812,19.488634,0.024544,0.0,3.249544,3.077164,1.0,1.0,0,0
40148,-9.375108,-0.294524,0.0,19.488634,0.0,-0.003906,3.249544,3.077164,1.0,1.0,0,0
40149,-9.374916,0.0,0.0,19.488443,0.122718,0.0,3.249544,3.077164,1.0,1.0,0,0
40152,-9.375299,-0.687223,0.0,19.488634,-0.024544,0.0,3.249544,3.077164,1.0,1.0,0,0
40158,-9.374916,0.122718,0.0,19.488634,0.024544,0.0,3.249544,3.077164,1.0,1.0,0,0
40179,-9.374916,0.122718,0.0,19.488827,0.392699,0.0,3.249544,3.077164,1.0,1.0,0,0
40180,-9.375108,-0.171806,0.0,19.488634,0.073631,0.0,3.249544,3.077164,1.0,1.0,0,0
40188,-9.374916,0.098175,0.0,19.488634,0.0,0.0,3.249544,3.077164,1.0,1.0,0,0
40212,-9.375108,-0.26998,0.0,19.488827,0.319068,0.0,3.249544,3.077164,1.0,1.0,0,0
40214,-9.375108,-0.245437,0.0,19.488634,0.024544,0.0,3.249544,3.077164,1.0,1.0,0,0
40215,-9.375108,-0.294524,0.0,19.488443,-0.343611,0.0,3.249544,3.077164,1.0,1.0,0,0
40223,-9.375108,0.122718,0.0,19.488634,0.0,-0.003906,3.249544,3.077164,1.0,1.0,0,0
40241,-9.374916,0.073631,0.0,19.488634,0.0,0.0,3.249544,3.077164,1.0,1.0,0,0
40242,-9.375108,-0.343611,0.0,19.488634,0.0,0.003906,3.249544,3.077164,1.0,1.0,0,0
40252,-9.375108,-0.245437,0.0,19.488634,0.049087,0.0,3.249544,3.077164,1.0,1.0,0,0
40274,-9.375108,-0.245437,-0.007812,19.488827,0.343611,0.003906,3.249544,3.077164,1.0,1.0,0,0
40276,-9.374916,-0.245437,0.0,19.488634,0.0,0.0,3.249544,3.077164,1.0,1.0,0,0
40277,-9.374724,0.490873,0.0,19.488634,-0.049087,0.003906,3.249544,3.077164,1.0,1.0,0,0
40284,-9.375108,-0.245437,0.0,19.488827,0.392699,0.0,3.249544,3.077164,1.0,1.0,0,0
40305,-9.375108,-0.368155,-0.003906,19.488634,-0.098175,-0.003906,3.249544,3.077164,1.0,1.0,0,0
40306,-9.375108,-0.368155,0.0,19.488827,0.245437,-0.003906,3.249544,3.077164,1.0,1.0,0,0
40314,-9.374916,0.122718,0.0,19.488634,-0.147262,0.0,3.249544,3.077164,1.0,1.0,0,0
40316,-9.374724,0.343611,0.0,19.488634,-0.122718,-0.003906,3.249544,3.077164,1.0,1.0,0,0
40338,-9.374916,0.0,0.0,19.489017,0.711766,-0.003906,3.249544,3.077164,1.0,1.0,0,0
40341,-9.374916,0.024544,0.0,19.488634,0.0,0.003906,3.249544,3.077164,1.0,1.0,0,0
40348,-9.375108,-0.26998,0.0,19.488827,0.245437,0.003906,3.249544,3.077164,1.0,1.0,0,0
40374,-9.374916,0.098175,0.0,19.488827,0.122718,0.0,3.249544,3.077164,1.0,1.0,0,0
40376,-9.375108,-0.368155,0.0,19.489017,0.539961,0.0,3.249544,3.077164,1.0,1.0,0,0
40378,-9.375108,-0.319068,0.0,19.488634,-0.122718,0.0,3.249544,3.077164,1.0,1.0,0,0
40379,-9.374916,0.0,0.0,19.489017,0.589048,0.0,3.249544,3.077164,1.0,1.0,0,0
40402,-9.374916,-0.049087,0.0,19.488634,-0.147262,0.0,3.249544,3.077164,1.0,1.0,0,0
40404,-9.374916,-0.098175,-0.007812,19.489017,0.46633,0.003906,3.249544,3.077164,1.0,1.0,0,0
40408,-9.374724,0.171806,0.0,19.488827,0.171806,0.0,3.249544,3.077164,1.0,1.0,0,0
40431,-9.374724,0.073631,-0.007812,19.489017,0.441786,0.0,3.249544,3.077164,1.0,1.0,0,0
40432,-9.374916,-0.220893,0.0,19.489017,0.319068,0.003906,3.249544,3.077164,1.0,1.0,0,0
40433,-9.374916,-0.26998,0.0,19.489017,0.368155,0.0,3.249544,3.077164,1.0,1.0,0,0
40441,-9.374916,-0.368155,0.0,19.488827,0.122718,0.0,3.249544,3.077164,1.0,1.0,0,0
40462,-9.374916,-0.343611,-0.003906,19.488827,-0.098175,0.003906,3.249544,3.077164,1.0,1.0,0,0
40464,-9.374724,-0.024544,0.0,19.488827,-0.122718,0.003906,3.249544,3.077164,1.0,1.0,0,0
40470,-9.374724,0.0,0.007812,19.489017,0.245437,0.0,3.249544,3.077164,1.0,1.0,0,0
40491,-9.374724,-0.098175,0.0,19.488827,0.049087,0.0,3.249544,3.077164,1.0,1.0,0,0
40493,-9.374916,-0.343611,0.0,19.489017,0.245437,-0.003906,3.249544,3.077164,1.0,1.0,0,0
40494,-9.374724,-0.073631,0.0,19.489017,0.245437,0.003906,3.249544,3.077164,1.0,1.0,0,0
40503,-9.374916,-0.490873,0.0,19.488827,-0.147262,0.0,3.249544,3.077164,1.0,1.0,0,0
40523,-9.374724,-0.073631,0.0,19.489017,0.245437,-0.003906,3.249544,3.077164,1.0,1.0,0,0
40524,-9.374916,-0.490873,0.0,19.489017,0.171806,0.003906,3.249544,3.077164,1.0,1.0,0,0
40532,-9.374724,-0.245437,0.0,19.488827,-0.049087,0.0,3.249544,3.077164,1.0,1.0,0,0
40554,-9.374724,-0.171806,0.0,19.489017,0.26998,-0.003906,3.249544,3.077164,1.0,1.0,0,0
40555,-9.374724,-0.196349,0.0,19.488827,-0.171806,0.0,3.249544,3.077164,1.0,1.0,0,0
40557,-9.374724,-0.122718,0.0,19.489017,0.343611,0.0,3.249544,3.077164,1.0,1.0,0,0
40564,-9.374533,0.294524,0.0,19.488827,-0.122718,0.0,3.249544,3.077164,1.0,1.0,0,0
40587,-9.374724,-0.147262,0.0,19.489017,0.245437,0.0,3.249544,3.077164,1.0,1.0,0,0
40588,-9.374724,-0.245437,0.0,19.489017,0.245437,0.0,3.249544,3.077164,1.0,1.0,0,0
40596,-9.374724,0.589048,0.0,19.489017,0.196349,-0.003906,3.249544,3.077164,1.0,1.0,0,0
40598,-9.374724,-0.196349,0.0,19.488827,-0.024544,0.003906,3.249544,3.077164,1.0,1.0,0,0
40617,-9.374533,0.245437,0.0,19.488827,-0.122718,0.007812,3.249544,3.077164,1.0,1.0,0,0
40619,-9.374724,-0.245437,0.0,19.488827,-0.171806,0.0,3.249544,3.077164,1.0,1.0,0,0
40627,-9.374533,0.147262,-0.011719,19.489017,0.319068,0.0,3.249544,3.077164,1.0,1.0,0,0
40648,-9.374533,0.220893,0.0,19.489017,0.245437,0.0,3.249544,3.077164,1.0,1.0,0,0
40649,-9.374724,-0.26998,0.0,19.489017,0.171806,-0.003906,3.249544,3.077164,1.0,1.0,0,0
40657,-9.374724,-0.245437,0.0,19.489017,0.171806,0.0,3.249544,3.077164,1.0,1.0,0,0
40659,-9.374724,-0.245437,-0.003906,19.489017,0.122718,0.0,3.249544,3.077164,1.0,1.0,0,0
40681,-9.374724,-0.245437,0.0,19.489017,0.26998,0.0,3.249544,3.077164,1.0,1.0,0,0
40683,-9.374724,-0.196349,0.0,19.489017,0.073631,0.0,3.249544,3.077164,1.0,1.0,0,0
40688,-9.374724,-0.245437,0.0,19.489017,0.245437,0.003906,3.249544,3.077164,1.0,1.0,0,0
40710,-9.374533,0.073631,0.0,19.489403,0.245437,-0.003906,3.249544,3.077164,1.0,1.0,0,0
40712,-9.374533,0.049087,0.0,19.48921,0.392699,0.003906,3.249544,3.077164,1.0,1.0,0,0
40713,-9.374533,-0.024544,0.0,19.48921,0.441786,0.0,3.249544,3.077164,1.0,1.0,0,0
40721,-9.374724,-0.515417,0.0,19.48921,0.294524,0.003906,3.249544,3.077164,1.0,1.0,0,0
40745,-9.374533,-0.220893,0.0,19.489017,-0.122718,-0.003906,3.249544,3.077164,1.0,1.0,0,0
40747,-9.374341,0.073631,0.0,19.48921,0.319068,0.007812,3.249544,3.077164,1.0,1.0,0,0
40754,-9.374533,-0.368155,0.0,19.489017,-0.098175,0.0,3.249544,3.077164,1.0,1.0,0,0
40776,-9.374724,-0.809941,0.0,19.489017,-0.196349,0.0,3.249544,3.077164,1.0,1.0,0,0
40777,-9.374149,-0.024544,0.0,19.48921,0.049087,-0.003906,3.249544,3.077164,1.0,1.0,0,0
40780,-9.374149,0.220893,0.0,19.48921,0.220893,0.0,3.249544,3.077164,1.0,1.0,0,0
40783,-9.374149,0.122718,0.0,19.489403,0.368155,0.0,3.249544,3.077164,1.0,1.0,0,0
40804,-9.374341,-0.294524,0.0,19.48921,0.0,-0.003906,3.249544,3.077164,1.0,1.0,0,0
40806,-9.374533,-0.589048,0.0,19.48921,0.0,-0.003906,3.249544,3.077164,1.0,1.0,0,0
40814,-9.374341,-0.220893,0.003906,19.48921,-0.049087,0.0,3.249544,3.077164,1.0,1.0,0,0
40838,-9.374341,-0.26998,0.0,19.48921,0.0,0.0,3.249544,3.077164,1.0,1.0,0,0
40839,-9.374341,-0.245437,0.0,19.489403,0.196349,0.0,3.249544,3.077164,1.0,1.0,0,0
40840,-9.374149,0.147262,0.0,19.48921,-0.049087,0.0,3.249544,3.077164,1.0,1.0,0,0
40846,-9.374149,0.122718,0.0,19.489403,0.245437,0.0,3.249544,3.077164,1.0,1.0,0,0
40866,-9.374149,0.147262,0.0,19.489403,0.319068,0.003906,3.249544,3.077164,1.0,1.0,0,0
40868,-9.374341,-0.368155,0.0,19.489403,0.368155,0.0,3.249544,3.077164,1.0,1.0,0,0
40875,-9.374533,-0.564505,0.0,19.48921,-0.049087,0.0,3.249544,3.077164,1.0,1.0,0,0
40877,-9.374149,0.049087,0.0,19.489403,-0.073631,0.003906,3.249544,3.077164,1.0,1.0,0,0
40900,-9.374149,0.122718,0.0,19.48921,0.024544,0.0,3.249544,3.077164,1.0,1.0,0,0
40901,-9.374149,0.073631,0.0,19.489403,0.343611,0.003906,3.249544,3.077164,1.0,1.0,0,0
40908,-9.374341,-0.220893,0.0,19.489403,0.319068,0.0,3.249544,3.077164,1.0,1.0,0,0
40929,-9.374533,-0.564505,0.0,19.48921,0.024544,0.0,3.249544,3.077164,1.0,1.0,0,0
40930,-9.374341,-0.073631,-0.003906,19.489403,0.319068,0.0,3.249544,3.077164,1.0,1.0,0,0
40932,-9.374149,0.294524,0.0,19.489403,0.515417,0.0,3.249544,3.077164,1.0,1.0,0,0
40941,-9.374341,-0.220893,0.0,19.489017,-0.245437,-0.003906,3.249544,3.077164,1.0,1.0,0,0
40961,-9.374341,0.0,0.0,19.48921,0.024544,0.003906,3.249544,3.077164,1.0,1.0,0,0
40963,-9.374341,0.024544,0.0,19.48921,0.073631,0.0,3.249544,3.077164,1.0,1.0,0,0
40970,-9.374341,0.122718,0.0,19.48921,0.0,-0.003906,3.249544,3.077164,1.0,1.0,0,0
40990,-9.374533,-0.196349,0.0,19.48921,0.024544,0.0,3.249544,3.077164,1.0,1.0,0,0
40992,-9.374724,-0.539961,0.0,19.489403,0.245437,-0.003906,3.249544,3.077164,1.0,1.0,0,0
40993,-9.374533,-0.220893,-0.003906,19.489594,0.73631,0.0,3.249544,3.077164,1.0,1.0,0,0
41002,-9.374341,0.122718,0.0,19.48921,-0.049087,0.0,3.249544,3.077164,1.0,1.0,0,0
41023,-9.374533,-0.490873,0.0,19.489017,-0.147262,0.003906,3.249544,3.077164,1.0,1.0,0,0
41024,-9.374533,-0.171806,0.0,19.489017,-0.220893,0.003906,3.249544,3.077164,1.0,1.0,0,0
41032,-9.374533,-0.098175,0.0,19.48921,0.049087,0.003906,3.249544,3.077164,1.0,1.0,0,0
41054,-9.374724,-0.417242,0.0,19.48921,0.26998,0.003906,3.249544,3.077164,1.0,1.0,0,0
41055,-9.374533,-0.122718,0.0,19.48921,0.245437,0.0,3.249544,3.077164,1.0,1.0,0,0
41057,-9.374341,0.220893,0.0,19.489017,0.049087,0.003906,3.249544,3.077164,1.0,1.0,0,0
41064,-9.374533,-0.073631,0.0,19.48921,0.392699,-0.003906,3.249544,3.077164,1.0,1.0,0,0
41086,-9.374724,-0.392699,0.0,19.489017,0.0,0.0,3.249544,3.077164,1.0,1.0,0,0
41088,-9.374341,0.26998,0.0,19.48921,0.490873,-0.003906,3.249544,3.077164,1.0,1.0,0,0
41094,-9.374341,0.417242,0.0,19.48921,0.368155,0.0,3.249544,3.077164,1.0,1.0,0,0
41095,-9.374341,0.343611,0.0,19.489017,0.049087,-0.003906,3.249544,3.077164,1.0,1.0,0,0
41117,-9.374533,-0.024544,0.007812,19.489017,0.098175,0.0,3.249544,3.077164,1.0,1.0,0,0
41118,-9.374724,-0.368155,0.0,19.48921,0.392699,0.003906,3.249544,3.077164,1.0,1.0,0,0
41136,-9.374533,0.098175,0.0,19.489017,0.687223,0.0,3.249544,3.077164,1.0,1.0,0,0
41138,-9.374724,-0.294524,0.0,19.489017,0.0,-0.003906,3.249544,3.077164,1.0,1.0,0,0
41160,-9.374724,-0.319068,0.0,19.489017,0.0,0.0,3.249544,3.077164,1.0,1.0,0,0
41162,-9.374724,-0.368155,0.0,19.489017,0.024544,0.0,3.249544,3.077164,1.0,1.0,0,0
41163,-9.374533,0.049087,0.0,19.48921,0.368155,-0.003906,3.249544,3.077164,1.0,1.0,0,0
41181,-9.374533,-0.073631,0.0,19.489017,0.122718,-0.003906,3.249544,3.077164,1.0,1.0,0,0
41185,-9.374724,-0.515417,0.0,19.489017,-0.024544,0.0,3.249544,3.077164,1.0,1.0,0,0
41190,-9.374533,-0.024544,0.0,19.488827,-0.343611,0.0,3.249544,3.077164,1.0,1.0,0,0
41222,-9.374533,0.147262,0.003906,19.489017,0.196349,-0.003906,3.249544,3.077164,1.0,1.0,0,0
41224,-9.374724,-0.490873,0.0,19.489017,0.220893,-0.007812,3.249544,3.077164,1.0,1.0,0,0
41225,-9.374533,0.0,0.0,19.489017,0.098175,-0.003906,3.249544,3.077164,1.0,1.0,0,0
41227,-9.374724,-0.343611,0.0,19.489017,0.196349,-0.003906,3.249544,3.077164,1.0,1.0,0,0
41241,-9.374724,-0.46633,0.0,19.48921,0.441786,0.0,3.249544,3.077164,1.0,1.0,0,0
41243,-9.374724,-0.319068,0.0,19.489017,0.196349,-0.003906,3.249544,3.077164,1.0,1.0,0,0
41254,-9.374533,-0.049087,0.0,19.489017,0.196349,0.0,3.249544,3.077164,1.0,1.0,0,0
41272,-9.374533,0.0,0.0,19.489017,0.098175,-0.003906,3.249544,3.077164,1.0,1.0,0,0
41274,-9.374724,-0.490873,0.0,19.48921,0.122718,0.0,3.249544,3.077164,1.0,1.0,0,0
41275,-9.374341,0.122718,0.0,19.489017,0.122718,0.003906,3.249544,3.077164,1.0,1.0,0,0
41286,-9.374533,-0.319068,-0.003906,19.489017,0.245437,0.0,3.249544,3.077164,1.0,1.0,0,0
41305,-9.374724,-0.515417,0.0,19.488634,-0.515417,0.0,3.249544,3.077164,1.0,1.0,0,0
41307,-9.374341,0.024544,0.0,19.489017,0.26998,0.003906,3.249544,3.077164,1.0,1.0,0,0
41314,-9.374533,-0.368155,-0.003906,19.489017,0.368155,0.0,3.249544,3.077164,1.0,1.0,0,0
41334,-9.374533,-0.196349,0.0,19.489017,-0.122718,0.0,3.249544,3.077164,1.0,1.0,0,0
41335,-9.374533,-0.343611,0.0,19.488827,-0.024544,0.0,3.249544,3.077164,1.0,1.0,0,0
41337,-9.374533,-0.26998,0.0,19.489017,0.294524,0.0,3.249544,3.077164,1.0,1.0,0,0
41346,-9.374341,0.122718,0.0,19.489017,0.319068,-0.003906,3.249544,3.077164,1.0,1.0,0,0
41365,-9.374533,-0.319068,0.0,19.488827,0.049087,0.0,3.249544,3.077164,1.0,1.0,0,0
41366,-9.374341,0.024544,0.0,19.488827,0.098175,0.0,3.249544,3.077164,1.0,1.0,0,0
41376,-9.374533,-0.245437,-0.007812,19.488827,0.0,-0.003906,3.249544,3.077164,1.0,1.0,0,0
41408,-9.374341,0.122718,0.0,19.489017,0.441786,0.0,3.249544,3.077164,1.0,1.0,0,0
41410,-9.374341,0.098175,0.0,19.489017,0.368155,-0.003906,3.249544,3.077164,1.0,1.0,0,0
41411,-9.374341,0.098175,0.0,19.488827,0.073631,0.0,3.249544,3.077164,1.0,1.0,0,0
41412,-9.374533,-0.368155,0.0,19.489017,0.073631,0.0,3.249544,3.077164,1.0,1.0,0,0
41428,-9.374533,-0.294524,0.0,19.489017,0.368155,-0.003906,3.249544,3.077164,1.0,1.0,0,0
41430,-9.374341,-0.368155,0.0,19.489017,0.245437,0.0,3.249544,3.077164,1.0,1.0,0,0
41440,-9.374341,0.0,-0.007812,19.488634,-0.26998,0.003906,3.249544,3.077164,1.0,1.0,0,0
41441,-9.374533,-0.245437,0.0,19.488634,-0.319068,0.0,3.249544,3.077164,1.0,1.0,0,0
41459,-9.374533,0.049087,0.0,19.488827,0.122718,0.0,3.249544,3.077164,1.0,1.0,0,0
41460,-9.374533,-0.245437,-0.003906,19.489017,0.368155,-0.003906,3.249544,3.077164,1.0,1.0,0,0
41473,-9.374341,0.0,0.0,19.488634,-0.073631,0.0,3.249544,3.077164,1.0,1.0,0,0
41494,-9.374341,0.0,0.0,19.488827,0.171806,-0.003906,3.249544,3.077164,1.0,1.0,0,0
41496,-9.374341,0.049087,0.0,19.488827,0.171806,0.0,3.249544,3.077164,1.0,1.0,0,0
41497,-9.374341,-0.024544,0.0,19.488827,0.220893,-0.003906,3.249544,3.077164,1.0,1.0,0,0
41515,-9.374341,0.049087,0.0,19.488634,-0.122718,-0.003906,3.249544,3.077164,1.0,1.0,0,0
41516,-9.374341,-0.024544,0.0,19.488827,0.147262,0.003906,3.249544,3.077164,1.0,1.0,0,0
41533,-9.374341,0.049087,0.0,19.488827,0.220893,0.0,3.249544,3.077164,1.0,1.0,0,0
41534,-9.374533,-0.319068,0.0,19.488827,0.073631,0.0,3.249544,3.077164,1.0,1.0,0,0
41554,-9.374341,0.049087,0.007812,19.488634,-0.26998,0.003906,3.249544,3.077164,1.0,1.0,0,0
41555,-9.374533,-0.294524,0.0,19.489017,0.392699,0.0,3.249544,3.077164,1.0,1.0,0,0
41557,-9.374533,-0.26998,0.0,19.488827,0.171806,-0.003906,3.249544,3.077164,1.0,1.0,0,0
41565,-9.374533,-0.294524,0.0,19.488827,0.098175,-0.003906,3.249544,3.077164,1.0,1.0,0,0
41586,-9.374724,-0.711766,0.0,19.488827,0.245437,0.0,3.249544,3.077164,1.0,1.0,0,0
41588,-9.374341,0.0,-0.003906,19.488634,0.0,-0.003906,3.249544,3.077164,1.0,1.0,0,0
41596,-9.374341,0.0,0.0,19.488827,0.098175,0.0,3.249544,3.077164,1.0,1.0,0,0
41616,-9.374341,0.0,0.0,19.488634,-0.220893,-0.003906,3.249544,3.077164,1.0,1.0,0,0
41618,-9.374341,0.0,0.0,19.488827,0.220893,-0.003906,3.249544,3.077164,1.0,1.0,0,0
41619,-9.374533,-0.368155,0.0,19.488827,0.171806,-0.003906,3.249544,3.077164,1.0,1.0,0,0
41627,-9.374533,-0.319068,0.0,19.488827,-0.122718,0.007812,3.249544,3.077164,1.0,1.0,0,0
41649,-9.374341,0.0,0.0,19.488827,0.171806,0.0,3.249544,3.077164,1.0,1.0,0,0
41650,-9.374533,-0.319068,0.0,19.488827,0.122718,0.003906,3.249544,3.077164,1.0,1.0,0,0
41657,-9.374533,0.024544,0.0,19.489017,0.539961,0.0,3.249544,3.077164,1.0,1.0,0,0
41659,-9.374341,0.0,0.0,19.488634,-0.196349,0.003906,3.249544,3.077164,1.0,1.0,0,0
41679,-9.374341,-0.073631,0.0,19.488827,0.220893,-0.003906,3.249544,3.077164,1.0,1.0,0,0
41681,-9.374341,0.049087,0.0,19.488827,0.245437,0.0,3.249544,3.077164,1.0,1.0,0,0
41688,-9.374724,-0.73631,0.0,19.488827,0.245437,-0.003906,3.249544,3.077164,1.0,1.0,0,0
41710,-9.374724,-0.687223,0.0,19.488827,0.171806,-0.003906,3.249544,3.077164,1.0,1.0,0,0
41712,-9.374341,-0.098175,0.0,19.488827,0.147262,-0.003906,3.249544,3.077164,1.0,1.0,0,0
41720,-9.374341,0.049087,0.0,19.488827,0.073631,-0.003906,3.249544,3.077164,1.0,1.0,0,0
41721,-9.374341,-0.049087,0.0,19.488827,0.122718,0.0,3.249544,3.077164,1.0,1.0,0,0
41741,-9.374533,-0.343611,0.0,19.488827,0.196349,-0.003906,3.249544,3.077164,1.0,1.0,0,0
41743,-9.374341,-0.098175,0.0,19.488827,0.171806,0.0,3.249544,3.077164,1.0,1.0,0,0
41752,-9.374341,0.024544,0.0,19.488634,-0.073631,-0.003906,3.249544,3.077164,1.0,1.0,0,0
41772,-9.374341,-0.098175,0.0,19.489017,0.589048,0.0,3.249544,3.077164,1.0,1.0,0,0
41773,-9.374341,-0.049087,0.0,19.488634,-0.098175,0.003906,3.249544,3.077164,1.0,1.0,0,0
41775,-9.374341,-0.024544,0.0,19.488827,0.245437,0.0,3.249544,3.077164,1.0,1.0,0,0
41785,-9.374341,0.0,0.0,19.488827,0.098175,0.0,3.249544,3.077164,1.0,1.0,0,0
41803,-9.374341,-0.024544,0.0,19.488827,0.024544,-0.003906,3.249544,3.077164,1.0,1.0,0,0
41805,-9.374341,-0.417242,0.0,19.488827,0.073631,0.0,3.249544,3.077164,1.0,1.0,0,0
41814,-9.374341,-0.049087,0.0,19.489017,0.368155,-0.003906,3.249544,3.077164,1.0,1.0,0,0
41834,-9.374341,0.0,0.0,19.488827,0.049087,-0.003906,3.249544,3.077164,1.0,1.0,0,0
41836,-9.374341,0.0,0.0,19.488827,0.171806,0.0,3.249544,3.077164,1.0,1.0,0,0
41837,-9.374533,-0.368155,0.0,19.488827,0.171806,0.0,3.249544,3.077164,1.0,1.0,0,0
41849,-9.374533,-0.392699,0.0,19.488827,0.098175,0.0,3.102857,3.077164,1.0,1.0,0,0
41889,-9.374533,0.0,0.0,19.488634,-0.220893,0.007812,3.102857,3.077164,1.0,1.0,0,0
41891,-9.374341,0.0,0.0,19.488634,-0.220893,-0.003906,3.102857,3.077164,1.0,1.0,0,0
41893,-9.374341,0.024544,0.0,19.488634,-0.245437,0.0,3.102857,3.077164,1.0,1.0,0,0
41894,-9.374341,-0.049087,0.0,19.488827,0.171806,0.0,3.102857,3.077164,1.0,1.0,0,0
41895,-9.374533,-0.368155,0.0,19.488827,0.073631,-0.003906,3.102857,3.077164,1.0,1.0,0,0
41909,-9.374341,-0.024544,0.0,19.488827,0.147262,0.0,3.102857,3.077164,1.0,1.0,0,0
41911,-9.374533,-0.392699,0.0,19.488827,0.098175,0.0,3.102857,3.077164,1.0,1.0,0,0
41929,-9.374533,-0.294524,0.0,19.488634,-0.098175,0.0,3.102857,3.077164,1.0,1.0,0,0
41930,-9.374533,-0.392699,0.0,19.488634,-0.171806,0.0,3.102857,3.077164,1.0,1.0,0,0
41939,-9.374724,-0.711766,0.0,19.488634,-0.098175,-0.003906,3.102857,3.077164,1.0,1.0,0,0
41958,-9.374341,0.024544,0.0,19.488827,0.319068,0.0,3.102857,3.077164,1.0,1.0,0,0
41960,-9.374341,0.049087,0.0,19.488827,0.122718,0.0,3.102857,3.077164,1.0,1.0,0,0
41961,-9.374341,0.073631,0.0,19.488827,0.147262,0.0,3.102857,3.077164,1.0,1.0,0,0
41973,-9.374533,0.073631,0.0,19.488827,0.098175,0.003906,3.102857,3.077164,1.0,1.0,0,0
41990,-9.374341,0.049087,0.0,19.488634,-0.122718,0.0,3.102857,3.077164,1.0,1.0,0,0
41991,-9.374533,-0.368155,0.0,19.489017,0.515417,0.003906,3.102857,3.077164,1.0,1.0,0,0
42003,-9.374341,-0.024544,0.0,19.488827,0.171806,0.003906,3.102857,3.077164,1.0,1.0,0,0
42005,-9.374149,0.392699,0.0,19.488827,0.147262,0.0,3.102857,3.077164,1.0,1.0,0,0
42023,-9.374533,-0.368155,0.0,19.488443,-0.589048,-0.003906,3.102857,3.077164,1.0,1.0,0,0
42024,-9.374533,-0.343611,-0.007812,19.488827,0.098175,-0.003906,3.102857,3.077164,1.0,1.0,0,0
42034,-9.374533,-0.368155,0.0,19.488827,0.196349,0.003906,3.102857,3.077164,1.0,1.0,0,0
42052,-9.374341,-0.024544,0.0,19.488827,0.343611,0.0,3.102857,3.077164,1.0,1.0,0,0
42053,-9.374341,0.024544,0.0,19.488634,0.0,0.0,3.102857,3.077164,1.0,1.0,0,0
42055,-9.374724,-0.711766,0.0,19.488634,-0.171806,0.0,3.102857,3.077164,1.0,1.0,0,0
42067,-9.374341,-0.024544,0.0,19.488827,0.245437,0.0,3.102857,3.077164,1.0,1.0,0,0
42097,-9.374341,0.024544,0.0,19.488827,0.196349,0.003906,3.102857,3.077164,1.0,1.0,0,0
42099,-9.374341,-0.024544,0.0,19.488827,0.196349,0.0,3.102857,3.077164,1.0,1.0,0,0
42100,-9.374724,-0.711766,0.0,19.488634,-0.147262,0.0,3.102857,3.077164,1.0,1.0,0,0
42116,-9.374341,0.0,0.003906,19.488827,0.26998,-0.003906,3.102857,3.077164,1.0,1.0,0,0
42117,-9.374341,0.049087,0.0,19.488827,0.245437,-0.003906,3.102857,3.077164,1.0,1.0,0,0
42119,-9.374341,0.0,0.0,19.488634,0.0,0.0,3.102857,3.077164,1.0,1.0,0,0
42127,-9.374341,-0.024544,0.0,19.488634,0.0,-0.007812,3.083682,3.077164,1.0,1.0,0,0
42149,-9.374341,0.024544,-0.003906,19.488634,-0.122718,0.0,3.083682,3.077164,1.0,1.0,0,0
42151,-9.374533,-0.392699,0.0,19.488827,0.343611,0.0,3.083682,3.077164,1.0,1.0,0,0
42157,-9.374341,0.0,0.0,19.488827,0.220893,-0.003906,3.083682,3.077164,1.0,1.0,0,0
42178,-9.374724,-0.711766,0.0,19.488827,0.245437,0.003906,3.083682,3.077164,1.0,1.0,0,0
42180,-9.374341,0.0,0.0,19.488827,0.343611,-0.003906,3.083682,3.077164,1.0,1.0,0,0
42181,-9.374341,-0.024544,0.0,19.488827,0.343611,0.003906,3.083682,3.077164,1.0,1.0,0,0
42189,-9.374149,0.245437,0.0,19.488827,0.368155,0.003906,3.083682,3.077164,1.0,1.0,0,0
42211,-9.374341,-0.073631,0.0,19.488634,-0.024544,-0.011719,3.083682,3.077164,1.0,1.0,0,0
42212,-9.374533,-0.343611,0.0,19.488634,0.0,-0.003906,3.083682,3.077164,1.0,1.0,0,0
42219,-9.374341,0.0,0.0,19.488634,0.0,0.0,3.083682,3.077164,1.0,1.0,0,0
42221,-9.374533,-0.049087,0.0,19.488634,0.0,-0.003906,3.083682,3.077164,1.0,1.0,0,0
42241,-9.374149,0.343611,0.0,19.488634,-0.073631,0.0,3.083682,3.077164,1.0,1.0,0,0
42243,-9.374341,-0.024544,-0.007812,19.488634,0.0,0.003906,3.083682,3.077164,1.0,1.0,0,0
42252,-9.374341,-0.024544,0.0,19.488827,0.26998,0.0,3.083682,3.077164,1.0,1.0,0,0
42272,-9.374533,-0.368155,0.0,19.488634,0.0,0.0,3.083682,3.077164,1.0,1.0,0,0
42274,-9.374341,0.0,0.0,19.488827,0.294524,0.003906,3.083682,3.077164,1.0,1.0,0,0
42284,-9.374533,-0.368155,0.0,19.488634,-0.098175,0.0,3.083682,3.077164,1.0,1.0,0,0
42285,-9.374533,-0.441786,0.0,19.488634,0.0,0.0,3.083682,3.077164,1.0,1.0,0,0
42303,-9.374341,0.0,0.0,19.488634,0.0,0.0,3.083682,3.077164,1.0,1.0,0,0
42304,-9.374341,0.0,0.0,19.489017,0.613592,0.0,3.083682,3.077164,1.0,1.0,0,0
42316,-9.374533,-0.417242,0.0,19.488634,-0.049087,0.0,3.083682,3.077164,1.0,1.0,0,0
42334,-9.374341,-0.049087,0.0,19.488827,0.294524,0.0,3.083682,3.077164,1.0,1.0,0,0
42336,-9.374533,-0.073631,0.0,19.488827,0.245437,0.0,3.083682,3.077164,1.0,1.0,0,0
42339,-9.374149,0.122718,0.003906,19.488634,-0.098175,0.003906,3.083682,3.077164,1.0,1.0,0,0
42348,-9.374341,0.0,0.0,19.488827,-0.196349,0.003906,3.083682,3.077164,1.0,1.0,0,0
42366,-9.374533,-0.46633,0.0,19.488827,0.343611,0.0,3.083682,3.077164,1.0,1.0,0,0
42368,-9.374149,-0.319068,0.0,19.488634,-0.073631,0.0,3.083682,3.077164,1.0,1.0,0,0
42387,-9.374533,-0.392699,0.0,19.488827,0.245437,0.003906,3.083682,3.077164,1.0,1.0,0,0
42389,-9.374341,-0.073631,0.0,19.488827,0.220893,-0.003906,3.083682,3.077164,1.0,1.0,0,0
42390,-9.374341,-0.024544,0.0,19.488827,0.122718,-0.003906,3.083682,3.077164,1.0,1.0,0,0
42410,-9.374149,0.147262,-0.007812,19.488634,-0.122718,0.0,3.083682,3.077164,1.0,1.0,0,0
42412,-9.374724,-0.809941,0.0,19.488827,0.294524,0.0,3.083682,3.077164,1.0,1.0,0,0
42429,-9.374341,0.147262,0.0,19.488634,-0.098175,0.003906,3.083682,3.077164,1.0,1.0,0,0
42431,-9.374341,-0.147262,0.0,19.488827,0.26998,-0.003906,3.083682,3.077164,1.0,1.0,0,0
42440,-9.374149,0.171806,0.0,19.488634,-0.098175,0.0,3.083682,3.077164,1.0,1.0,0,0
42458,-9.374533,-0.539961,0.0,19.488443,-0.368155,0.0,3.083682,3.077164,1.0,1.0,0,0
42460,-9.374341,-0.049087,0.0,19.488634,-0.073631,0.0,3.083682,3.077164,1.0,1.0,0,0
42462,-9.374341,-0.098175,0.0,19.488634,-0.024544,0.0,3.083682,3.077164,1.0,1.0,0,0
42473,-9.374149,0.220893,0.0,19.488634,-0.073631,0.0,3.083682,3.077164,1.0,1.0,0,0
42491,-9.374341,-0.26998,0.0,19.488634,-0.024544,0.003906,3.083682,3.077164,1.0,1.0,0,0
42493,-9.374341,-0.245437,0.0,19.488827,0.343611,0.0,3.083682,3.077164,1.0,1.0,0,0
42501,-9.374341,-0.245437,0.0,19.488634,0.26998,0.0,3.083682,3.077164,1.0,1.0,0,0
42503,-9.374341,-0.245437,0.0,19.488634,-0.049087,0.0,3.083682,3.077164,1.0,1.0,0,0
42524,-9.374341,-0.171806,0.0,19.488827,0.319068,0.0,3.083682,3.077164,1.0,1.0,0,0
42526,-9.374341,-0.122718,0.0,19.488634,0.024544,-0.003906,3.083682,3.077164,1.0,1.0,0,0
42534,-9.374149,0.147262,0.0,19.488634,0.0,0.0,3.083682,3.077164,1.0,1.0,0,0
42565,-9.374533,-0.147262,0.0,19.488827,0.368155,0.0,3.083682,3.077164,1.0,1.0,0,0
42566,-9.374149,0.171806,0.0,19.488634,0.073631,0.0,3.083682,3.077164,1.0,1.0,0,0
42567,-9.374341,-0.122718,0.0,19.488634,0.196349,0.003906,3.083682,3.077164,1.0,1.0,0,0
42569,-9.374341,-0.196349,0.0,19.488634,0.0,-0.003906,3.083682,3.077164,1.0,1.0,0,0
42600,-9.374341,-0.196349,0.0,19.488827,0.392699,0.0,3.083682,3.077164,1.0,1.0,0,0
42601,-9.374341,-0.220893,0.0,19.488827,0.392699,0.003906,3.083682,3.077164,1.0,1.0,0,0
42602,-9.374341,-0.245437,0.0,19.488634,0.122718,0.0,3.083682,3.077164,1.0,1.0,0,0
42616,-9.374341,-0.171806,0.0,19.488443,-0.122718,-0.003906,3.083682,3.077164,1.0,1.0,0,0
42618,-9.374341,-0.196349,0.0,19.488634,0.171806,0.003906,3.083682,3.077164,1.0,1.0,0,0
42619,-9.374341,-0.220893,0.0,19.488827,0.564505,0.0,3.083682,3.077164,1.0,1.0,0,0
42637,-9.374533,-0.049087,0.003906,19.488634,0.171806,0.003906,3.083682,3.077164,1.0,1.0,0,0
42639,-9.374341,-0.098175,0.0,19.488443,-0.147262,-0.003906,3.083682,3.077164,1.0,1.0,0,0
42662,-9.374341,-0.26998,0.0,19.488634,0.073631,0.0,3.083682,3.077164,1.0,1.0,0,0
42665,-9.374341,-0.196349,0.0,19.488443,-0.171806,0.003906,3.083682,3.077164,1.0,1.0,0,0
42682,-9.374341,-0.122718,-0.003906,19.488443,-0.26998,0.003906,3.083682,3.077164,1.0,1.0,0,0
42684,-9.374341,-0.245437,0.0,19.488634,0.049087,-0.003906,3.083682,3.077164,1.0,1.0,0,0
42686,-9.374341,-0.245437,0.0,19.488634,0.245437,0.0,3.083682,2.854546,1.0,1.0,0,0
42691,-9.374341,-0.098175,0.0,19.488634,0.196349,0.0,3.083682,2.854546,1.0,1.0,0,0
42711,-9.374341,-0.122718,0.0,19.488827,0.417242,0.0,3.083682,2.854353,1.0,1.0,0,0
42712,-9.374341,-0.098175,0.0,19.488634,0.122718,0.0,3.083682,2.854353,1.0,1.0,0,0
42722,-9.374149,0.147262,-0.007812,19.488634,0.049087,0.0,3.083682,2.854353,1.0,1.0,0,0
42740,-9.374341,-0.098175,0.0,19.488827,0.441786,0.003906,3.083682,2.854353,1.0,1.0,0,0
42742,-9.374341,-0.098175,0.0,19.488634,0.098175,-0.003906,3.083682,2.854353,1.0,1.0,0,0
42743,-9.374341,-0.024544,0.0,19.488634,0.122718,-0.003906,3.083682,2.85416,1.0,1.0,0,0
42752,-9.374149,0.171806,0.0,19.488443,-0.245437,0.0,3.083682,2.85416,1.0,1.0,0,0
42775,-9.374341,-0.073631,0.0,19.488634,0.147262,0.0,3.083682,2.85416,1.0,1.0,0,0
42776,-9.374533,-0.515417,0.0,19.488634,0.098175,0.003906,3.083682,2.85416,1.0,1.0,0,0
42784,-9.374341,-0.073631,0.0,19.488634,0.196349,-0.003906,3.083682,2.85416,1.0,1.0,0,0
42828,-9.374341,0.024544,0.0,19.488634,0.245437,-0.003906,3.083682,2.85416,1.0,1.0,0,0
42829,-9.374341,-0.147262,0.0,19.488634,0.024544,0.003906,3.083682,2.85416,1.0,1.0,0,0
42831,-9.374341,-0.073631,0.0,19.488634,0.098175,0.0,3.083682,2.853777,1.0,1.0,0,0
42832,-9.374341,-0.024544,-0.003906,19.488634,0.122718,0.0,3.083682,2.853777,1.0,1.0,0,0
42835,-9.374341,0.0,0.0,19.488634,0.098175,0.0,3.083682,2.853777,1.0,1.0,0,0
42836,-9.374341,-0.024544,0.0,19.488634,0.368155,-0.003906,3.083682,2.853777,1.0,1.0,0,0
42846,-9.374341,-0.147262,0.0,19.488634,0.024544,-0.003906,3.083682,2.853777,1.0,1.0,0,0
42847,-9.374533,-0.392699,0.0,19.488443,-0.26998,0.0,3.083682,2.853777,1.0,1.0,0,0
42868,-9.374341,0.024544,0.0,19.488634,0.0,0.0,3.083682,2.853777,1.0,1.0,0,0
42869,-9.374341,0.0,0.0,19.488634,0.024544,-0.003906,3.083682,2.853777,1.0,1.0,0,0
42876,-9.374341,-0.147262,0.0,19.488827,0.343611,0.0,3.083682,2.853777,1.0,1.0,0,0
42898,-9.374533,-0.368155,-0.003906,19.488443,-0.368155,-0.003906,2.860296,2.842657,1.0,1.0,0,0
42899,-9.374341,-0.147262,0.0,19.488634,-0.024544,0.003906,2.860296,2.842657,1.0,1.0,0,0
42908,-9.374341,-0.147262,0.003906,19.488634,0.0,0.0,2.860296,2.842657,1.0,1.0,0,0
42909,-9.374341,-0.245437,0.003906,19.488634,-0.024544,-0.003906,2.860296,2.842657,1.0,1.0,0,0
42921,-9.374533,-0.490873,0.023438,19.488443,-0.319068,0.0,2.860296,2.842657,1.0,1.0,0,0
42930,-9.374533,-0.46633,0.0,19.488634,0.024544,-0.003906,2.860296,2.842657,1.0,1.0,0,0
42952,-9.374341,0.0,0.0,19.488827,0.368155,0.0,2.860296,2.842657,1.0,1.0,0,0
42954,-9.374533,-0.417242,-0.003906,19.488827,0.368155,0.003906,2.860296,2.842657,1.0,1.0,0,0
42974,-9.374341,-0.564505,0.0,19.488634,-0.024544,0.0,2.860296,2.842657,1.0,1.0,0,0
42976,-9.374341,-0.122718,-0.007812,19.488634,0.049087,0.003906,2.860296,2.842657,1.0,1.0,0,0
42977,-9.374341,-0.024544,0.0,19.488634,0.0,0.0,2.860296,2.842657,1.0,1.0,0,0
42994,-9.374341,-0.220893,0.0,19.488827,0.392699,0.003906,2.860296,2.842657,1.0,1.0,0,0
42996,-9.374341,-0.122718,0.0,19.488634,0.0,0.0,2.860296,2.842657,1.0,1.0,0,0
43004,-9.374341,-0.245437,0.0,19.488634,0.0,0.0,2.860296,2.842657,1.0,1.0,0,0
43024,-9.374149,0.122718,0.0,19.488634,-0.073631,0.003906,2.860296,2.842657,1.0,1.0,0,0
43025,-9.374341,-0.245437,0.0,19.488634,0.024544,0.0,2.860296,2.842657,1.0,1.0,0,0
43027,-9.374341,-0.147262,0.0,19.488634,0.024544,0.0,2.860296,2.842657,1.0,1.0,0,0
43047,-9.374341,-0.245437,0.0,19.488827,0.392699,0.0,2.860296,2.842657,1.0,1.0,0,0
43049,-9.374149,0.245437,0.0,19.488634,0.024544,0.003906,2.860296,2.842657,1.0,1.0,0,0
43065,-9.374341,-0.245437,0.0,19.488827,0.368155,0.003906,2.860296,2.842657,1.0,1.0,0,0
43066,-9.374341,-0.196349,0.0,19.488443,-0.343611,0.003906,2.860296,2.842657,1.0,1.0,0,0
43078,-9.374341,-0.196349,0.0,19.488634,0.0,0.003906,2.860296,2.842657,1.0,1.0,0,0
43079,-9.374149,0.122718,0.0,19.488634,0.245437,0.0,2.860296,2.842657,1.0,1.0,0,0
43093,-9.374341,-0.220893,0.0,19.488827,0.319068,0.0,2.860296,2.842657,1.0,1.0,0,0
43111,-9.374149,0.122718,-0.003906,19.488634,-0.073631,0.0,2.860296,2.842657,1.0,1.0,0,0
43112,-9.374341,-0.245437,0.0,19.489017,0.613592,-0.007812,2.860296,2.842657,1.0,1.0,0,0
43119,-9.374341,-0.245437,0.0,19.488827,0.368155,0.0,2.860296,2.842657,1.0,1.0,0,0
43138,-9.374533,-0.539961,0.0,19.488827,0.26998,0.003906,2.860296,2.842657,1.0,1.0,0,0
43139,-9.374341,-0.245437,0.0,19.488827,0.245437,0.0,2.860296,2.842657,1.0,1.0,0,0
43141,-9.374341,-0.294524,0.0,19.488827,0.245437,0.003906,2.860296,2.842657,1.0,1.0,0,0
43163,-9.374149,0.122718,0.0,19.488827,0.343611,0.003906,2.860296,2.842657,1.0,1.0,0,0
43164,-9.374533,-0.589048,0.0,19.488827,0.294524,0.0,2.860296,2.842657,1.0,1.0,0,0
43183,-9.374149,0.196349,0.0,19.488827,0.073631,0.003906,2.860296,2.842657,1.0,1.0,0,0
43184,-9.374149,0.122718,0.0,19.488634,-0.196349,0.0,2.860296,2.842657,1.0,1.0,0,0
43194,-9.374341,-0.245437,0.0,19.489017,-0.098175,-0.003906,2.860296,2.842657,1.0,1.0,0,0
43214,-9.374341,-0.220893,0.0,19.488827,0.147262,0.0,2.860296,2.842657,1.0,1.0,0,0
43215,-9.374341,0.122718,0.0,19.488634,-0.098175,0.003906,2.860296,2.842657,1.0,1.0,0,0
43217,-9.374341,-0.245437,0.0,19.488827,0.245437,0.0,2.860296,2.842657,1.0,1.0,0,0
43245,-9.374149,0.196349,0.0,19.488827,0.0,0.003906,2.860296,2.842657,1.0,1.0,0,0
43249,-9.374149,0.098175,-0.007812,19.488634,-0.294524,0.003906,2.860296,2.842657,1.0,1.0,0,0
43250,-9.374341,-0.245437,0.0,19.489017,0.343611,0.003906,2.860296,2.842657,1.0,1.0,0,0
43251,-9.374341,-0.196349,0.0,19.488827,0.0,0.0,2.860296,2.842657,1.0,1.0,0,0
43269,-9.374341,-0.073631,0.0,19.489017,0.319068,-0.003906,2.860296,2.842657,1.0,1.0,0,0
43271,-9.374341,-0.220893,0.0,19.488827,0.0,0.003906,2.860296,2.842657,1.0,1.0,0,0
43280,-9.374533,-0.441786,0.0,19.488827,-0.024544,0.0,2.860296,2.842657,1.0,1.0,0,0
43302,-9.374149,0.319068,0.0,19.488827,-0.049087,0.0,2.860296,2.842657,1.0,1.0,0,0
43304,-9.374341,-0.245437,0.0,19.489017,0.319068,0.0,2.860296,2.842657,1.0,1.0,0,0
43311,-9.374341,-0.245437,0.0,19.488827,0.0,0.0,2.860296,2.842657,1.0,1.0,0,0
43312,-9.374149,0.122718,0.0,19.489017,0.319068,0.003906,2.860296,2.842657,1.0,1.0,0,0
43322,-9.374149,0.024544,0.0,19.489017,0.392699,0.003906,2.860296,2.842657,1.0,1.0,0,0
43349,-9.374341,-0.294524,0.0,19.489017,0.26998,0.007812,2.860296,2.842657,1.0,1.0,0,0
43351,-9.374341,-0.26998,-0.007812,19.489017,0.319068,0.0,2.860296,2.842657,1.0,1.0,0,0
43352,-9.374341,-0.368155,0.0,19.488827,-0.024544,0.003906,2.860296,2.842657,1.0,1.0,0,0
43369,-9.374149,0.0,0.0,19.488827,0.049087,0.0,2.860296,2.842657,1.0,1.0,0,0
43371,-9.374149,0.0,0.0,19.488827,0.049087,-0.003906,2.860296,2.842657,1.0,1.0,0,0
43391,-9.374149,0.0,0.0,19.488827,0.760854,0.0,2.860296,2.842657,1.0,1.0,0,0
43393,-9.374341,-0.319068,0.0,19.488827,-0.122718,0.003906,2.860296,2.842657,1.0,1.0,0,0
43400,-9.374149,0.0,0.0,19.488634,-0.073631,0.0,2.860296,2.842657,1.0,1.0,0,0
43410,-9.374149,-0.049087,0.0,19.488827,-0.049087,0.003906,2.860296,2.842657,1.0,1.0,0,0
43411,-9.374341,-0.441786,0.0,19.489017,0.245437,-0.003906,2.860296,2.842657,1.0,1.0,0,0
43433,-9.374149,0.024544,0.0,19.489017,0.220893,0.0,2.860296,2.842657,1.0,1.0,0,0
43435,-9.374149,0.0,0.0,19.48921,0.589048,0.0,2.860296,2.842657,1.0,1.0,0,0
43444,-9.373958,0.343611,0.0,19.489017,0.196349,0.0,2.860296,2.842657,1.0,1.0,0,0
43464,-9.374149,0.245437,0.007812,19.489017,0.098175,0.0,2.860296,2.842657,1.0,1.0,0,0
43466,-9.374149,-0.098175,0.0,19.488827,-0.098175,-0.003906,2.860296,2.842657,1.0,1.0,0,0
43467,-9.374149,-0.098175,0.0,19.489017,0.098175,0.0,2.860296,2.842657,1.0,1.0,0,0
43487,-9.374341,-0.343611,0.0,19.48921,0.417242,0.0,2.860296,2.842657,1.0,1.0,0,0
43488,-9.374149,0.024544,0.003906,19.489017,0.098175,0.0,2.860296,2.842657,1.0,1.0,0,0
43496,-9.374341,-0.417242,0.0,19.489017,0.171806,0.0,2.860296,2.842657,1.0,1.0,0,0
43518,-9.374149,-0.098175,0.0,19.488827,-0.392699,0.0,2.860296,2.842657,1.0,1.0,0,0
43520,-9.374341,-0.490873,0.0,19.488827,-0.343611,0.0,2.860296,2.842657,1.0,1.0,0,0
43521,-9.374149,-0.147262,0.0,19.48921,0.490873,0.0,2.860296,2.842657,1.0,1.0,0,0
43539,-9.374341,-0.392699,0.0,19.48921,0.46633,0.003906,2.860296,2.842657,1.0,1.0,0,0
43541,-9.374149,-0.245437,0.0,19.488827,-0.122718,0.0,2.860296,2.842657,1.0,1.0,0,0
43551,-9.373958,0.049087,0.0,19.488827,-0.024544,0.003906,2.860296,2.842657,1.0,1.0,0,0
43568,-9.374149,-0.343611,0.0,19.488827,-0.122718,0.003906,2.860296,2.842657,1.0,1.0,0,0
43570,-9.373958,0.0,0.0,19.489017,0.245437,0.003906,2.860296,2.842657,1.0,1.0,0,0
43582,-9.373958,-0.049087,0.0,19.489017,0.294524,0.003906,2.860296,2.842657,1.0,1.0,0,0
43583,-9.373958,0.0,-0.003906,19.488827,-0.073631,0.0,2.860296,2.842657,1.0,1.0,0,0
43590,-9.373958,0.024544,0.0,19.489017,0.294524,0.0,2.860296,2.842657,1.0,1.0,0,0
43602,-9.374149,-0.368155,0.0,19.489017,0.26998,0.003906,2.860296,2.842657,1.0,1.0,0,0
43624,-9.373958,-0.073631,0.003906,19.488827,-0.024544,0.0,2.860296,2.842657,1.0,1.0,0,0
43629,-9.374149,-0.368155,0.0,19.489017,0.245437,0.003906,2.860296,2.842657,1.0,1.0,0,0
43634,-9.373958,-0.049087,0.0,19.489017,0.196349,0.0,2.860296,2.842657,1.0,1.0,0,0
43635,-9.373958,0.024544,0.0,19.489403,0.981747,0.0,2.860296,2.842657,1.0,1.0,0,0
43655,-9.373958,-0.073631,-0.003906,19.489017,0.26998,0.003906,2.860296,2.842657,1.0,1.0,0,0
43657,-9.373958,0.0,0.0,19.488827,-0.171806,0.007812,2.860296,2.842657,1.0,1.0,0,0
43663,-9.374149,-0.294524,0.007812,19.488634,-0.368155,0.003906,2.860296,2.842657,1.0,1.0,0,0
43685,-9.373958,-0.024544,0.0,19.489017,0.26998,-0.003906,2.860296,2.842657,1.0,1.0,0,0
43687,-9.373958,-0.098175,0.0,19.489017,0.147262,0.0,2.860296,2.842657,1.0,1.0,0,0
43694,-9.373766,0.26998,0.0,19.489017,0.294524,0.0,2.860296,2.842657,1.0,1.0,0,0
43715,-9.373766,-0.098175,0.0,19.489017,0.245437,0.003906,2.860296,2.842657,1.0,1.0,0,0
43718,-9.373766,-0.343611,0.0,19.48921,-0.245437,0.003906,2.860296,2.842657,1.0,1.0,0,0
43719,-9.373574,-0.171806,0.0,19.489017,0.098175,0.0,2.860296,2.842657,1.0,1.0,0,0
43727,-9.373382,-0.220893,0.0,19.489017,0.122718,-0.003906,2.860296,2.842657,1.0,1.0,0,0
43751,-9.37319,-0.319068,0.0,19.489017,0.0,-0.003906,2.860296,2.842657,1.0,1.0,0,0
43752,-9.372998,-0.098175,0.0,19.48921,0.343611,0.007812,2.860296,2.842657,1.0,1.0,0,0
43774,-9.372998,-0.46633,0.0,19.48921,-0.319068,0.0,2.860296,2.842657,1.0,1.0,0,0
43782,-9.372615,-0.196349,0.0,19.48921,0.368155,0.0,2.860296,2.842657,1.0,1.0,0,0
43783,-9.372423,0.049087,0.0,19.48921,0.392699,0.0,2.860296,2.842657,1.0,1.0,0,0
43785,-9.372423,-0.024544,0.0,19.489017,-0.024544,0.0,2.860296,2.842657,1.0,1.0,0,0
43803,-9.372231,0.049087,0.0,19.489017,-0.049087,0.0,2.860296,2.842657,1.0,1.0,0,0
43805,-9.372231,0.049087,0.0,19.489017,0.073631,-0.003906,2.860296,2.842657,1.0,1.0,0,0
43825,-9.371848,0.220893,0.0,19.489017,0.0,-0.003906,2.860296,2.842657,1.0,1.0,0,0
43826,-9.371656,-0.073631,0.0,19.489017,-0.073631,0.0,2.860296,2.842657,1.0,1.0,0,0
43831,-9.371273,0.0,0.0,19.489017,0.0,-0.003906,2.860296,2.842657,1.0,1.0,0,0
43833,-9.37089,-0.073631,0.007812,19.48921,0.245437,0.003906,2.860296,2.842657,1.0,1.0,0,0
43869,-9.370506,-0.147262,-0.003906,19.489017,0.196349,-0.003906,2.860296,2.842657,1.0,1.0,0,0
43871,-9.370122,-0.098175,0.007812,19.489017,0.245437,0.003906,2.860296,2.842657,1.0,1.0,0,0
43872,-9.370122,-0.196349,0.0,19.48921,0.490873,-0.003906,2.860296,2.842657,1.0,1.0,0,0
43884,-9.370314,-0.589048,0.0,19.489017,0.073631,0.0,2.860296,2.842657,1.0,1.0,0,0
43885,-9.36993,0.024544,0.0,19.489017,0.196349,0.003906,2.860296,2.842657,1.0,1.0,0,0
43902,-9.370122,-0.343611,0.0,19.489017,0.0,0.0,2.860296,2.842657,1.0,1.0,0,0
43904,-9.370122,-0.343611,0.0,19.489017,0.098175,0.0,2.860296,2.842657,1.0,1.0,0,0
43917,-9.36993,-0.220893,0.0,19.489017,0.098175,0.0,2.860296,2.842657,1.0,1.0,0,0
43934,-9.36993,-0.049087,0.0,19.489017,0.0,0.0,2.860296,2.842657,1.0,1.0,0,0
43936,-9.369739,0.073631,0.0,19.488827,-0.098175,0.0,2.860296,2.842657,1.0,1.0,0,0
43937,-9.369547,-0.024544,0.0,19.488827,-0.196349,0.0,2.860296,2.842657,1.0,1.0,0,0
43955,-9.368397,-0.098175,-0.007812,19.489017,0.343611,0.0,2.860296,2.842657,1.0,1.0,0,0
43957,-9.367054,0.098175,0.0,19.488827,-0.024544,-0.003906,2.860296,2.842657,1.0,1.0,0,0
43964,-9.365712,0.0,0.0,19.488827,0.024544,0.0,2.860296,2.842657,1.0,1.0,0,0
43976,-9.363794,0.220893,0.0,19.488634,-0.122718,0.0,2.860296,2.842657,1.0,1.0,0,0
43978,-9.360918,0.245437,0.0,19.488827,0.098175,-0.003906,2.860296,2.842657,1.0,1.0,0,0
43988,-9.355358,0.809941,0.0,19.488634,-0.024544,0.0,2.860296,2.842657,1.0,1.0,0,0
43998,-9.346154,0.883572,0.0,19.488634,-0.171806,0.0,2.860296,2.842657,1.0,1.0,0,0
44019,-9.337142,0.662679,0.0,19.489017,0.539961,0.003906,2.860296,2.842657,1.0,1.0,0,0
44020,-9.326595,1.521708,0.0,19.488634,0.049087,0.0,2.860296,2.842657,1.0,1.0,0,0
44030,-9.309722,2.135299,0.0,19.488634,0.196349,-0.003906,2.860296,2.842657,1.0,1.0,0,0
44031,-9.284411,3.018872,-0.003906,19.488634,0.245437,0.003906,2.860296,2.842657,1.0,1.0,0,0
44043,-9.254498,3.018872,0.003906,19.488634,0.343611,0.0,2.860296,2.842657,1.0,1.0,0,0
44061,-9.231873,1.47262,0.011719,19.488443,0.343611,-0.003906,2.860296,2.842657,1.0,1.0,0,0
44062,-9.221326,0.46633,0.003906,19.488443,0.294524,0.007812,2.860296,2.842657,1.0,1.0,0,0
44075,-9.221519,-0.294524,0.0,19.488251,0.0,-0.003906,2.860296,2.842657,1.0,1.0,0,0
44092,-9.222094,-0.368155,0.0,19.488443,0.368155,0.0,2.860296,2.842657,1.0,1.0,0,0
44093,-9.221519,0.0,-0.003906,19.488251,-0.024544,0.003906,2.860296,2.842657,1.0,1.0,0,0
44095,-9.221326,-0.196349,0.0,19.488443,0.368155,0.003906,2.860296,2.842657,1.0,1.0,0,0
44105,-9.220942,-0.343611,0.0,19.488634,-0.024544,0.0,2.860296,2.842657,1.0,1.0,0,0
44125,-9.221134,-0.441786,0.0,19.488634,0.73631,0.003906,2.860296,2.842657,1.0,1.0,0,0
44126,-9.220559,0.122718,0.0,19.488251,-0.024544,0.0,2.860296,2.842657,1.0,1.0,0,0
44134,-9.220559,-0.196349,0.0,19.488251,0.0,0.0,2.860296,2.842657,1.0,1.0,0,0
44156,-9.220559,-0.368155,0.0,19.488443,0.417242,0.0,2.860296,2.842657,1.0,1.0,0,0
44157,-9.219984,0.220893,0.0,19.488443,0.441786,0.0,2.860296,2.842657,1.0,1.0,0,0
44159,-9.219217,0.46633,0.003906,19.488443,0.46633,0.003906,2.860296,2.842657,1.0,1.0,0,0
44166,-9.218451,0.0,-0.003906,19.488251,0.073631,0.0,2.860296,2.842657,1.0,1.0,0,0
44187,-9.217491,-0.073631,0.003906,19.48806,-0.024544,0.003906,2.860296,2.842657,1.0,1.0,0,0
44188,-9.216724,-0.171806,0.0,19.488251,0.196349,0.0,2.860296,2.842657,1.0,1.0,0,0
44197,-9.215958,0.049087,0.003906,19.48806,0.0,-0.003906,2.860296,2.842657,1.0,1.0,0,0
44199,-9.215574,-0.245437,0.0,19.488251,0.368155,-0.003906,2.860296,2.842657,1.0,1.0,0,0
44225,-9.21519,0.073631,0.0,19.48806,0.196349,0.0,2.860296,2.842657,1.0,1.0,0,0
44230,-9.21519,-0.245437,0.0,19.48806,0.220893,0.003906,2.860296,2.842657,1.0,1.0,0,0
44233,-9.214998,0.024544,0.0,19.48806,0.220893,0.0,2.860296,2.842657,1.0,1.0,0,0
44253,-9.214998,0.0,0.0,19.48806,0.196349,0.0,2.860296,2.842657,1.0,1.0,0,0
44257,-9.214998,-0.049087,0.0,19.48806,-0.049087,0.003906,2.860296,2.842657,1.0,1.0,0,0
44264,-9.214998,-0.245437,0.0,19.487677,-0.343611,0.0,2.860296,2.842657,1.0,1.0,0,0
44266,-9.214807,0.0,0.0,19.487867,-0.024544,0.003906,2.860296,2.842657,1.0,1.0,0,0
44286,-9.214423,0.0,0.0,19.487677,-0.26998,0.0,2.860296,2.842657,1.0,1.0,0,0
44287,-9.214231,0.0,0.0,19.487677,-0.343611,-0.003906,2.860296,2.842657,1.0,1.0,0,0
44308,-9.213848,0.0,0.0,19.487867,0.049087,0.0,2.860296,2.842657,1.0,1.0,0,0
44310,-9.213465,0.220893,0.0,19.487677,-0.245437,0.0,2.860296,2.842657,1.0,1.0,0,0
44318,-9.213273,-0.245437,0.0,19.487677,-0.26998,0.0,2.860296,2.842657,1.0,1.0,0,0
44319,-9.212506,0.073631,0.003906,19.48806,0.441786,-0.003906,2.860296,2.842657,1.0,1.0,0,0
44339,-9.211547,0.171806,-0.003906,19.487867,0.171806,0.0,2.860296,2.842657,1.0,1.0,0,0
44341,-9.210397,-0.171806,0.0,19.487677,0.073631,0.003906,2.860296,2.842657,1.0,1.0,0,0
44359,-9.207137,0.049087,-0.003906,19.487677,-0.245437,0.0,2.860296,2.842657,1.0,1.0,0,0
44360,-9.201576,0.613592,0.003906,19.487677,-0.073631,0.0,2.860296,2.842657,1.0,1.0,0,0
44370,-9.194482,0.589048,0.003906,19.488251,0.760854,0.003906,2.860296,2.842657,1.0,1.0,0,0
44371,-9.189113,0.147262,0.0,19.487677,-0.098175,-0.003906,2.860296,2.842657,1.0,1.0,0,0
44391,-9.184895,0.049087,-0.003906,19.487867,0.171806,0.0,2.860296,2.842657,1.0,1.0,0,0
44393,-9.178759,0.589048,-0.003906,19.487677,-0.049087,0.003906,2.860296,2.842657,1.0,1.0,0,0
44413,-9.170321,0.662679,-0.003906,19.487677,0.0,0.0,2.860296,2.842657,1.0,1.0,0,0
44414,-9.16572,-0.073631,0.003906,19.487484,0.024544,0.0,2.860296,2.842657,1.0,1.0,0,0
44422,-9.164952,-0.245437,0.003906,19.487484,0.024544,0.003906,2.860296,2.842657,1.0,1.0,0,0
44446,-9.164761,0.122718,0.0,19.487293,-0.098175,0.0,2.860296,2.842657,1.0,1.0,0,0
44447,-9.164761,0.122718,-0.003906,19.487484,0.245437,0.0,2.860296,2.842657,1.0,1.0,0,0
44449,-9.164761,0.0,0.0,19.487677,0.589048,-0.003906,2.860296,2.842657,1.0,1.0,0,0
44465,-9.164952,-0.343611,-0.003906,19.487293,-0.122718,0.003906,2.860296,2.842657,1.0,1.0,0,0
44466,-9.164761,0.098175,0.0,19.487293,0.049087,0.003906,2.860296,2.842657,1.0,1.0,0,0
44476,-9.164952,-0.245437,-0.003906,19.487293,0.245437,0.0,2.860296,2.842657,1.0,1.0,0,0
44496,-9.164952,-0.245437,-0.007812,19.487293,0.343611,0.003906,2.860296,2.842657,1.0,1.0,0,0
44500,-9.164761,0.073631,0.0,19.487101,0.0,0.0,2.860296,2.842657,1.0,1.0,0,0
44503,-9.164952,-0.245437,0.0,19.487101,0.0,0.007812,2.860296,2.842657,1.0,1.0,0,0
44519,-9.164952,-0.196349,0.0,19.487293,0.26998,0.0,2.860296,2.842657,1.0,1.0,0,0
44523,-9.164761,0.098175,0.0,19.487101,0.024544,0.0,2.860296,2.842657,1.0,1.0,0,0
44530,-9.164761,0.073631,0.0,19.487101,0.024544,0.0,2.860296,2.842657,1.0,1.0,0,0
44548,-9.164569,0.343611,0.0,19.487293,0.368155,0.0,2.860296,2.842657,1.0,1.0,0,0
44550,-9.164761,0.098175,-0.003906,19.48691,-0.245437,0.003906,2.860296,2.842657,1.0,1.0,0,0
44551,-9.164761,-0.049087,0.0,19.487101,0.245437,0.0,2.860296,2.842657,1.0,1.0,0,0
44559,-9.164761,0.0,0.0,19.487101,0.196349,0.003906,2.860296,2.842657,1.0,1.0,0,0
44583,-9.164761,0.0,0.003906,19.487101,0.319068,0.0,2.860296,2.842657,1.0,1.0,0,0
44584,-9.164761,-0.024544,0.0,19.487101,0.392699,0.019531,2.860296,2.842657,1.0,1.0,0,0
44590,-9.164761,0.122718,0.003906,19.48691,0.024544,0.0,2.860296,2.842657,1.0,1.0,0,0
44612,-9.164761,0.122718,0.0,19.486717,-0.147262,-0.003906,2.860296,2.842657,1.0,1.0,0,0
44614,-9.164952,-0.245437,0.0,19.486717,-0.098175,0.0,2.860296,2.842657,1.0,1.0,0,0
44615,-9.164761,0.073631,-0.003906,19.486717,0.0,0.0,2.860296,2.842657,1.0,1.0,0,0
44621,-9.164761,0.098175,0.0,19.48691,0.441786,0.003906,2.860296,2.842657,1.0,1.0,0,0
44652,-9.164761,0.122718,0.003906,19.486526,-0.073631,0.0,2.860296,2.842657,1.0,1.0,0,0
44654,-9.164761,0.0,-0.003906,19.486717,0.245437,-0.003906,2.860296,2.842657,1.0,1.0,0,0
44656,-9.164761,0.024544,0.0,19.486717,0.392699,0.003906,2.860296,2.842657,1.0,1.0,0,0
44657,-9.164952,-0.368155,0.0,19.486526,-0.122718,0.003906,2.860296,2.842657,1.0,1.0,0,0
44673,-9.164569,-0.245437,0.0,19.486717,0.294524,-0.003906,2.860296,2.842657,1.0,1.0,0,0
44674,-9.164569,0.0,0.0,19.486526,0.0,0.0,2.860296,2.842657,1.0,1.0,0,0
44683,-9.164761,-0.441786,0.0,19.486526,0.098175,0.0,2.860296,2.842657,1.0,1.0,0,0
44705,-9.164377,-0.220893,-0.003906,19.486717,0.098175,0.0,2.860296,2.842657,1.0,1.0,0,0
44707,-9.163994,0.196349,0.0,19.486526,0.122718,0.003906,2.860296,2.842657,1.0,1.0,0,0
44708,-9.164186,-0.368155,0.0,19.486526,0.196349,0.0,2.860296,2.842657,1.0,1.0,0,0
44717,-9.163802,-0.098175,0.003906,19.486526,0.245437,-0.003906,2.860296,2.842657,1.0,1.0,0,0
44741,-9.16361,-0.049087,0.003906,19.486334,-0.024544,0.0,2.860296,2.842657,1.0,1.0,0,0
44742,-9.16361,-0.319068,0.0,19.486526,0.196349,-0.003906,2.860296,2.842657,1.0,1.0,0,0
44747,-9.163419,-0.26998,0.0,19.486334,-0.122718,0.003906,2.860296,2.842657,1.0,1.0,0,0
44766,-9.163227,-0.147262,-0.003906,19.486334,0.0,-0.003906,2.860296,2.842657,1.0,1.0,0,0
44768,-9.163035,-0.294524,0.003906,19.486334,-0.024544,-0.003906,2.860296,2.842657,1.0,1.0,0,0
44769,-9.162844,0.0,-0.003906,19.486334,0.171806,0.0,2.860296,2.842657,1.0,1.0,0,0
44789,-9.162844,-0.073631,0.0,19.486143,-0.122718,0.0,2.860296,2.842657,1.0,1.0,0,0
44791,-9.162844,0.0,0.003906,19.486334,0.319068,0.003906,2.860296,2.842657,1.0,1.0,0,0
44808,-9.162844,-0.171806,0.0,19.486143,0.0,0.003906,2.860296,2.842657,1.0,1.0,0,0
44810,-9.163035,-0.368155,0.0,19.486143,0.0,-0.003906,2.860296,2.842657,1.0,1.0,0,0
44820,-9.162844,-0.049087,0.003906,19.486143,-0.122718,0.0,2.860296,2.842657,1.0,1.0,0,0
44821,-9.162844,0.0,0.0,19.486334,0.319068,0.0,2.860296,2.842657,1.0,1.0,0,0
44832,-9.162844,0.073631,0.0,19.486143,-0.024544,0.0,2.860296,2.842657,1.0,1.0,0,0
44843,-9.163035,-0.392699,0.0,19.486143,0.0,0.003906,2.860296,2.842657,1.0,1.0,0,0
44863,-9.162844,0.0,0.0,19.486334,0.368155,0.0,2.860296,2.842657,1.0,1.0,0,0
44864,-9.163035,-0.392699,0.0,19.48595,-0.392699,0.0,2.860296,2.842657,1.0,1.0,0,0
44872,-9.163035,-0.441786,-0.007812,19.486334,0.343611,0.003906,2.860296,2.842657,1.0,1.0,0,0
44892,-9.162844,0.0,0.0,19.486143,-0.024544,0.0,2.860296,2.842657,1.0,1.0,0,0
44894,-9.162844,-0.049087,-0.003906,19.486143,-0.073631,0.003906,2.860296,2.842657,1.0,1.0,0,0
44895,-9.162844,0.0,-0.003906,19.48595,-0.441786,0.007812,2.860296,2.842657,1.0,1.0,0,0
44906,-9.162844,-0.122718,0.003906,19.486143,0.024544,0.0,2.860296,2.842657,1.0,1.0,0,0
44925,-9.162652,0.343611,0.0,19.486334,0.515417,0.0,2.860296,2.842657,1.0,1.0,0,0
44927,-9.162844,-0.098175,0.0,19.486143,0.0,-0.003906,2.860296,2.842657,1.0,1.0,0,0
44936,-9.162844,-0.147262,0.003906,19.486334,0.46633,0.003906,2.860296,2.842657,1.0,1.0,0,0
44937,-9.162844,-0.171806,0.0,19.486143,0.147262,0.007812,2.860296,2.842657,1.0,1.0,0,0
44958,-9.162844,-0.196349,0.0,19.486143,0.171806,0.0,2.860296,2.842657,1.0,1.0,0,0
44959,-9.162844,-0.196349,0.0,19.486143,0.171806,0.0,2.860296,2.842657,1.0,1.0,0,0
44967,-9.162652,0.220893,-0.003906,19.486143,0.171806,-0.003906,2.860296,2.842657,1.0,1.0,0,0
44989,-9.162844,-0.024544,-0.003906,19.486143,-0.171806,0.0,2.860296,2.842657,1.0,1.0,0,0
44990,-9.162844,-0.196349,0.003906,19.486143,0.196349,-0.003906,2.860296,2.842657,1.0,1.0,0,0
44998,-9.163035,-0.539961,-0.003906,19.486143,0.147262,0.007812,2.860296,2.842657,1.0,1.0,0,0
44999,-9.162844,-0.098175,0.0,19.486143,0.220893,0.0,2.860296,2.842657,1.0,1.0,0,0
45019,-9.163035,-0.441786,-0.003906,19.48595,-0.098175,0.0,2.860296,2.842657,1.0,1.0,0,0
45021,-9.162844,-0.049087,-0.003906,19.48595,0.0,0.003906,2.860296,2.842657,1.0,1.0,0,0
45028,-9.162844,-0.122718,0.0,19.486143,0.220893,0.0,2.860296,2.842657,1.0,1.0,0,0
45050,-9.162844,-0.024544,0.003906,19.48595,-0.147262,0.0,2.860296,2.842657,1.0,1.0,0,0
45052,-9.162844,-0.098175,0.003906,19.486334,0.515417,0.0,2.860296,2.842657,1.0,1.0,0,0
45053,-9.162844,-0.196349,0.0,19.486143,0.245437,0.0,2.860296,2.842657,1.0,1.0,0,0
45061,-9.162844,-0.098175,0.003906,19.48595,-0.245437,0.0,2.860296,2.842657,1.0,1.0,0,0
45083,-9.162844,-0.098175,0.003906,19.48595,0.368155,0.003906,2.860296,2.842657,1.0,1.0,0,0
45085,-9.162844,-0.220893,0.0,19.486143,0.024544,0.0,2.860296,2.842657,1.0,1.0,0,0
45090,-9.162844,-0.245437,0.003906,19.486334,0.319068,0.0,2.860296,2.842657,1.0,1.0,0,0
45115,-9.162844,-0.220893,0.0,19.486334,0.490873,0.0,2.860296,2.842657,1.0,1.0,0,0
45116,-9.163035,-0.46633,0.0,19.486143,0.073631,0.003906,2.860296,2.842657,1.0,1.0,0,0
45117,-9.162844,-0.024544,0.0,19.486143,0.147262,0.0,2.860296,2.842657,1.0,1.0,0,0
45133,-9.162844,-0.098175,-0.003906,19.48595,-0.26998,0.0,2.860296,2.842657,1.0,1.0,0,0
45135,-9.162844,-0.073631,0.0,19.486334,0.368155,0.007812,2.860296,2.842657,1.0,1.0,0,0
45146,-9.162844,-0.122718,-0.003906,19.486143,0.049087,0.0,2.860296,2.842657,1.0,1.0,0,0
45164,-9.162844,0.0,0.0,19.486143,0.024544,0.0,2.860296,2.842657,1.0,1.0,0,0
45166,-9.163035,-0.441786,0.003906,19.486334,0.392699,-0.003906,2.860296,2.842657,1.0,1.0,0,0
45167,-9.162844,0.0,0.0,19.486334,0.343611,0.0,2.860296,2.842657,1.0,1.0,0,0
45177,-9.163035,-0.294524,0.0,19.48595,-0.220893,0.0,2.860296,2.842657,1.0,1.0,0,0
45197,-9.163035,-0.417242,0.0,19.486334,0.343611,0.0,2.860296,2.842657,1.0,1.0,0,0
45199,-9.162844,0.0,0.0,19.486334,0.368155,0.0,2.860296,2.842657,1.0,1.0,0,0
45208,-9.162844,0.073631,0.003906,19.486334,0.368155,-0.003906,2.860296,2.842657,1.0,1.0,0,0
45226,-9.162844,0.024544,0.0,19.486143,0.0,-0.003906,2.860296,2.842657,1.0,1.0,0,0
45228,-9.162844,0.073631,0.0,19.486143,-0.098175,0.0,2.860296,2.842657,1.0,1.0,0,0
45229,-9.162652,0.343611,-0.003906,19.486334,0.368155,0.0,2.860296,2.842657,1.0,1.0,0,0
45243,-9.162844,0.049087,-0.003906,19.486334,0.245437,0.003906,2.860296,2.842657,1.0,1.0,0,0
45259,-9.163035,-0.343611,0.0,19.486334,0.26998,0.0,2.860296,2.842657,1.0,1.0,0,0
45260,-9.163035,-0.343611,0.0,19.486143,0.0,0.0,2.860296,2.842657,1.0,1.0,0,0
45270,-9.163035,-0.392699,0.0,19.486143,-0.073631,0.003906,2.860296,2.842657,1.0,1.0,0,0
45300,-9.162844,0.0,0.0,19.486143,-0.073631,-0.003906,2.860296,2.842657,1.0,1.0,0,0
45302,-9.162844,-0.049087,0.003906,19.486143,0.024544,0.003906,2.860296,2.842657,1.0,1.0,0,0
45303,-9.163035,0.073631,0.0,19.486143,0.073631,0.0,2.860296,2.842657,1.0,1.0,0,0
45304,-9.162844,0.024544,0.007812,19.486143,-0.024544,0.0,2.860296,2.842657,1.0,1.0,0,0
45334,-9.163035,-0.319068,0.003906,19.486334,0.26998,0.0,2.860296,2.842657,1.0,1.0,0,0
45336,-9.162844,0.073631,0.003906,19.486334,0.539961,0.003906,2.860296,2.842657,1.0,1.0,0,0
45341,-9.162844,0.098175,0.0,19.486143,0.073631,0.0,2.860296,2.842657,1.0,1.0,0,0
45343,-9.163035,-0.343611,0.0,19.486334,0.392699,0.0,2.860296,2.842657,1.0,1.0,0,0
45363,-9.163035,-0.319068,-0.003906,19.48595,-0.319068,0.003906,2.860296,2.842657,1.0,1.0,0,0
45366,-9.163035,-0.319068,0.003906,19.486143,0.171806,-0.003906,2.860296,2.842657,1.0,1.0,0,0
45367,-9.163035,-0.245437,0.003906,19.486334,0.245437,0.0,2.860296,2.842657,1.0,1.0,0,0
45384,-9.162844,0.122718,-0.003906,19.486143,0.294524,0.0,2.860296,2.842657,1.0,1.0,0,0
45385,-9.162844,0.024544,-0.003906,19.48595,0.024544,-0.003906,2.860296,2.842657,1.0,1.0,0,0
45396,-9.163035,-0.294524,0.003906,19.486143,0.343611,0.0,2.860296,2.842657,1.0,1.0,0,0
45400,-9.163035,-0.245437,0.003906,19.48595,0.0,0.0,2.860296,2.842657,1.0,1.0,0,0
45415,-9.162844,0.122718,0.0,19.486143,0.0,0.0,2.860296,2.842657,1.0,1.0,0,0
45417,-9.163035,-0.343611,0.0,19.48595,0.0,0.0,2.860296,2.842657,1.0,1.0,0,0
45437,-9.162844,0.343611,-0.003906,19.48595,-0.073631,0.0,2.860296,2.842657,1.0,1.0,0,0
45438,-9.163035,-0.245437,-0.003906,19.48595,0.0,0.0,2.860296,2.842657,1.0,1.0,0,0
45458,-9.163035,-0.343611,0.0,19.486143,0.220893,0.0,2.860296,2.842657,1.0,1.0,0,0
45460,-9.162844,0.049087,0.0,19.48595,-0.073631,0.0,2.860296,2.842657,1.0,1.0,0,0
45461,-9.162844,0.0,0.0,19.48595,0.0,0.0,2.860296,2.842657,1.0,1.0,0,0
45477,-9.162844,0.073631,-0.003906,19.48595,-0.098175,0.0,2.860296,2.842657,1.0,1.0,0,0
45478,-9.162844,0.073631,0.0,19.486143,0.294524,-0.003906,2.860296,2.842657,1.0,1.0,0,0
45499,-9.162844,0.0,-0.003906,19.486143,0.319068,0.0,2.860296,2.842657,1.0,1.0,0,0
45500,-9.162844,0.049087,0.0,19.486143,0.245437,0.0,2.860296,2.842657,1.0,1.0,0,0
45501,-9.163035,-0.343611,0.0,19.486143,0.368155,0.0,2.860296,2.842657,1.0,1.0,0,0
45519,-9.163035,-0.343611,0.0,19.486143,0.245437,0.0,2.860296,2.842657,1.0,1.0,0,0
45521,-9.162844,0.0,0.0,19.48595,-0.049087,0.003906,2.860296,2.842657,1.0,1.0,0,0
45541,-9.162844,0.0,0.0,19.48595,-0.024544,0.0,2.860296,2.842657,1.0,1.0,0,0
45542,-9.163035,-0.294524,-0.003906,19.48595,-0.122718,0.0,2.860296,2.842657,1.0,1.0,0,0
45550,-9.163035,-0.343611,-0.003906,19.486143,0.368155,0.0,2.860296,2.842657,1.0,1.0,0,0
45572,-9.163035,-0.319068,-0.003906,19.486143,0.245437,0.003906,2.860296,2.842657,1.0,1.0,0,0
45573,-9.163035,-0.392699,0.007812,19.48595,-0.122718,0.003906,2.860296,2.842657,1.0,1.0,0,0
45575,-9.163035,0.417242,0.0,19.48595,-0.049087,0.0,2.860296,2.842657,1.0,1.0,0,0
45583,-9.162844,-0.024544,0.0,19.486143,0.245437,0.0,2.860296,2.842657,1.0,1.0,0,0
45603,-9.162844,0.024544,-0.003906,19.486143,0.26998,-0.003906,2.860296,2.842657,1.0,1.0,0,0
45604,-9.163035,-0.319068,0.003906,19.486143,0.343611,0.0,2.860296,2.842657,1.0,1.0,0,0
45613,-9.163227,-0.024544,-0.003906,19.48595,0.0,0.0,2.860296,2.842657,1.0,1.0,0,0
45615,-9.162844,-0.024544,0.0,19.48595,0.0,0.003906,2.860296,2.842657,1.0,1.0,0,0
