timestamp,m1_pos,m1_vel,m1_torque,m2_pos,m2_vel,m2_torque,ch6_max,ch7_max,m1_ai_label,m2_ai_label
10,-11.864757,0.196349,-0.003906,23.541985,0.171806,0.0,1.254412,0.422037,0.0,0.0
14,-11.864948,-0.049087,0.0,23.541985,-0.049087,0.003906,1.254412,0.422037,0.0,0.0
17,-11.86514,-0.417242,0.0,23.542368,0.368155,0.0,1.254412,0.422037,0.0,0.0
20,-11.86514,-0.245437,0.0,23.542942,0.171806,0.0,1.254412,0.422037,0.0,0.0
25,-11.86514,-0.245437,0.0,23.543901,0.539961,0.003906,1.254412,0.422037,0.0,0.0
27,-11.86514,-0.196349,-0.003906,23.544477,-0.098175,0.0,1.254412,0.422037,0.0,0.0
29,-11.86514,-0.171806,0.0,23.545818,0.196349,0.0,1.254412,0.422037,0.0,0.0
31,-11.865332,-0.441786,0.003906,23.548695,0.417242,0.0,1.254412,0.422037,0.0,0.0
34,-11.86514,0.0,-0.003906,23.555214,1.423533,0.0,1.254412,0.422037,0.0,0.0
36,-11.865332,-0.368155,0.003906,23.562885,1.227184,0.0,1.254412,0.422037,0.0,0.0
39,-11.865332,-0.245437,0.007812,23.568254,1.030834,0.0,1.254412,0.422037,0.0,0.0
41,-11.86514,0.343611,-0.003906,23.571129,0.760854,0.0,1.254412,0.422037,0.0,0.0
43,-11.865523,-0.147262,0.003906,23.576881,1.497164,-0.007812,1.254412,0.422037,0.0,0.0
45,-11.865523,0.0,0.0,23.587812,1.325358,0.003906,1.254412,0.422037,0.0,0.0
48,-11.865523,0.024544,0.0,23.596825,0.613592,0.0,1.254412,0.422037,0.0,0.0
50,-11.865715,-0.220893,0.0,23.604301,1.300815,0.0,1.254412,0.422037,0.0,0.0
51,-11.865907,-0.368155,0.003906,23.614464,1.153553,0.0,1.254412,0.422037,0.0,0.0
53,-11.866098,-0.147262,0.003906,23.619259,0.122718,0.0,1.254412,0.422037,0.0,0.0
55,-11.865907,0.147262,0.003906,23.621943,0.859029,0.0,1.254412,0.422037,0.0,0.0
57,-11.865907,0.0,0.0,23.625202,0.711766,0.0,1.254412,0.422037,0.0,0.0
59,-11.865907,0.147262,-0.003906,23.632488,1.20264,-0.003906,1.254412,0.422037,0.0,0.0
61,-11.865907,0.0,-0.003906,23.639776,1.030834,0.0,1.254412,0.422037,0.0,0.0
63,-11.865907,0.122718,0.003906,23.6415,-0.073631,0.003906,1.254412,0.422037,0.0,0.0
64,-11.866098,0.049087,0.0,23.6415,-0.098175,0.003906,1.254412,0.422037,0.0,0.0
67,-11.866483,-0.196349,0.0,23.6415,0.220893,0.003906,1.254412,0.422037,0.0,0.0
69,-11.866674,-0.196349,0.0,23.6415,-0.122718,0.0,1.254412,0.422037,0.0,0.0
72,-11.866483,0.122718,-0.003906,23.6415,0.049087,0.0,1.254412,0.422037,0.0,0.0
74,-11.866483,0.098175,0.0,23.64131,-0.319068,0.0,1.254412,0.422037,0.0,0.0
76,-11.866483,0.073631,0.0,23.6415,0.171806,0.0,1.254412,0.422037,0.0,0.0
77,-11.866674,-0.294524,-0.003906,23.6415,0.196349,0.0,1.254412,0.422037,0.0,0.0
80,-11.866674,-0.122718,0.0,23.6415,0.245437,0.0,1.254412,0.422037,0.0,0.0
81,-11.866674,-0.245437,0.0,23.641693,0.613592,0.0,1.254412,0.422037,0.0,0.0
84,-11.866674,-0.122718,0.0,23.6415,0.245437,0.0,1.254412,0.422037,0.0,0.0
85,-11.866866,-0.171806,0.0,23.6415,0.0,0.003906,1.254412,0.422037,0.0,0.0
88,-11.867058,-0.294524,0.003906,23.641693,0.196349,0.0,1.254412,0.422037,0.0,0.0
90,-11.867249,0.343611,0.0,23.6415,-0.171806,0.0,1.254412,0.422037,0.0,0.0
92,-11.871276,-0.589048,0.0,23.641884,0.392699,0.0,1.254412,0.422037,0.0,0.0
93,-11.878562,-1.055378,0.003906,23.6415,-0.073631,0.0,1.254412,0.422037,0.0,0.0
95,-11.88815,-1.055378,-0.003906,23.641693,0.343611,0.0,1.254412,0.422037,0.0,0.0
98,-11.892943,0.049087,-0.003906,23.641693,0.294524,0.0,1.254412,0.422037,0.0,0.0
99,-11.89371,-0.245437,0.0,23.6415,-0.098175,0.0,1.254412,0.422037,0.0,0.0
101,-11.893902,-0.098175,0.0,23.641693,0.245437,0.0,1.254412,0.422037,0.0,0.0
102,-11.89467,-0.147262,0.003906,23.6415,-0.122718,0.0,1.254412,0.422037,0.0,0.0
105,-11.896778,-0.613592,0.003906,23.64131,-0.343611,0.003906,1.254412,0.422037,0.0,0.0
107,-11.900229,-0.589048,0.0,23.64131,-0.171806,0.0,1.254412,0.422037,0.0,0.0
108,-11.906941,-1.129009,0.003906,23.64131,-0.098175,0.0,1.254412,0.422037,0.0,0.0
111,-11.915378,-0.957203,0.0,23.64131,0.245437,0.0,1.254412,0.422037,0.0,0.0
113,-11.92113,-0.883572,0.0,23.64131,-0.122718,0.0,1.254412,0.422037,0.0,0.0
114,-11.926308,-0.589048,0.0,23.6415,0.245437,0.0,1.254412,0.422037,0.0,0.0
116,-11.938004,-1.816232,0.003906,23.6415,0.171806,0.0,1.254412,0.422037,0.0,0.0
118,-11.955836,-2.380736,0.0,23.6415,0.220893,0.0,1.254412,0.422037,0.0,0.0
119,-11.978847,-3.33794,0.0,23.6415,0.171806,0.0,1.254412,0.422037,0.0,0.0
122,-12.008375,-3.681551,0.003906,23.64131,-0.343611,-0.003906,1.254412,0.422037,0.0,0.0
124,-12.042123,-3.8779,0.0,23.641693,0.26998,0.0,1.254412,0.422037,0.0,0.0
125,-12.073378,-3.583376,0.003906,23.641693,0.220893,-0.003906,1.254412,0.422037,0.0,0.0
127,-12.096196,-2.503455,-0.003906,23.642076,0.441786,0.0,1.254412,0.422037,0.0,0.0
129,-12.115754,-2.40528,0.007812,23.642267,0.343611,0.003906,1.254412,0.422037,0.0,0.0
131,-12.143174,-3.926988,0.007812,23.642267,-0.220893,0.0,1.254412,0.422037,0.0,0.0
133,-12.17788,-4.221512,0.007812,23.642267,0.049087,0.0,1.254412,0.422037,0.0,0.0
135,-12.218722,-4.516036,-0.003906,23.642267,0.245437,0.0,1.254412,0.422037,0.0,0.0
137,-12.252087,-2.969784,-0.007812,23.642653,0.196349,0.0,1.254412,0.422037,0.0,0.0
138,-12.268768,-1.079922,-0.007812,23.643803,-0.098175,0.0,1.254412,0.422037,0.0,0.0
140,-12.270303,0.0,-0.007812,23.650896,1.570795,-0.003906,1.254412,0.422037,0.0,0.0
142,-12.26896,-0.171806,0.0,23.665277,2.478911,0.0,1.254412,0.422037,0.0,0.0
143,-12.269343,-0.122718,0.003906,23.682726,2.577086,0.0,1.254412,0.422037,0.0,0.0
146,-12.269343,-0.073631,0.0,23.700943,2.527998,0.0,1.254412,0.422037,0.0,0.0
147,-12.269343,0.122718,0.0,23.716858,1.865319,0.003906,1.254412,0.422037,0.0,0.0
150,-12.269727,-0.638135,0.0,23.724911,0.908116,0.003906,1.254412,0.422037,0.0,0.0
151,-12.269535,0.122718,0.0,23.732389,0.93266,0.003906,1.254412,0.422037,0.0,0.0
153,-12.269919,-0.245437,-0.003906,23.738333,0.613592,0.003906,1.254412,0.422037,0.0,0.0
155,-12.270303,-0.613592,0.0,23.741976,0.245437,-0.003906,1.254412,0.422037,0.0,0.0
157,-12.272028,-0.589048,0.0,23.746578,1.20264,0.003906,1.254412,0.422037,0.0,0.0
158,-12.275096,-0.73631,0.0,23.758083,2.184387,-0.003906,1.254412,0.422037,0.0,0.0
161,-12.283533,-1.644426,0.003906,23.777451,2.626173,0.0,1.254412,0.422037,0.0,0.0
162,-12.29753,-1.546251,0.0,23.801994,2.797979,-0.003906,1.254412,0.422037,0.0,0.0
164,-12.318623,-2.87161,0.0,23.832865,3.558833,0.0,1.254412,0.422037,0.0,0.0
166,-12.346618,-3.485202,0.0,23.865845,3.902444,0.0,1.254412,0.422037,0.0,0.0
168,-12.382475,-4.172424,0.007812,23.898443,3.706095,0.003906,1.254412,0.422037,0.0,0.0
170,-12.421207,-5.178715,0.003906,23.92452,3.239765,0.0,1.254412,0.422037,0.0,0.0
172,-12.465885,-5.473239,0.003906,23.955967,3.853357,0.0,1.254412,0.422037,0.0,0.0
174,-12.52245,-6.774054,0.0,23.991632,4.172424,0.0,1.254412,0.422037,0.0,0.0
176,-12.585727,-7.117665,-0.007812,24.032665,5.031453,-0.003906,1.254412,0.422037,0.0,0.0
177,-12.638266,-5.448695,-0.007812,24.076193,4.786016,0.0,1.254412,0.422037,0.0,0.0
179,-12.689463,-6.234093,0.007812,24.121254,5.964112,-0.003906,1.254412,0.422037,0.0,0.0
181,-12.74737,-6.724967,0.0,24.177818,6.430442,0.0,1.254412,0.422037,0.0,0.0
183,-12.805661,-6.405899,-0.003906,24.237452,6.504073,0.003906,1.254412,0.422037,0.0,0.0
185,-12.861076,-6.381355,-0.007812,24.289225,5.767763,0.0,1.254412,0.422037,0.0,0.0
187,-12.921668,-7.166752,0.0,24.33601,5.694132,-0.003906,1.254412,0.422037,0.0,0.0
188,-12.975933,-5.620501,0.003906,24.388357,5.964112,-0.003906,1.254412,0.422037,0.0,0.0
190,-13.026746,-5.988656,0.007812,24.444923,6.037744,-0.003906,1.254412,0.422037,0.0,0.0
193,-13.078901,-7.363102,0.003906,24.495928,6.479529,0.0,1.254412,0.422037,0.0,0.0
194,-13.138535,-6.356811,-0.007812,24.551342,5.964112,0.003906,1.254412,0.422037,0.0,0.0
196,-13.185705,-5.350521,0.0,24.59832,4.81056,0.0,1.254412,0.422037,0.0,0.0
198,-13.233258,-5.669589,0.003906,24.633411,3.681551,-0.003906,1.254412,0.422037,0.0,0.0
200,-13.281578,-5.178715,0.0,24.667158,3.951531,0.0,1.254412,0.422037,0.0,0.0
202,-13.322421,-4.859647,0.0,24.707809,5.399608,-0.003906,1.254412,0.422037,0.0,0.0
203,-13.362688,-5.055996,0.007812,24.752295,5.522326,0.0,1.254412,0.422037,0.0,0.0
205,-13.411966,-5.816851,0.0,24.793137,4.07425,0.003906,1.254412,0.422037,0.0,0.0
207,-13.461629,-5.227802,-0.003906,24.828417,4.246056,0.003906,1.254412,0.422037,0.0,0.0
209,-13.497103,-2.945241,-0.011719,24.85718,3.117046,0.007812,1.254412,0.422037,0.0,0.0
211,-13.518003,-2.748891,0.0,24.877888,2.773435,0.003906,1.254412,0.422037,0.0,0.0
213,-13.543889,-3.387027,0.0,24.896296,2.086212,0.003906,1.254412,0.422037,0.0,0.0
215,-13.573802,-3.730638,0.0,24.91432,2.159843,0.003906,1.254412,0.422037,0.0,0.0
217,-13.610425,-4.565123,0.003906,24.935797,2.748891,0.0,1.254412,0.422037,0.0,0.0
219,-13.647816,-3.657007,-0.003906,24.956888,2.454367,0.0,1.254412,0.422037,0.0,0.0
220,-13.675236,-2.601629,-0.003906,24.982199,3.755182,-0.003906,1.254412,0.422037,0.0,0.0
223,-13.697478,-2.87161,0.0,25.018057,4.34423,-0.003906,1.254412,0.422037,0.0,0.0
224,-13.721639,-2.896153,-0.003906,25.065226,5.325977,0.0,1.254412,0.422037,0.0,0.0
226,-13.745224,-2.67526,0.0,25.118916,5.767763,0.003906,1.254412,0.422037,0.0,0.0
228,-13.767275,-2.478911,0.0,25.169537,5.595957,0.003906,1.254412,0.422037,0.0,0.0
229,-13.784532,-2.184387,0.0,25.215555,6.062287,-0.003906,1.254412,0.422037,0.0,0.0
232,-13.798913,-1.349902,0.0,25.272505,6.724967,-0.003906,1.254412,0.422037,0.0,0.0
233,-13.807158,-0.981747,0.0,25.330412,6.577704,-0.003906,1.254412,0.422037,0.0,0.0
235,-13.813486,-0.539961,-0.007812,25.387938,6.28318,0.0,1.254412,0.422037,0.0,0.0
237,-13.81502,-0.46633,0.0,25.442776,6.086831,0.003906,1.254412,0.422037,0.0,0.0
239,-13.815403,-0.098175,0.0,25.486494,4.172424,0.003906,1.254412,0.422037,0.0,0.0
241,-13.81502,-0.049087,0.0,25.519283,3.583376,0.0,1.545868,0.422037,0.0,0.0
243,-13.815211,-0.392699,0.0,25.547853,3.190677,-0.003906,1.545868,0.422037,0.0,0.0
245,-13.815211,-0.245437,0.0,25.578533,3.902444,0.0,1.545868,0.422037,0.0,0.0
247,-13.815211,0.098175,-0.003906,25.611898,3.853357,0.0,1.545868,0.422037,0.0,0.0
249,-13.815211,-0.147262,0.0,25.642769,4.000618,0.003906,1.545868,0.422037,0.0,0.0
251,-13.815211,-0.171806,-0.003906,25.674408,3.534289,0.0,1.545868,0.422037,0.0,0.0
253,-13.815211,-0.171806,0.003906,25.704512,3.632463,0.0,1.545868,0.422037,0.0,0.0
254,-13.815211,-0.196349,0.0,25.730589,3.190677,0.0,1.545868,0.422037,0.0,0.0
256,-13.81502,0.147262,-0.003906,25.755899,2.797979,0.003906,1.545868,0.422037,0.0,0.0
258,-13.81502,-0.024544,0.0,25.776033,1.988037,0.0,1.545868,0.422037,0.0,0.0
260,-13.814636,0.245437,0.0,25.793291,2.184387,-0.003906,1.545868,0.422037,0.0,0.0
262,-13.814445,-0.049087,0.0,25.808439,1.497164,0.0,1.545868,0.422037,0.0,0.0
264,-13.814061,0.0,0.0,25.821669,1.767144,-0.003906,1.545868,0.422037,0.0,0.0
266,-13.813486,-0.122718,0.0,25.834326,1.570795,0.003906,1.545868,0.422037,0.0,0.0
268,-13.812527,-0.147262,0.003906,25.846596,1.742601,-0.007812,1.545868,0.422037,0.0,0.0
271,-13.811952,-0.098175,0.0,25.86347,1.93895,0.003906,1.545868,0.422037,0.0,0.0
272,-13.811377,0.343611,-0.003906,25.879002,1.93895,0.003906,1.545868,0.422037,0.0,0.0
274,-13.810802,-0.024544,-0.003906,25.888014,0.93266,0.0,1.545868,0.422037,0.0,0.0
275,-13.810226,0.073631,0.0,25.893576,0.564505,0.0,1.545868,0.422037,0.0,0.0
278,-13.810418,-0.539961,0.0,25.899519,0.809941,0.0,1.545868,0.422037,0.0,0.0
279,-13.810226,-0.564505,0.003906,25.903355,0.392699,0.0,1.545868,0.422037,0.0,0.0
281,-13.809651,0.196349,0.0,25.902586,0.0,0.0,1.545868,2.262045,0.0,0.0
284,-13.809267,0.0,0.0,25.902779,0.171806,0.0,1.545868,2.262045,0.0,0.0
285,-13.808309,-0.392699,-0.003906,25.902586,0.049087,0.0,1.545868,2.262045,0.0,0.0
287,-13.806391,0.245437,0.0,25.902586,0.098175,0.0,1.545868,2.262045,0.0,0.0
289,-13.804282,0.196349,0.0,25.902586,0.073631,0.0,1.545868,2.262045,0.0,0.0
290,-13.801214,0.196349,0.0,25.902586,0.245437,0.0,1.545868,2.262045,0.0,0.0
293,-13.79642,0.441786,-0.003906,25.902586,0.245437,0.0,1.545868,2.262045,0.0,0.0
294,-13.788367,0.687223,0.0,25.902203,0.220893,0.0,1.545868,2.262045,0.0,0.0
296,-13.782806,0.26998,0.0,25.902012,0.049087,0.0,1.545868,2.262045,0.0,0.0
298,-13.77993,0.368155,0.0,25.901819,0.049087,0.0,1.545868,2.262045,0.0,0.0
300,-13.776095,0.441786,0.0,25.901436,0.049087,0.0,1.545868,2.262045,0.0,0.0
302,-13.769384,0.711766,0.0,25.901628,0.392699,0.003906,1.545868,2.262045,0.0,0.0
303,-13.759604,1.153553,0.0,25.901819,0.711766,0.0,1.545868,2.262045,0.0,0.0
304,-13.754428,-0.024544,0.003906,25.901436,0.368155,0.0,1.545868,2.262045,0.0,0.0
307,-13.752127,-0.024544,0.003906,25.901245,-0.073631,0.0,1.545868,2.262045,0.0,0.0
309,-13.75136,-0.515417,0.0,25.901436,0.147262,0.0,1.545868,2.262045,0.0,0.0
310,-13.751168,-0.392699,0.0,25.901436,0.0,0.0,1.545868,2.262045,0.0,0.0
312,-13.750977,-0.171806,-0.003906,25.901819,0.073631,0.0,1.545868,2.262045,0.0,0.0
313,-13.750977,-0.049087,0.0,25.901819,0.196349,0.0,1.545868,2.262045,0.0,0.0
314,-13.750977,0.0,0.0,25.901819,0.024544,0.0,1.545868,2.262045,0.0,0.0
315,-13.750977,-0.220893,0.0,25.901819,-0.024544,-0.003906,1.545868,2.262045,0.0,0.0
317,-13.750977,-0.46633,0.0,25.902012,0.0,0.0,1.545868,2.262045,0.0,0.0
319,-13.750017,0.024544,0.0,25.902203,0.319068,0.0,1.545868,2.262045,0.0,0.0
320,-15.347849,0.098175,0.0,25.792141,-0.26998,0.0,1.545868,2.262045,0.0,0.0
323,-15.347849,-0.024544,0.0,25.791182,-0.147262,0.0,1.545868,2.262045,0.0,0.0
325,-15.348041,-0.196349,0.0,25.791565,0.245437,0.0,1.545868,2.262045,0.0,0.0
326,-15.348041,-0.024544,0.0,25.791565,0.245437,0.0,1.545868,2.262045,0.0,0.0
327,-15.348041,0.0,-0.003906,25.791565,0.122718,0.0,1.545868,2.262045,0.0,0.0
329,-15.348041,0.147262,0.007812,25.791565,-0.024544,0.0,1.545868,2.262045,0.0,0.0
330,-15.348041,-0.245437,0.0,25.791758,0.171806,-0.003906,1.545868,2.262045,0.0,0.0
331,-15.348041,-0.245437,0.0,25.791758,0.220893,0.0,1.545868,2.262045,0.0,0.0
333,-15.347849,0.098175,0.0,25.791758,0.392699,0.0,1.545868,2.262045,0.0,0.0
334,-15.348041,-0.294524,0.0,25.791565,0.220893,0.0,1.545868,2.262045,0.0,0.0
336,-15.348041,-0.245437,0.0,25.791182,-0.245437,0.0,1.545868,2.262045,0.0,0.0
337,-15.347849,0.049087,0.007812,25.791374,0.368155,-0.003906,1.545868,2.262045,0.0,0.0
338,-15.348041,-0.294524,0.0,25.791182,0.441786,0.0,1.545868,2.262045,0.0,0.0
341,-15.348041,-0.294524,0.0,25.790606,0.049087,0.0,1.545868,2.262045,0.0,0.0
342,-15.347849,0.024544,0.0,25.789265,-0.147262,0.003906,1.545868,2.262045,0.0,0.0
344,-15.347849,-0.049087,-0.023438,25.786772,-0.441786,0.0,1.545868,2.262045,0.0,0.0
346,-15.347849,-0.049087,0.0,25.78121,-0.589048,-0.003906,1.545868,2.262045,0.0,0.0
347,-15.347849,0.0,0.0,25.774117,-0.343611,-0.003906,1.545868,2.262045,0.0,0.0
349,-15.348041,-0.441786,0.0,25.770664,-0.098175,0.0,1.545868,2.262045,0.0,0.0
351,-15.347657,0.122718,0.0,25.770473,0.073631,0.0,1.545868,2.262045,0.0,0.0
352,-15.347849,-0.196349,0.0,25.770473,0.122718,0.003906,1.545868,2.262045,0.0,0.0
353,-15.347849,-0.098175,0.0,25.770473,0.024544,0.0,1.545868,2.262045,0.0,0.0
356,-15.347849,-0.196349,0.0,25.770473,0.0,0.003906,1.545868,2.262045,0.0,0.0
357,-15.347657,0.0,0.0,25.770664,0.368155,0.0,1.545868,2.262045,0.0,0.0
359,-15.347849,-0.245437,0.0,25.770664,0.245437,0.003906,1.545868,2.262045,0.0,0.0
361,-15.347657,0.098175,0.0,25.770664,0.245437,-0.003906,1.545868,2.262045,0.0,0.0
362,-15.348041,-0.589048,0.0,25.770857,0.638135,-0.003906,1.545868,2.262045,0.0,0.0
364,-15.347849,-0.245437,0.0,25.770664,0.024544,0.003906,1.545868,2.262045,0.0,0.0
366,-15.347657,0.122718,0.0,25.770857,0.392699,0.003906,1.545868,2.262045,0.0,0.0
367,-15.347657,0.122718,0.003906,25.770857,0.294524,0.0,1.545868,2.262045,0.0,0.0
377,-15.347657,0.0,0.0,25.770857,0.196349,0.003906,1.545868,2.262045,0.0,0.0
388,-15.347849,-0.343611,0.0,25.770664,-0.122718,0.0,1.545868,2.262045,0.0,0.0
390,-15.347657,0.098175,0.0,25.770857,0.024544,0.0,1.545868,2.262045,0.0,0.0
402,-15.347657,0.049087,-0.007812,25.771048,0.368155,0.003906,1.545868,2.262045,0.0,0.0
404,-15.347657,0.0,0.0,25.771048,0.220893,0.0,1.545868,2.262045,0.0,0.0
422,-15.347657,0.0,0.0,25.771048,0.024544,0.0,1.545868,2.262045,0.0,0.0
423,-15.347657,-0.049087,0.0,25.771048,0.0,0.0,1.545868,2.262045,0.0,0.0
442,-15.347657,-0.024544,0.0,25.77124,0.368155,0.003906,1.545868,2.262045,0.0,0.0
444,-15.347849,-0.392699,0.0,25.771048,0.0,0.003906,1.545868,2.262045,0.0,0.0
462,-15.347657,-0.049087,0.0,25.771048,-0.147262,0.0,1.545868,2.262045,0.0,0.0
464,-15.347849,-0.024544,-0.003906,25.771048,-0.098175,-0.003906,1.545868,2.262045,0.0,0.0
466,-15.347657,-0.220893,0.0,25.77124,0.319068,0.0,1.545868,2.262045,0.0,0.0
485,-15.347657,-0.122718,0.0,25.77124,0.294524,0.003906,1.545868,2.262045,0.0,0.0
490,-15.347849,-0.515417,0.0,25.771048,-0.049087,0.0,1.545868,2.262045,0.0,0.0
495,-15.347657,-0.098175,0.0,25.771048,-0.098175,0.003906,1.545868,2.262045,0.0,0.0
515,-15.347657,-0.171806,0.007812,25.771048,-0.122718,0.0,1.545868,2.262045,0.0,0.0
517,-15.347657,-0.098175,0.0,25.771048,-0.147262,0.0,1.545868,2.262045,0.0,0.0
524,-15.347657,-0.049087,0.0,25.77124,0.245437,0.0,1.545868,2.262045,0.0,0.0
526,-15.347657,-0.122718,0.0,25.771048,0.024544,0.0,1.545868,2.262045,0.0,0.0
547,-15.347657,-0.098175,0.0,25.771048,0.0,0.0,1.545868,2.262045,0.0,0.0
549,-15.347657,-0.098175,0.0,25.77124,0.392699,0.0,1.545868,2.262045,0.0,0.0
557,-15.347657,-0.024544,0.0,25.771048,0.0,0.0,1.545868,2.262045,0.0,0.0
581,-15.347657,-0.098175,-0.007812,25.771048,-0.024544,0.0,1.545868,2.262045,0.0,0.0
583,-15.347657,0.0,0.007812,25.77124,0.294524,0.0,1.545868,2.262045,0.0,0.0
588,-15.347849,-0.368155,0.0,25.771431,0.589048,0.0,1.545868,2.262045,0.0,0.0
590,-15.347657,0.0,0.0,25.77124,0.245437,0.0,1.545868,2.262045,0.0,0.0
617,-15.347849,-0.368155,0.0,25.771048,-0.049087,0.0,1.545868,2.262045,0.0,0.0
621,-15.347657,0.0,0.0,25.77124,0.245437,0.0,1.545868,2.262045,0.0,0.0
624,-15.347657,0.122718,0.0,25.77124,0.245437,0.0,1.545868,2.262045,0.0,0.0
639,-15.347849,-0.368155,0.0,25.771048,-0.098175,0.0,1.545868,2.262045,0.0,0.0
640,-15.347849,-0.073631,0.0,25.77124,0.294524,0.0,1.545868,2.262045,0.0,0.0
642,-15.347849,-0.245437,0.0,25.77124,0.294524,-0.003906,1.545868,2.262045,0.0,0.0
651,-15.347849,-0.539961,0.0,25.77124,0.073631,0.0,1.545868,2.262045,0.0,0.0
672,-15.348041,-0.417242,0.0,25.771048,-0.073631,0.0,1.545868,2.262045,0.0,0.0
673,-15.347849,-0.073631,0.0,25.77124,0.220893,-0.003906,1.545868,2.262045,0.0,0.0
683,-15.348041,-0.392699,0.0,25.771431,0.564505,0.003906,1.545868,2.262045,0.0,0.0
703,-15.347849,-0.024544,0.0,25.771431,0.589048,0.0,1.545868,2.262045,0.0,0.0
704,-15.347657,0.171806,0.0,25.771431,0.392699,0.003906,1.545868,2.262045,0.0,0.0
705,-15.347849,-0.122718,0.0,25.77124,0.147262,-0.003906,1.545868,2.262045,0.0,0.0
713,-15.348041,-0.368155,0.0,25.77124,0.392699,0.0,1.545868,2.262045,0.0,0.0
734,-15.347849,-0.073631,0.0,25.77124,0.220893,-0.003906,1.545868,2.262045,0.0,0.0
735,-15.347849,-0.073631,0.0,25.77124,0.196349,0.0,1.545868,2.262045,0.0,0.0
743,-15.347849,0.0,0.007812,25.77124,0.122718,0.0,1.545868,2.262045,0.0,0.0
764,-15.347849,-0.122718,0.0,25.771048,-0.220893,0.0,1.545868,2.262045,0.0,0.0
765,-15.347849,-0.098175,0.0,25.77124,0.171806,0.0,1.545868,2.262045,0.0,0.0
768,-15.347657,-0.073631,0.0,25.77124,0.049087,0.0,1.545868,2.262045,0.0,0.0
775,-15.347849,-0.122718,0.0,25.77124,0.024544,0.0,1.545868,2.262045,0.0,0.0
811,-15.347849,-0.245437,0.0,25.77124,0.26998,0.0,1.545868,2.262045,0.0,0.0
813,-15.347849,-0.220893,0.0,25.77124,0.073631,0.0,1.545868,2.262045,0.0,0.0
814,-15.347849,-0.171806,0.0,25.77124,0.024544,0.0,1.545868,2.262045,0.0,0.0
826,-15.347849,-0.122718,0.0,25.77124,0.147262,-0.003906,1.545868,2.262045,0.0,0.0
828,-15.347657,0.122718,0.0,25.771048,-0.122718,0.003906,1.545868,2.262045,0.0,0.0
829,-15.347657,0.073631,0.0,25.77124,0.196349,0.003906,1.545868,2.262045,0.0,0.0
837,-15.347849,-0.098175,0.0,25.77124,0.343611,-0.003906,1.545868,2.262045,0.0,0.0
857,-15.347657,0.0,0.0,25.771048,0.024544,-0.003906,1.545868,2.262045,0.0,0.0
858,-15.347849,-0.294524,0.0,25.77124,0.26998,-0.003906,1.545868,2.262045,0.0,0.0
868,-15.347849,-0.073631,0.0,25.771048,-0.171806,0.0,1.545868,2.262045,0.0,0.0
889,-15.347657,0.098175,0.0,25.771431,0.539961,-0.003906,1.545868,2.262045,0.0,0.0
890,-15.347657,0.0,0.0,25.771048,0.147262,0.003906,1.545868,2.262045,0.0,0.0
891,-15.347849,-0.245437,0.0,25.77124,0.073631,0.0,1.545868,2.262045,0.0,0.0
901,-15.347849,-0.147262,0.0,25.771048,-0.122718,-0.003906,1.545868,2.262045,0.0,0.0
921,-15.347849,-0.245437,0.0,25.77124,0.220893,0.0,1.545868,2.262045,0.0,0.0
923,-15.347849,-0.245437,0.0,25.77124,0.245437,0.0,1.545868,2.262045,0.0,0.0
932,-15.347657,0.122718,0.0,25.77124,0.147262,-0.003906,1.545868,2.262045,0.0,0.0
953,-15.347657,0.073631,0.0,25.77124,0.245437,0.003906,1.545868,2.262045,0.0,0.0
954,-15.347657,-0.024544,0.0,25.77124,0.171806,0.0,1.545868,2.262045,0.0,0.0
956,-15.347849,-0.368155,0.0,25.77124,0.147262,0.0,1.545868,2.262045,0.0,0.0
963,-15.347849,-0.319068,0.0,25.77124,0.147262,0.0,1.545868,2.262045,0.0,0.0
983,-15.347657,-0.073631,0.0,25.77124,0.049087,0.0,1.545868,2.262045,0.0,0.0
984,-15.347657,-0.024544,0.0,25.77124,0.098175,-0.003906,1.545868,2.262045,0.0,0.0
994,-15.347657,0.073631,0.0,25.77124,0.049087,0.0,1.545868,2.262045,0.0,0.0
1014,-15.347849,-0.220893,0.0,25.77124,0.0,0.0,1.545868,2.262045,0.0,0.0
1016,-15.347849,-0.245437,0.003906,25.771048,-0.220893,-0.003906,1.545868,2.262045,0.0,0.0
1017,-15.347849,-0.220893,0.0,25.771431,0.368155,0.0,1.545868,2.262045,0.0,0.0
1024,-15.347849,-0.196349,0.0,25.771431,0.368155,0.0,1.545868,2.262045,0.0,0.0
1047,-15.347849,-0.245437,0.0,25.771048,-0.343611,-0.003906,1.545868,2.262045,0.0,0.0
1048,-15.347849,0.049087,0.0,25.771431,0.515417,0.0,1.545868,2.262045,0.0,0.0
1056,-15.347849,-0.245437,0.0,25.771431,0.564505,0.0,1.545868,2.262045,0.0,0.0
1058,-15.347657,0.0,0.003906,25.77124,0.196349,0.0,1.545868,2.262045,0.0,0.0
1078,-15.347849,-0.245437,0.0,25.771048,-0.196349,0.0,1.545868,2.262045,0.0,0.0
1079,-15.347657,0.122718,0.0,25.77124,0.196349,0.0,1.545868,2.262045,0.0,0.0
1087,-15.347849,-0.368155,0.0,25.77124,0.098175,0.0,1.545868,2.262045,0.0,0.0
1110,-15.347849,-0.294524,0.0,25.771431,0.46633,0.0,1.545868,2.262045,0.0,0.0
1114,-15.347849,-0.368155,0.0,25.771048,-0.245437,-0.003906,1.545868,2.262045,0.0,0.0
1120,-15.347849,-0.319068,0.0,25.771048,-0.245437,0.0,1.545868,2.262045,0.0,0.0
1124,-15.347849,-0.245437,0.0,25.77124,0.098175,0.0,1.545868,2.262045,0.0,0.0
1141,-15.347657,0.0,0.0,25.77124,0.171806,0.0,1.545868,2.262045,0.0,0.0
1144,-15.347657,0.024544,0.0,25.77124,0.196349,0.0,1.545868,2.262045,0.0,0.0
1151,-15.347466,-0.024544,0.0,25.771048,-0.122718,0.0,1.545868,2.262045,0.0,0.0
1168,-15.347657,0.049087,0.0,25.771048,-0.147262,0.0,1.545868,2.262045,0.0,0.0
1170,-15.347657,0.049087,0.0,25.77124,0.171806,0.0,1.545868,2.262045,0.0,0.0
1182,-15.347657,0.024544,-0.007812,25.771431,0.564505,-0.007812,1.545868,2.262045,0.0,0.0
1184,-15.347657,0.024544,0.0,25.771048,-0.122718,0.0,1.545868,2.262045,0.0,0.0
1208,-15.347657,-0.122718,0.0,25.771048,-0.073631,-0.003906,1.545868,2.262045,0.0,0.0
1210,-15.347466,0.122718,0.0,25.77124,0.196349,0.0,1.545868,2.262045,0.0,0.0
1215,-15.347466,0.098175,0.0,25.77124,0.196349,0.003906,1.545868,2.262045,0.0,0.0
1235,-15.347657,-0.245437,-0.003906,25.77124,0.245437,0.0,1.545868,2.262045,0.0,0.0
1237,-15.347657,-0.196349,0.0,25.771431,0.539961,0.003906,1.545868,2.262045,0.0,0.0
1242,-15.347466,0.073631,0.0,25.771431,0.392699,0.003906,1.545868,2.262045,0.0,0.0
1244,-15.347657,-0.368155,0.0,25.77124,0.098175,0.0,1.545868,2.262045,0.0,0.0
1265,-15.347466,0.122718,0.0,25.771431,0.392699,0.0,1.545868,2.262045,0.0,0.0
1267,-15.347466,0.0,0.0,25.77124,0.073631,-0.003906,1.545868,2.262045,0.0,0.0
1275,-15.347657,-0.343611,0.0,25.77124,-0.098175,0.0,1.545868,2.262045,0.0,0.0
1295,-15.347849,-0.687223,0.0,25.771431,0.441786,-0.003906,1.545868,2.262045,0.0,0.0
1297,-15.347466,0.073631,0.0,25.771624,0.711766,-0.003906,1.545868,2.262045,0.0,0.0
1298,-15.347466,-0.098175,0.0,25.771431,0.392699,-0.003906,1.545868,2.262045,0.0,0.0
1318,-15.347657,-0.343611,0.0,25.77124,0.024544,-0.003906,1.545868,2.262045,0.0,0.0
1319,-15.347466,0.0,0.0,25.77124,0.0,-0.003906,1.545868,2.262045,0.0,0.0
1342,-15.347849,-0.687223,0.007812,25.771431,0.26998,0.0,1.545868,2.262045,0.0,0.0
1346,-15.347466,0.0,0.0,25.77124,-0.122718,0.003906,1.545868,2.262045,0.0,0.0
1356,-15.347466,0.049087,0.0,25.771431,0.294524,0.003906,1.545868,2.262045,0.0,0.0
1359,-15.347466,0.049087,0.0,25.77124,-0.073631,0.0,1.545868,2.262045,0.0,0.0
1360,-15.347657,-0.26998,0.0,25.771048,0.343611,0.003906,1.545868,2.262045,0.0,0.0
1370,-15.347849,-0.539961,-0.003906,25.771431,0.343611,0.0,1.545868,2.262045,0.0,0.0
1389,-15.347657,-0.294524,0.0,25.771431,0.319068,0.003906,1.545868,2.262045,0.0,0.0
1391,-15.347466,0.098175,0.0,25.771431,0.392699,0.0,1.545868,2.262045,0.0,0.0
1400,-15.347466,0.073631,0.0,25.77124,0.049087,0.003906,1.545868,2.262045,0.0,0.0
1424,-15.347657,-0.319068,0.0,25.77124,0.171806,-0.003906,1.545868,2.262045,0.0,0.0
1426,-15.347466,-0.049087,0.0,25.77124,0.024544,-0.003906,1.545868,2.262045,0.0,0.0
1428,-15.347466,0.0,0.0,25.77124,0.073631,0.0,1.545868,2.262045,0.0,0.0
1434,-15.347466,0.024544,-0.003906,25.77124,0.073631,0.0,1.545868,2.262045,0.0,0.0
1452,-15.347466,-0.049087,0.0,25.771431,0.515417,0.0,1.545868,2.262045,0.0,0.0
1453,-15.347466,-0.024544,0.0,25.77124,0.098175,0.0,1.545868,2.262045,0.0,0.0
1464,-15.347657,-0.368155,0.0,25.77124,0.147262,0.0,1.545868,2.262045,0.0,0.0
1482,-15.347466,0.024544,0.0,25.771048,-0.122718,-0.003906,1.545868,2.262045,0.0,0.0
1484,-15.347466,0.0,0.019531,25.77124,0.245437,0.003906,1.545868,2.262045,0.0,0.0
1485,-15.347466,-0.049087,-0.007812,25.771431,0.539961,0.0,1.545868,2.262045,0.0,0.0
1496,-15.347466,0.0,0.0,25.77124,0.171806,0.0,1.545868,2.262045,0.0,0.0
1517,-15.347466,-0.024544,0.0,25.77124,0.245437,0.0,1.545868,2.262045,0.0,0.0
1519,-15.347274,0.319068,0.0,25.77124,0.26998,0.003906,1.545868,2.262045,0.0,0.0
1526,-15.347466,0.0,0.0,25.77124,0.26998,0.003906,1.545868,2.262045,0.0,0.0
1544,-15.347466,0.0,0.0,25.771048,0.0,-0.003906,1.545868,2.262045,0.0,0.0
1546,-15.347466,0.0,0.0,25.771048,0.024544,0.0,1.545868,2.262045,0.0,0.0
1547,-15.347466,0.0,0.0,25.771048,0.073631,0.003906,1.545868,2.262045,0.0,0.0
1557,-15.347274,0.343611,0.0,25.77124,0.0,0.0,1.545868,2.262045,0.0,0.0
1578,-15.347466,-0.049087,0.0,25.771048,0.098175,0.0,1.545868,2.262045,0.0,0.0
1582,-15.347657,-0.368155,0.0,25.771431,0.711766,-0.003906,1.545868,2.262045,0.0,0.0
1588,-15.347466,-0.417242,0.0,25.77124,0.294524,0.003906,1.545868,2.262045,0.0,0.0
1590,-15.347466,0.0,0.0,25.771048,0.098175,0.003906,1.545868,2.262045,0.0,0.0
1610,-15.347657,-0.319068,0.0,25.771048,0.073631,-0.003906,1.545868,2.262045,0.0,0.0
1611,-15.347657,-0.343611,0.0,25.771048,0.196349,0.0,1.545868,2.262045,0.0,0.0
1619,-15.347657,-0.368155,0.0,25.771048,0.122718,-0.003906,1.545868,2.262045,0.0,0.0
1639,-15.347657,-0.368155,0.0,25.771048,0.073631,0.0,1.545868,2.262045,0.0,0.0
1641,-15.347466,0.0,0.0,25.771048,0.0,0.003906,1.545868,2.262045,0.0,0.0
1650,-15.347466,-0.26998,0.0,25.771048,0.122718,-0.003906,1.545868,2.262045,0.0,0.0
1652,-15.347657,0.098175,0.0,25.771048,0.073631,0.003906,1.545868,2.262045,0.0,0.0
1671,-15.347466,-0.024544,0.0,25.77124,0.368155,0.0,1.545868,2.262045,0.0,0.0
1673,-15.347466,0.0,0.0,25.77124,0.343611,-0.003906,1.545868,2.262045,0.0,0.0
1682,-15.347466,0.073631,0.0,25.771048,0.098175,0.0,1.545868,2.262045,0.0,0.0
1701,-15.347466,0.0,0.0,25.771048,0.147262,0.0,1.545868,2.262045,0.0,0.0
1702,-15.347466,0.0,0.0,25.771048,0.26998,0.0,1.545868,2.262045,0.0,0.0
1714,-15.347657,-0.319068,0.0,25.770857,-0.147262,0.0,1.545868,2.262045,0.0,0.0
1716,-15.347657,0.343611,0.0,25.771048,0.368155,0.0,1.545868,2.262045,0.0,0.0
1746,-15.347466,0.0,0.0,25.770857,-0.122718,0.0,1.545868,2.262045,0.0,0.0
1746,-15.347657,-0.368155,0.0,25.770857,0.294524,0.003906,1.545868,2.262045,0.0,0.0
1754,-15.347657,-0.343611,0.0,25.771048,0.343611,0.003906,1.545868,2.262045,0.0,0.0
1763,-15.347466,-0.024544,0.0,25.770857,0.049087,0.0,1.545868,2.262045,0.0,0.0
1764,-15.347466,-0.024544,0.0,25.771048,0.319068,-0.003906,1.545868,2.262045,0.0,0.0
1765,-15.347466,0.0,0.0,25.770857,0.049087,0.0,1.545868,2.262045,0.0,0.0
1775,-15.347466,-0.024544,0.0,25.770857,-0.024544,0.0,1.545868,2.262045,0.0,0.0
1795,-15.347466,0.0,0.0,25.770857,-0.073631,-0.003906,1.545868,2.262045,0.0,0.0
1797,-15.347466,0.0,-0.003906,25.770664,-0.417242,0.0,1.545868,2.262045,0.0,0.0
1809,-15.347466,-0.024544,0.0,25.770857,-0.073631,-0.003906,1.545868,2.262045,0.0,0.0
1827,-15.347657,-0.392699,-0.003906,25.771048,0.245437,0.0,1.545868,2.262045,0.0,0.0
1828,-15.347466,0.0,0.0,25.771048,0.245437,0.0,1.545868,2.262045,0.0,0.0
1830,-15.347466,-0.024544,0.0,25.771048,0.245437,-0.003906,1.545868,2.262045,0.0,0.0
1839,-15.347466,0.0,0.0,25.770857,-0.073631,0.0,1.545868,2.262045,0.0,0.0
1858,-15.347274,0.294524,0.0,25.771048,0.245437,-0.003906,1.545868,2.262045,0.0,0.0
1862,-15.347466,-0.024544,0.0,25.771048,-0.122718,0.003906,1.545868,2.262045,0.0,0.0
1879,-15.347466,-0.024544,0.0,25.771048,0.245437,0.0,1.545868,2.262045,0.0,0.0
1883,-15.347466,-0.171806,0.0,25.771048,0.26998,-0.003906,1.545868,2.262045,0.0,0.0
1899,-15.347466,-0.098175,0.0,25.771048,0.245437,0.0,1.545868,2.262045,0.0,0.0
1902,-15.347466,-0.171806,0.0,25.771048,0.147262,-0.003906,1.545868,2.262045,0.0,0.0
1906,-15.347466,0.0,0.0,25.77124,0.564505,-0.003906,1.545868,2.262045,0.0,0.0
1925,-15.347274,0.245437,0.0,25.771048,0.196349,0.0,1.545868,2.262045,0.0,0.0
1929,-15.347657,-0.319068,0.0,25.771048,0.122718,0.0,1.545868,2.262045,0.0,0.0
1932,-15.347274,0.26998,0.0,25.771048,0.122718,0.0,1.545868,2.262045,0.0,0.0
1951,-15.347466,-0.171806,-0.007812,25.77124,0.220893,-0.003906,1.545868,2.262045,0.0,0.0
1953,-15.347466,-0.098175,0.0,25.77124,0.098175,-0.003906,1.545868,2.262045,0.0,0.0
1957,-15.347657,-0.392699,0.0,25.771048,-0.220893,-0.003906,1.545868,2.262045,0.0,0.0
1967,-15.347657,-0.368155,0.0,25.771431,0.343611,0.0,1.545868,2.262045,0.0,0.0
1984,-15.347466,-0.049087,0.003906,25.77124,-0.024544,0.0,1.545868,2.262045,0.0,0.0
1987,-15.347466,-0.073631,0.0,25.771431,0.245437,0.003906,1.545868,2.262045,0.0,0.0
1994,-15.347466,0.0,0.0,25.771431,0.245437,0.0,1.545868,2.262045,0.0,0.0
2012,-15.347466,0.0,0.0,25.771431,0.245437,-0.003906,1.545868,2.262045,0.0,0.0
2016,-15.347466,0.049087,-0.003906,25.771431,0.171806,0.003906,1.545868,2.262045,0.0,0.0
2019,-15.347274,0.196349,0.0,25.771431,0.171806,-0.003906,1.545868,2.262045,0.0,0.0
2046,-15.347466,-0.073631,0.0,25.771431,0.171806,0.0,1.545868,2.262045,0.0,0.0
2050,-15.347657,-0.368155,0.0,25.771431,-0.098175,0.003906,1.545868,2.262045,0.0,0.0
2055,-15.347466,-0.024544,0.0,25.771624,0.196349,0.0,1.545868,2.262045,0.0,0.0
2059,-15.347466,0.0,0.0,25.771814,0.515417,0.0,1.545868,2.262045,0.0,0.0
2076,-15.347466,0.0,-0.003906,25.771814,0.368155,0.0,1.545868,2.262045,0.0,0.0
2080,-15.347466,0.0,0.0,25.771624,0.319068,-0.003906,1.545868,2.262045,0.0,0.0
2082,-15.347466,-0.049087,0.0,25.771814,0.245437,0.0,1.545868,2.262045,0.0,0.0
2091,-15.347466,0.0,-0.003906,25.771814,0.220893,0.0,1.545868,2.262045,0.0,0.0
2108,-15.347657,-0.368155,0.0,25.771814,0.245437,0.0,1.545868,2.262045,0.0,0.0
2110,-15.347466,0.0,0.0,25.771814,0.122718,-0.003906,1.545868,2.262045,0.0,0.0
2123,-15.347466,-0.368155,0.0,25.771814,0.171806,-0.003906,1.545868,2.262045,0.0,0.0
2140,-15.347466,-0.024544,0.0,25.771814,0.147262,0.0,1.545868,2.262045,0.0,0.0
2144,-15.347657,-0.490873,0.0,25.771814,0.024544,0.0,1.545868,2.262045,0.0,0.0
2146,-15.347466,0.0,0.0,25.771814,0.0,0.0,1.545868,2.262045,0.0,0.0
2152,-15.347466,-0.122718,0.0,25.772007,0.368155,0.0,1.545868,2.262045,0.0,0.0
2171,-15.347466,0.098175,0.0,25.771814,0.0,0.0,1.545868,2.262045,0.0,0.0
2175,-15.347466,0.024544,0.0,25.772007,0.245437,0.0,1.545868,2.262045,0.0,0.0
2182,-15.347466,-0.049087,0.0,25.772007,0.147262,0.0,1.545868,2.262045,0.0,0.0
2200,-15.347466,0.049087,0.0,25.771814,-0.196349,0.0,1.545868,2.262045,0.0,0.0
2203,-15.347657,-0.368155,0.0,25.772007,0.049087,0.0,1.545868,2.262045,0.0,0.0
2207,-15.347466,0.0,0.0,25.772198,0.441786,-0.003906,1.545868,2.262045,0.0,0.0
2216,-15.347466,0.0,0.0,25.772198,0.343611,0.0,1.545868,2.262045,0.0,0.0
2244,-15.347466,0.0,0.0,25.772198,0.343611,0.0,1.545868,2.262045,0.0,0.0
2247,-15.347466,0.0,0.0,25.772007,-0.122718,0.0,1.545868,2.262045,0.0,0.0
2248,-15.347466,0.049087,0.0,25.772198,0.245437,0.0,1.545868,2.262045,0.0,0.0
2251,-15.347657,-0.368155,0.0,25.771814,-0.319068,0.003906,1.545868,2.262045,0.0,0.0
2266,-15.347657,-0.294524,0.0,25.772007,0.024544,0.003906,1.545868,2.262045,0.0,0.0
2268,-15.347466,-0.024544,0.0,25.772007,0.049087,0.0,1.545868,2.262045,0.0,0.0
2275,-15.347657,-0.245437,0.0,25.772007,0.024544,0.0,1.545868,2.262045,0.0,0.0
2295,-15.347657,-0.245437,0.0,25.772198,0.319068,0.0,1.545868,2.262045,0.0,0.0
2297,-15.347657,-0.245437,-0.003906,25.772007,0.0,0.0,1.545868,2.262045,0.0,0.0
2304,-15.347466,-0.049087,0.0,25.772007,0.049087,0.0,1.545868,2.262045,0.0,0.0
2307,-15.347657,-0.245437,0.0,25.772198,0.392699,0.0,1.545868,2.262045,0.0,0.0
2328,-15.347466,0.073631,0.0,25.772007,0.073631,0.0,1.545868,2.262045,0.0,0.0
2330,-15.347466,0.073631,0.0,25.772007,0.049087,0.0,1.545868,2.262045,0.0,0.0
2337,-15.347466,-0.024544,0.0,25.772007,-0.049087,0.003906,1.545868,2.262045,0.0,0.0
2357,-15.347466,0.0,0.0,25.772007,0.0,0.0,1.545868,2.262045,0.0,0.0
2358,-15.347466,0.049087,0.0,25.772007,0.122718,0.0,1.545868,2.262045,0.0,0.0
2360,-15.347466,0.0,0.0,25.772007,0.171806,0.0,1.545868,2.262045,0.0,0.0
2370,-15.347466,0.0,0.0,25.772007,0.073631,0.0,1.545868,2.262045,0.0,0.0
2390,-15.347466,-0.073631,0.0,25.772007,0.098175,-0.003906,1.545868,2.262045,0.0,0.0
2392,-15.347466,0.073631,0.0,25.772007,0.196349,0.0,1.545868,2.262045,0.0,0.0
2401,-15.347466,0.073631,0.0,25.772007,0.073631,0.003906,1.545868,2.262045,0.0,0.0
2420,-15.347466,0.0,0.0,25.771814,-0.220893,0.0,1.545868,2.262045,0.0,0.0
2422,-15.347466,-0.049087,0.0,25.772007,0.220893,0.003906,1.545868,2.262045,0.0,0.0
2425,-15.347466,0.049087,0.0,25.772007,0.122718,0.003906,1.545868,2.262045,0.0,0.0
2433,-15.347657,0.024544,0.003906,25.772198,0.515417,0.0,1.545868,2.262045,0.0,0.0
2452,-15.347466,-0.024544,0.0,25.772198,0.46633,0.003906,1.545868,2.262045,0.0,0.0
2457,-15.347466,-0.147262,0.0,25.772007,0.049087,0.0,1.545868,2.262045,0.0,0.0
2464,-15.347466,0.0,0.0,25.772007,0.098175,0.0,1.545868,2.262045,0.0,0.0
2482,-15.347466,0.0,0.0,25.772007,0.245437,0.0,1.545868,2.262045,0.0,0.0
2484,-15.347466,0.0,0.0,25.771814,-0.073631,0.0,1.545868,2.262045,0.0,0.0
2487,-15.347657,-0.46633,0.0,25.771814,-0.122718,0.0,1.545868,2.262045,0.0,0.0
2496,-15.347657,0.343611,0.0,25.772198,0.46633,0.0,1.545868,2.262045,0.0,0.0
2513,-15.347657,-0.368155,0.0,25.771814,-0.147262,0.0,1.545868,2.262045,0.0,0.0
2515,-15.347657,-0.368155,0.0,25.772007,0.122718,0.0,1.545868,2.262045,0.0,0.0
2526,-15.347657,-0.245437,0.0,25.772007,0.171806,0.0,1.545868,2.262045,0.0,0.0
2545,-15.347466,0.0,0.0,25.772198,0.515417,0.0,1.545868,2.262045,0.0,0.0
2546,-15.347466,-0.073631,0.0,25.772007,0.220893,0.0,1.545868,2.262045,0.0,0.0
2549,-15.347466,0.0,0.0,25.772007,0.245437,0.003906,1.545868,2.262045,0.0,0.0
2559,-15.347657,0.073631,0.0,25.771814,-0.049087,0.0,1.545868,2.262045,0.0,0.0
2578,-15.347657,-0.343611,0.0,25.772007,0.294524,0.003906,1.545868,2.262045,0.0,0.0
2579,-15.347466,-0.024544,0.0,25.772198,0.589048,0.0,1.545868,2.262045,0.0,0.0
2588,-15.347466,-0.024544,0.0,25.772007,0.245437,0.003906,1.545868,2.262045,0.0,0.0
2606,-15.347466,-0.024544,0.0,25.772007,0.368155,0.003906,1.545868,2.262045,0.0,0.0
2609,-15.347466,-0.073631,0.0,25.772007,0.343611,0.0,1.545868,2.262045,0.0,0.0
2610,-15.347466,-0.073631,0.0,25.771814,0.0,0.0,1.545868,2.262045,0.0,0.0
2619,-15.347657,-0.073631,0.0,25.771814,0.0,0.0,1.545868,2.262045,0.0,0.0
2639,-15.347657,-0.343611,0.0,25.771814,0.024544,0.0,1.545868,2.262045,0.0,0.0
2642,-15.347466,-0.122718,0.0,25.771814,-0.098175,0.0,1.545868,2.262045,0.0,0.0
2652,-15.347466,-0.294524,0.0,25.771814,0.0,0.0,1.545868,2.262045,0.0,0.0
2654,-15.347466,-0.171806,-0.007812,25.772007,0.368155,0.003906,1.545868,2.262045,0.0,0.0
2682,-15.347466,-0.147262,0.0,25.772007,0.319068,0.0,1.545868,2.262045,0.0,0.0
2685,-15.347466,-0.26998,0.0,25.771814,0.245437,0.0,1.545868,2.262045,0.0,0.0
2686,-15.347274,0.073631,0.0,25.771814,0.368155,0.0,1.545868,2.262045,0.0,0.0
2701,-15.347466,-0.245437,0.0,25.771624,0.0,-0.003906,1.545868,2.262045,0.0,0.0
2703,-15.347274,0.073631,0.0,25.771624,-0.245437,0.0,1.545868,2.262045,0.0,0.0
2712,-15.347466,-0.441786,0.0,25.771624,0.245437,0.0,1.545868,2.262045,0.0,0.0
2714,-15.347274,-0.024544,0.007812,25.771624,0.319068,0.0,1.545868,2.262045,0.0,0.0
2734,-15.347082,-0.049087,-0.007812,25.771431,0.024544,0.0,1.545868,2.262045,0.0,0.0
2736,-15.345931,-0.26998,-0.003906,25.771431,0.147262,0.0,1.545868,2.262045,0.0,0.0
2745,-15.344398,0.122718,0.0,25.771431,-0.294524,-0.003906,1.545868,2.262045,0.0,0.0
2763,-15.340179,0.490873,0.0,25.771431,0.294524,0.0,1.545868,2.262045,0.0,0.0
2765,-15.3304,1.325358,-0.007812,25.77124,-0.049087,0.003906,1.545868,2.262045,0.0,0.0
2774,-15.318512,1.055378,-0.003906,25.77124,-0.024544,0.0,1.545868,2.262045,0.0,0.0
2777,-15.301254,2.40528,0.0,25.771048,-0.171806,-0.003906,1.545868,2.262045,0.0,0.0
2796,-15.276519,3.215221,0.0,25.771048,-0.196349,0.0,1.545868,2.262045,0.0,0.0
2798,-15.243922,4.295143,-0.003906,25.77124,0.171806,0.0,1.545868,2.262045,0.0,0.0
2808,-15.197328,5.694132,0.0,25.77124,0.294524,0.0,1.545868,2.262045,0.0,0.0
2824,-15.156101,4.589667,0.003906,25.77124,0.343611,0.0,1.545868,2.262045,0.0,0.0
2827,-15.114684,4.34423,0.0,25.771048,0.490873,0.003906,1.545868,2.262045,0.0,0.0
2829,-15.068473,5.792307,-0.007812,25.770664,-0.122718,0.0,1.545868,2.262045,0.0,0.0
2840,-15.002704,7.829432,-0.007812,25.770857,0.294524,0.003906,1.545868,2.262045,0.0,0.0
2857,-14.930415,8.41848,0.003906,25.770473,-0.343611,0.003906,1.545868,2.262045,0.0,0.0
2860,-14.852373,8.786634,0.0,25.770664,0.0,0.0,1.545868,2.262045,0.0,0.0
2869,-14.780085,8.762092,-0.003906,25.770473,-0.049087,0.0,1.545868,2.262045,0.0,0.0
2889,-14.697825,9.596576,-0.007812,25.770473,0.024544,-0.003906,1.545868,2.262045,0.0,0.0
2891,-14.600992,10.16108,0.003906,25.770473,0.245437,0.0,1.545868,2.262045,0.0,0.0
2892,-14.506845,11.09374,0.0,25.77009,-0.122718,0.0,1.545868,2.262045,0.0,0.0
2902,-14.410779,10.971022,0.0,25.77009,0.515417,0.0,1.545868,2.262045,0.0,0.0
2919,-14.309729,12.468185,0.003906,25.769707,0.049087,0.003906,1.545868,2.262045,0.0,0.0
2922,-14.204459,11.020109,-0.003906,25.769707,0.122718,0.0,1.545868,2.262045,0.0,0.0
2933,-14.092862,12.959059,-0.007812,25.769323,-0.098175,0.0,1.545868,2.262045,0.0,0.0
2951,-13.973786,13.916263,-0.003906,25.769323,0.049087,0.0,1.545868,2.262045,0.0,0.0
2952,-13.852985,12.836341,0.0,25.769131,0.049087,0.0,1.545868,2.262045,0.0,0.0
2955,-13.722405,15.241621,0.0,25.768938,0.245437,0.0,1.545868,2.262045,0.0,0.0
2966,-13.601221,14.947097,-0.003906,25.768364,-0.122718,0.0,1.545868,2.262045,0.0,0.0
2984,-13.464889,15.9043,-0.007812,25.767788,0.098175,0.003906,1.545868,2.262045,0.0,0.0
2985,-13.318777,16.665154,-0.003906,25.766638,-0.171806,0.0,1.545868,2.262045,0.0,0.0
2995,-13.169789,16.321543,0.0,25.764528,-0.490873,0.0,1.545868,2.262045,0.0,0.0
3014,-13.014474,17.352377,0.0,25.760695,-0.245437,0.0,1.545868,2.262045,0.0,0.0
3017,-12.859926,17.916882,0.0,25.753216,-0.490873,0.0,1.545868,2.262045,0.0,0.0
3019,-12.701735,16.984222,0.0,25.748997,0.245437,0.0,1.545868,2.262045,0.0,0.0
3030,-12.54105,18.211405,0.0,25.748997,0.147262,0.0,1.545868,2.262045,0.0,0.0
3050,-12.378256,18.97226,-0.003906,25.749189,0.171806,0.0,1.545868,2.262045,0.0,0.0
3051,-12.21182,19.168608,0.0,25.748997,0.049087,0.0,1.545868,2.262045,0.0,0.0
3057,-12.044999,18.702278,0.0,25.748997,0.147262,0.0,1.545868,2.262045,0.0,0.0
3076,-11.87722,18.849541,0.007812,25.748997,0.049087,0.0,1.545868,2.262045,0.0,0.0
3079,-11.731492,17.84325,-0.011719,25.748997,0.196349,0.0,1.545868,2.262045,0.0,0.0
3081,-11.564288,19.266783,0.003906,25.748806,-0.122718,0.0,1.545868,2.262045,0.0,0.0
3090,-11.399002,18.211405,-0.003906,25.748997,0.122718,0.0,1.545868,2.262045,0.0,0.0
3108,-11.237934,17.49964,0.007812,25.749189,0.392699,0.003906,1.545868,2.262045,0.0,0.0
3110,-11.08607,16.542435,0.0,25.749189,0.245437,0.0,1.545868,2.262045,0.0,0.0
3121,-10.938425,16.002474,0.0,25.749189,0.196349,0.003906,1.545868,2.262045,0.0,0.0
3139,-10.784835,17.818707,-0.007812,25.749189,0.073631,0.0,1.545868,2.262045,0.0,0.0
3143,-10.627986,17.524183,0.003906,25.74938,0.245437,0.0,1.545868,2.262045,0.0,0.0
3146,-10.471903,18.285036,-0.003906,25.749573,0.245437,0.0,1.545868,2.262045,0.0,0.0
3164,-10.315246,17.401464,0.0,25.749763,0.368155,0.003906,1.545868,2.262045,0.0,0.0
3166,-10.174695,17.769619,-0.003906,25.749573,0.0,0.0,1.545868,2.262045,0.0,0.0
3181,-10.018037,16.542435,0.003906,25.749573,0.0,0.0,1.545868,2.262045,0.0,0.0
3183,-9.864448,17.376921,0.0,25.749573,-0.196349,0.0,1.545868,2.262045,0.0,0.0
3202,-9.712008,15.830669,0.003906,25.749956,0.049087,0.0,1.545868,2.262045,0.0,0.0
3204,-9.556309,16.665154,0.003906,25.750147,0.098175,0.0,1.545868,2.262045,0.0,0.0
3206,-9.421894,15.143446,0.003906,25.750532,0.245437,0.0,1.545868,2.262045,0.0,0.0
3213,-9.303969,14.505311,0.0,25.750532,0.049087,0.0,1.545868,2.262045,0.0,0.0
3233,-9.170513,14.235331,0.019531,25.750723,0.245437,0.0,1.545868,2.262045,0.0,0.0
3235,-9.047028,13.548107,-0.007812,25.750723,0.049087,0.0,1.545868,2.262045,0.0,0.0
3244,-8.927761,13.03269,0.003906,25.750916,0.319068,0.0,1.545868,2.262045,0.0,0.0
3266,-8.825176,12.738166,0.007812,25.750916,0.245437,0.0,1.545868,2.262045,0.0,0.0
3268,-8.717989,12.100031,0.0,25.751299,0.515417,0.0,1.545868,2.262045,0.0,0.0
3269,-8.616939,10.087449,0.007812,25.751106,0.098175,0.0,1.545868,2.262045,0.0,0.0
3275,-8.521065,10.136537,0.003906,25.751106,0.0,0.0,1.545868,2.262045,0.0,0.0
3295,-8.438038,9.228421,0.0,25.751106,-0.073631,0.0,1.545868,2.262045,0.0,0.0
3297,-8.362873,8.835722,0.003906,25.75149,0.392699,0.0,1.545868,2.262045,0.0,0.0
3306,-8.288092,6.872229,0.011719,25.75149,0.515417,0.0,1.545868,2.262045,0.0,0.0
3308,-8.222514,7.363102,0.0,25.751106,-0.245437,0.0,1.545868,2.262045,0.0,0.0
3329,-8.165948,6.479529,0.0,25.75149,0.073631,0.0,1.545868,2.262045,0.0,0.0
3333,-8.108999,6.086831,0.007812,25.752066,-0.073631,0.0,1.545868,2.262045,0.0,0.0
3342,-8.049749,6.921316,0.0,25.752256,0.122718,-0.003906,1.545868,2.262045,0.0,0.0
3357,-7.991458,5.743219,0.007812,25.752449,0.368155,0.0,1.545868,2.262045,0.0,0.0
3361,-7.9533,4.295143,0.007812,25.75264,0.711766,0.0,1.545868,2.262045,0.0,0.0
3365,-7.918403,3.730638,0.0,25.752449,0.319068,0.003906,1.545868,2.262045,0.0,0.0
3371,-7.87967,4.81056,-0.007812,25.75264,0.245437,0.0,1.545868,2.262045,0.0,0.0
3390,-7.844005,4.491492,0.007812,25.752832,0.319068,0.0,1.545868,2.262045,0.0,0.0
3392,-7.813133,2.969784,0.003906,25.752832,0.196349,0.0,1.545868,2.262045,0.0,0.0
3401,-7.789356,2.577086,0.007812,25.753023,0.0,0.0,1.545868,2.262045,0.0,0.0
3418,-7.771907,1.546251,0.003906,25.753023,0.417242,0.0,1.545868,2.262045,0.0,0.0
3420,-7.764621,0.515417,0.007812,25.75264,-0.196349,0.0,1.545868,2.262045,0.0,0.0
3422,-7.763662,-0.46633,0.0,25.752832,0.171806,0.0,1.545868,2.262045,0.0,0.0
3460,-7.765388,-0.319068,-0.003906,25.75264,0.171806,0.0,7.583803,2.262045,0.0,0.0
3465,-7.774016,-0.613592,0.0,25.752449,-0.098175,-0.003906,7.583803,2.262045,0.0,0.0
3483,-7.775934,-0.245437,0.0,25.75264,0.245437,0.0,7.583803,2.262045,0.0,0.0
3485,-7.776701,-0.589048,0.0,25.752449,0.0,0.003906,7.583803,2.262045,0.0,0.0
3494,-7.777277,-0.589048,0.0,25.75264,0.368155,0.0,7.583803,2.262045,0.0,0.0
3496,-7.783604,-1.497164,0.0,25.75264,0.245437,0.0,7.583803,2.262045,0.0,0.0
3516,-7.800861,-2.896153,0.003906,25.75264,0.319068,0.0,7.583803,2.262045,0.0,0.0
3518,-7.834225,-4.368774,0.003906,25.752256,-0.122718,0.0,7.583803,2.262045,0.0,0.0
3525,-7.87756,-4.933278,0.0,25.752256,-0.122718,0.0,7.583803,2.262045,0.0,0.0
3545,-7.923196,-5.865938,0.007812,25.752449,0.196349,-0.003906,7.583803,2.262045,0.0,0.0
3547,-7.982063,-8.025781,0.023438,25.752449,0.294524,-0.003906,7.583803,2.262045,0.0,0.0
3548,-8.048408,-8.737548,0.0,25.752449,0.245437,0.0,7.583803,2.262045,0.0,0.0
3558,-8.11897,-7.633082,-0.003906,25.752449,0.098175,0.003906,7.583803,2.262045,0.0,0.0
3576,-8.191834,-9.007528,0.007812,25.75264,0.441786,0.0,7.583803,2.262045,0.0,0.0
3577,-8.267383,-8.492111,0.007812,25.752449,0.098175,0.003906,7.583803,2.262045,0.0,0.0
3589,-8.349067,-9.866556,0.0,25.752449,0.220893,0.0,7.583803,2.262045,0.0,0.0
3607,-8.428834,-9.817469,-0.007812,25.752449,0.0,0.0,7.583803,2.262045,0.0,0.0
3608,-8.516271,-10.455605,0.011719,25.752449,0.073631,0.0,7.583803,2.262045,0.0,0.0
3611,-8.614637,-11.069197,0.003906,25.75264,0.441786,0.0,7.583803,2.262045,0.0,0.0
3620,-8.717031,-12.0264,-0.003906,25.752449,0.171806,0.0,7.583803,2.262045,0.0,0.0
3640,-8.819807,-11.191915,0.007812,25.752449,0.147262,0.003906,7.583803,2.262045,0.0,0.0
3641,-8.930062,-12.934516,0.0,25.752449,0.049087,0.0,7.583803,2.262045,0.0,0.0
3651,-9.041659,-12.713622,0.0,25.752256,-0.122718,0.0,7.583803,2.262045,0.0,0.0
3668,-9.156516,-13.03269,0.007812,25.752256,-0.171806,0.0,7.583803,2.262045,0.0,0.0
3671,-9.276741,-14.578941,0.0,25.752449,0.245437,0.0,7.583803,2.262045,0.0,0.0
3673,-9.386613,-14.333505,0.003906,25.752256,-0.098175,0.0,7.583803,2.262045,0.0,0.0
3692,-9.518726,-15.143446,0.0,25.752449,0.220893,0.0,7.583803,2.262045,0.0,0.0
3694,-9.659278,-15.953387,-0.007812,25.752256,-0.024544,0.0,7.583803,2.262045,0.0,0.0
3713,-9.807115,-17.426008,0.0,25.752449,0.392699,0.0,7.583803,2.262045,0.0,0.0
3715,-9.96569,-19.144064,0.0,25.752256,0.171806,0.0,7.583803,2.262045,0.0,0.0
3733,-10.127524,-19.144064,0.003906,25.752449,0.392699,0.0,7.583803,2.262045,0.0,0.0
3734,-10.296071,-19.7822,0.007812,25.752066,0.392699,0.0,7.583803,2.262045,0.0,0.0
3736,-10.469218,-19.070435,-0.003906,25.752449,0.368155,0.0,7.583803,2.262045,0.0,0.0
3745,-10.644476,-19.561308,0.011719,25.752256,0.171806,0.0,7.583803,2.262045,0.0,0.0
3779,-10.821842,-20.076725,-0.003906,25.752066,-0.245437,0.0,7.583803,2.262045,0.0,0.0
3782,-10.997483,-19.536764,0.003906,25.752449,0.392699,0.0,7.583803,2.262045,0.0,0.0
3783,-11.174658,-19.757656,0.003906,25.752256,0.196349,0.0,7.583803,2.262045,0.0,0.0
3794,-11.3549,-20.813034,-0.003906,25.751873,-0.490873,0.0,7.583803,2.262045,0.0,0.0
3796,-11.53591,-19.97855,0.007812,25.752256,0.049087,0.0,7.583803,2.262045,0.0,0.0
3799,-11.720563,-20.395792,-0.003906,25.752066,-0.122718,0.0,7.583803,2.262045,0.0,0.0
3806,-11.90675,-21.745693,0.0,25.752066,-0.196349,0.0,7.583803,2.262045,0.0,0.0
3840,-12.097346,-21.672064,0.003906,25.752066,-0.26998,0.0,7.583803,2.262045,0.0,0.0
3843,-12.285258,-20.543055,-0.007812,25.752256,0.122718,0.0,7.583803,2.262045,0.0,0.0
3845,-12.472788,-21.083015,0.003906,25.752256,0.196349,-0.003906,7.583803,2.262045,0.0,0.0
3859,-12.655715,-19.414045,-0.007812,25.752449,0.515417,0.0,7.583803,2.262045,0.0,0.0
3860,-12.831547,-18.97226,0.0,25.752256,0.171806,-0.003906,7.583803,2.262045,0.0,0.0
3863,-13.005078,-18.702278,0.0,25.752256,0.171806,0.0,7.583803,2.262045,0.0,0.0
3870,-13.170365,-18.235949,-0.007812,25.752066,-0.122718,0.0,7.583803,2.262045,0.0,0.0
3890,-13.329132,-17.401464,0.003906,25.752256,0.220893,0.0,7.583803,2.262045,0.0,0.0
3892,-13.478503,-16.149736,-0.003906,25.752256,0.245437,0.0,7.583803,2.262045,0.0,0.0
3901,-13.615794,-14.922553,0.003906,25.752449,0.46633,0.0,7.583803,2.262045,0.0,0.0
3919,-13.745991,-13.744457,-0.007812,25.752256,0.147262,-0.003906,7.583803,2.262045,0.0,0.0
3921,-13.870051,-12.738166,0.0,25.752256,0.098175,0.0,7.583803,2.262045,0.0,0.0
3930,-13.983374,-13.351758,-0.003906,25.752256,0.245437,0.0,7.583803,2.262045,0.0,0.0
3933,-14.093054,-11.879138,-0.007812,25.752256,0.171806,0.0,7.583803,2.262045,0.0,0.0
3952,-14.199282,-11.265546,0.0,25.752256,0.098175,0.0,7.583803,2.262045,0.0,0.0
3954,-14.3011,-12.0264,-0.003906,25.752256,0.073631,0.0,7.583803,2.262045,0.0,0.0
3965,-14.394289,-10.062906,-0.011719,25.752066,-0.319068,0.0,7.583803,2.262045,0.0,0.0
3983,-14.478658,-9.670207,0.0,25.752449,0.515417,0.0,7.583803,2.262045,0.0,0.0
3985,-14.556315,-8.173043,0.0,25.752256,0.245437,0.0,7.583803,2.262045,0.0,0.0
3994,-14.628221,-7.804888,-0.003906,25.752066,-0.122718,0.0,7.583803,2.262045,0.0,0.0
3997,-14.693798,-6.651335,-0.011719,25.752256,0.368155,-0.003906,7.583803,2.262045,0.0,0.0
4014,-14.742502,-5.301434,-0.007812,25.752066,0.147262,0.0,7.583803,2.262045,0.0,0.0
4017,-14.792548,-6.086831,0.003906,25.751873,0.0,0.0,7.583803,2.262045,0.0,0.0
4025,-14.84758,-6.430442,0.0,25.751873,0.294524,0.0,7.583803,2.262045,0.0,0.0
4045,-14.897818,-5.055996,-0.007812,25.751873,0.589048,0.0,7.583803,2.262045,0.0,0.0
4047,-14.943262,-4.933278,0.0,25.751106,-0.147262,0.0,7.583803,2.262045,0.0,0.0
4056,-14.982953,-5.203259,-0.007812,25.751106,0.515417,0.0,7.583803,2.262045,0.0,0.0
4058,-15.021111,-3.8779,-0.003906,25.750916,0.171806,0.0,7.583803,2.262045,0.0,0.0
4078,-15.049873,-2.822522,0.0,25.75034,-0.122718,0.0,7.583803,2.262045,0.0,0.0
4080,-15.070199,-2.356193,0.0,25.750147,0.368155,0.0,7.583803,2.262045,0.0,0.0
4090,-15.093592,-3.117046,0.003906,25.749573,0.26998,0.0,7.583803,2.262045,0.0,0.0
4107,-15.126956,-4.417861,0.011719,25.749189,0.515417,0.0,7.583803,2.262045,0.0,0.0
4108,-15.170099,-5.105084,0.003906,25.748423,0.0,-0.003906,7.583803,2.262045,0.0,0.0
4118,-15.212859,-4.295143,-0.003906,25.746504,-0.171806,0.0,7.583803,2.262045,0.0,0.0
4120,-15.238553,-1.914407,-0.011719,25.744587,0.245437,0.0,7.583803,2.262045,0.0,0.0
4152,-15.25255,-1.914407,0.0,25.743628,0.073631,0.0,7.583803,2.262045,0.0,0.0
4155,-15.266548,-1.889863,0.0,25.739218,-0.490873,0.0,7.583803,2.262045,0.0,0.0
4157,-15.283038,-1.644426,0.0,25.726179,-1.889863,0.0,7.583803,2.262045,0.0,0.0
4176,-15.297036,-1.767144,0.0,25.703362,-3.60792,0.0,7.583803,2.262045,0.0,0.0
4178,-15.308349,-1.398989,0.0,25.672106,-4.34423,0.003906,7.583803,2.262045,0.0,0.0
4217,-15.318704,-1.497164,0.0,25.626471,-5.424152,0.003906,7.583803,2.262045,0.0,0.0
4219,-15.338645,-0.490873,0.0,25.52005,-6.504073,0.007812,7.583803,2.262045,0.0,0.0
4220,-15.342863,-0.46633,0.0,25.460226,-7.780344,0.0,7.583803,2.262045,0.0,0.0
4223,-15.346699,-0.883572,0.0,25.391388,-7.780344,-0.007812,7.583803,2.262045,0.0,0.0
4233,-15.350725,-0.73631,0.0,25.322935,-6.970403,0.0,7.583803,2.262045,0.0,0.0
4235,-15.35341,-0.392699,0.0,25.252947,-8.222131,0.003906,7.583803,2.262045,0.0,0.0
4254,-15.353985,-0.26998,0.0,25.182383,-7.976694,0.0,7.583803,2.262045,0.0,0.0
4257,-15.353985,-0.245437,0.0,25.108561,-8.271217,0.003906,7.583803,2.262045,0.0,0.0
4259,-15.353985,-0.171806,0.0,25.029369,-8.811178,-0.003906,7.583803,2.262045,0.0,0.0
4276,-15.354177,-0.098175,0.0,24.953438,-8.737548,0.003906,7.583803,2.262045,0.0,0.0
4277,-15.354177,0.122718,0.0,24.871178,-9.768382,0.0,7.583803,2.262045,0.0,0.0
4295,-15.354368,-0.073631,0.0,24.781248,-10.185624,0.0,7.583803,2.262045,0.0,0.0
4297,-15.35456,-0.343611,0.0,24.687099,-9.42477,-0.003906,7.583803,2.262045,0.0,0.0
4316,-15.35456,-0.392699,0.0,24.594677,-10.750129,0.003906,7.583803,2.262045,0.0,0.0
4326,-15.354177,0.049087,0.0,24.492285,-11.928225,0.0,7.583803,2.262045,0.0,0.0
4329,-15.354368,-0.26998,0.0,24.385864,-11.412807,0.0,7.583803,2.262045,0.0,0.0
4331,-15.353985,0.343611,0.0,24.281363,-11.903682,0.003906,7.590706,2.262045,0.0,0.0
4339,-15.354177,-0.098175,0.0,24.168039,-13.03269,0.0,7.590706,2.262045,0.0,0.0
4358,-15.354177,0.0,0.0,24.056826,-12.0264,0.0,7.590706,2.262045,0.0,0.0
4359,-15.354177,0.098175,0.0,23.952131,-13.278127,0.0,7.590706,2.262045,0.0,0.0
4378,-15.354177,-0.343611,0.0,23.825386,-14.235331,-0.003906,7.590706,2.262045,0.0,0.0
4381,-15.353985,0.0,0.0,23.682726,-13.793544,0.0,7.590706,2.262045,0.0,0.0
4383,-15.354368,0.122718,0.0,23.566528,-14.407136,-0.007812,7.590706,2.262045,0.0,0.0
4400,-15.354177,-0.294524,0.0,23.425594,-13.548107,0.003906,7.590706,2.262045,0.0,0.0
4402,-15.354177,-0.196349,0.0,23.297697,-14.210787,0.0,7.590706,2.262045,0.0,0.0
4423,-15.354177,-0.098175,0.0,23.170568,-13.818088,0.003906,7.590706,2.262045,0.0,0.0
4426,-15.354177,0.0,0.0,23.043633,-14.775291,0.0,7.590706,2.262045,0.0,0.0
4431,-15.354368,-0.122718,0.0,22.913244,-14.014437,0.0,7.590706,2.262045,0.0,0.0
4451,-15.354752,-0.147262,0.0,22.783049,-14.947097,0.003906,7.590706,2.262045,0.0,0.0
4452,-15.355518,-0.196349,-0.003906,22.648632,-14.996184,-0.007812,7.590706,2.262045,0.0,0.0
4454,-15.356861,-0.073631,0.0,22.515368,-15.143446,0.0,7.590706,2.262045,0.0,0.0
4465,-15.359162,0.024544,0.0,22.380953,-15.266165,0.0,7.590706,2.262045,0.0,0.0
4484,-15.362039,-0.638135,0.0,22.247114,-14.947097,0.003906,7.590706,2.262045,0.0,0.0
4485,-15.365107,-0.760854,0.0,22.113274,-15.118902,0.0,7.590706,2.262045,0.0,0.0
4501,-15.369325,-0.859029,0.007812,21.977133,-15.315252,0.003906,7.590706,2.262045,0.0,0.0
4512,-15.376227,-0.908116,0.003906,21.840225,-15.290709,0.0,7.590706,2.262045,0.0,0.0
4515,-15.382747,-0.515417,0.0,21.699099,-16.591522,0.0,7.590706,2.262045,0.0,0.0
4517,-15.385623,-0.196349,0.0,21.558548,-15.9043,0.0,7.590706,2.262045,0.0,0.0
4526,-15.387349,-0.539961,0.0,21.418381,-15.658863,0.0,7.590706,2.262045,0.0,0.0
4552,-15.389266,-0.073631,0.003906,21.282816,-15.928843,0.007812,7.590706,2.262045,0.0,0.0
4554,-15.394252,-1.104465,0.0,21.148209,-14.308961,-0.003906,7.590706,2.262045,0.0,0.0
4557,-15.402497,-1.178096,0.0,21.017246,-14.112612,0.003906,7.590706,2.262045,0.0,0.0
4579,-15.410933,-0.883572,-0.003906,20.889925,-13.646282,-0.007812,7.590706,2.262045,0.0,0.0
4581,-15.418412,-1.104465,0.0,20.765289,-13.49902,0.0,7.590706,2.262045,0.0,0.0
4588,-15.431451,-1.988037,0.003906,20.645447,-13.49902,0.0,7.590706,2.262045,0.0,0.0
4590,-15.448324,-2.527998,0.003906,20.528097,-12.811797,0.0,7.590706,2.262045,0.0,0.0
4608,-15.470375,-2.822522,0.0,20.418993,-11.241002,0.003906,7.590706,2.262045,0.0,0.0
4610,-15.493385,-2.577086,-0.003906,20.311039,-11.486439,-0.007812,7.590706,2.262045,0.0,0.0
4620,-15.519271,-2.724348,0.0,20.20577,-9.792926,-0.003906,7.590706,2.262045,0.0,0.0
4639,-15.538637,-1.497164,-0.007812,20.129456,-7.657626,-0.003906,7.590706,2.262045,0.0,0.0
4642,-15.550334,-1.497164,-0.003906,20.061577,-7.314014,0.0,7.590706,2.262045,0.0,0.0
4650,-15.55532,-0.981747,0.0,19.997725,-6.0132,-0.007812,7.590706,2.262045,0.0,0.0
4668,-15.556853,-0.93266,0.0,19.949787,-4.246056,-0.007812,7.590706,2.262045,0.0,0.0
4672,-15.556853,-0.392699,0.0,19.915464,-3.313396,0.0,7.590706,2.262045,0.0,0.0
4673,-15.557429,-0.589048,0.003906,19.884785,-3.117046,0.003906,7.590706,2.262045,0.0,0.0
4702,-15.558196,-0.220893,0.0,19.852381,-3.043416,-0.007812,7.590706,2.262045,0.0,0.0
4704,-15.559155,-0.220893,0.0,19.796391,-0.957203,0.0,7.590706,2.262045,0.0,0.0
4732,-15.558963,0.122718,0.0,19.792171,0.0,-0.003906,7.590706,2.262045,0.0,0.0
4735,-15.558963,0.098175,0.0,19.796005,0.245437,0.0,7.590706,5.960085,0.0,0.0
4746,-15.559155,-0.26998,-0.003906,19.796774,0.368155,0.003906,7.590706,5.960085,0.0,0.0
4764,-15.559155,-0.343611,0.003906,19.798691,0.539961,0.0,7.590706,5.960085,0.0,0.0
4765,-15.558963,0.049087,0.0,19.79965,0.171806,-0.003906,7.590706,5.960085,0.0,0.0
4785,-15.559155,-0.392699,0.0,19.80406,0.981747,-0.003906,7.590706,5.960085,0.0,0.0
4786,-15.558771,0.343611,0.0,19.835506,5.792307,-0.007812,7.590706,5.960085,0.0,0.0
4788,-15.558963,-0.220893,-0.003906,19.905495,9.817469,-0.007812,7.590706,5.960085,0.0,0.0
4806,-15.558963,-0.245437,0.0,20.004051,12.443642,-0.007812,7.590706,5.960085,0.0,0.0
4808,-15.556087,0.392699,0.0,20.120251,13.327214,0.003906,7.590706,5.960085,0.0,0.0
4829,-15.554553,0.024544,-0.003906,20.2376,13.03269,0.0,7.590706,5.960085,0.0,0.0
4837,-15.552252,0.024544,0.0,20.44392,14.186243,0.0,7.590706,5.960085,0.0,0.0
4840,-15.552252,-0.294524,0.0,20.573925,14.947097,-0.007812,7.590706,5.960085,0.0,0.0
4858,-15.55206,-0.098175,-0.003906,20.715628,16.935135,0.0,7.590706,5.960085,0.0,0.0
4860,-15.551868,0.147262,0.0,20.864614,17.990513,0.0,7.590706,5.960085,0.0,0.0
4869,-15.551868,0.122718,0.0,21.021847,17.867794,0.0,7.590706,5.960085,0.0,0.0
4889,-15.551868,0.0,0.0,21.18675,18.30958,-0.003906,7.590706,5.960085,0.0,0.0
4890,-15.55206,-0.294524,0.0,21.349928,19.364958,0.007812,7.590706,5.960085,0.0,0.0
4900,-15.55206,-0.245437,-0.003906,21.519432,19.954006,0.0,7.590706,5.960085,0.0,0.0
4902,-15.551868,0.0,0.0,21.673214,20.052181,0.003906,7.590706,5.960085,0.0,0.0
4920,-15.55206,-0.245437,0.0,21.844252,19.561308,0.007812,7.590706,5.960085,0.0,0.0
4922,-15.551868,0.024544,0.0,22.013182,19.7822,0.0,7.590706,5.960085,0.0,0.0
4943,-15.551868,0.0,0.0,22.180769,17.941425,0.0,7.590706,5.960085,0.0,0.0
4945,-15.551868,0.122718,0.0,22.350273,19.733112,0.0,7.590706,5.960085,0.0,0.0
4963,-15.551868,0.049087,0.0,22.52112,19.070435,0.0,7.590706,5.960085,0.0,0.0
4964,-15.551868,0.0,0.0,22.69331,19.168608,0.0,7.590706,5.960085,0.0,0.0
4967,-15.55206,-0.343611,0.0,22.868567,19.536764,0.003906,7.590706,5.960085,0.0,0.0
4983,-15.55206,-0.343611,0.0,23.026567,20.616686,0.0,7.590706,5.960085,0.0,0.0
4986,-15.55206,-0.368155,0.0,23.20681,20.420336,-0.003906,7.590706,5.960085,0.0,0.0
5006,-15.551868,-0.024544,0.0,23.392612,21.107559,0.003906,7.590706,5.960085,0.0,0.0
5007,-15.55206,0.0,-0.003906,23.581484,21.352995,0.0,7.590706,5.960085,0.0,0.0
5026,-15.551677,0.220893,0.0,23.773424,21.770237,0.0,7.590706,5.960085,0.0,0.0
5028,-15.551485,-0.122718,0.0,23.963636,21.328451,0.003906,7.590706,5.960085,0.0,0.0
5030,-15.550717,-0.098175,0.0,24.151165,21.033928,0.0,7.590706,5.960085,0.0,0.0
5046,-15.550526,0.196349,0.0,24.334476,19.585852,0.007812,7.590706,5.960085,0.0,0.0
5048,-15.550334,-0.147262,0.0,24.512802,20.322161,0.003906,7.590706,5.960085,0.0,0.0
5057,-15.550142,-0.196349,0.0,24.687675,19.7822,0.0,7.590706,5.960085,0.0,0.0
5077,-15.549759,-0.343611,0.0,24.856606,19.364958,0.007812,7.590706,5.960085,0.0,0.0
5081,-15.5488,-0.098175,0.0,25.012878,17.450552,0.0,7.590706,5.960085,0.0,0.0
5084,-15.544581,0.343611,0.0,25.156498,15.732494,0.007812,7.590706,5.960085,0.0,0.0
5088,-15.536529,0.883572,0.0,25.284393,13.49902,0.0,7.590706,5.960085,0.0,0.0
5109,-15.525215,1.20264,0.003906,25.382185,12.198205,0.0,7.590706,5.960085,0.0,0.0
5112,-15.512752,1.300815,-0.003906,25.472689,8.467567,0.003906,7.590706,5.960085,0.0,0.0
5119,-15.494919,1.767144,-0.003906,25.538458,6.258636,0.007812,7.590706,5.960085,0.0,0.0
5139,-15.474786,2.086212,-0.003906,25.582176,4.049706,0.003906,7.590706,5.960085,0.0,0.0
5140,-15.448708,3.215221,-0.003906,25.607872,1.914407,0.003906,7.590706,5.960085,0.0,0.0
5143,-15.410933,4.786016,-0.011719,25.616882,0.589048,0.003906,7.590706,5.960085,0.0,0.0
5169,-15.356861,6.086831,-0.007812,25.615732,0.098175,0.0,7.590706,5.960085,0.0,0.0
5172,-15.259645,5.865938,0.0,25.613049,0.0,0.0,7.590706,5.960085,0.0,0.0
5181,-15.19982,7.166752,0.0,25.611898,0.147262,0.0,7.590706,5.960085,0.0,0.0
5201,-15.142104,6.209549,0.003906,25.608063,-0.490873,0.0,7.590706,5.960085,0.0,0.0
5203,-15.095701,4.761473,0.0,25.60116,-0.441786,0.0,7.590706,5.960085,0.0,0.0
5205,-15.05064,6.430442,-0.003906,25.594641,-0.785398,0.0,7.590706,5.960085,0.0,0.0
5216,-14.991007,6.037744,0.0,25.584095,-1.300815,0.007812,7.590706,5.960085,0.0,0.0
5234,-14.940194,5.055996,0.003906,25.567221,-1.889863,0.0,7.590706,5.960085,0.0,0.0
5236,-14.890148,5.939569,0.007812,25.552649,-1.816232,0.0,7.590706,5.960085,0.0,0.0
5245,-14.834541,5.669589,-0.003906,25.54287,-0.490873,-0.003906,7.590706,5.960085,0.0,0.0
5265,-14.78833,4.736929,0.0,25.534048,-1.398989,0.0,7.590706,5.960085,0.0,0.0
5267,-14.74672,4.516036,0.0,25.52331,-0.908116,0.003906,7.590706,5.960085,0.0,0.0
5269,-14.699167,5.890481,-0.007812,25.516024,-0.711766,0.0,7.590706,5.960085,0.0,0.0
5276,-14.641835,5.988656,0.007812,25.507971,-0.883572,0.003906,7.590706,5.960085,0.0,0.0
5297,-14.595432,5.448695,0.011719,25.500301,-0.662679,-0.003906,7.590706,5.960085,0.0,0.0
5300,-14.54577,5.522326,0.0,25.494932,-0.859029,0.0,7.590706,5.960085,0.0,0.0
5312,-14.489588,6.234093,-0.003906,25.48918,-0.515417,0.0,7.590706,5.960085,0.0,0.0
5324,-14.434173,5.841394,-0.007812,25.476908,-1.251727,0.0,7.590706,5.960085,0.0,0.0
5326,-14.377991,6.160462,0.0,25.463869,-1.349902,0.0,7.590706,5.960085,0.0,0.0
5328,-14.30992,8.099412,0.003906,25.450254,-1.178096,-0.003906,7.590706,5.960085,0.0,0.0
5340,-14.245301,6.479529,0.003906,25.444502,-0.171806,0.0,7.590706,5.960085,0.0,0.0
5357,-14.17934,8.516654,-0.007812,25.442776,0.319068,0.0,7.590706,5.960085,0.0,0.0
5359,-14.097464,8.860266,0.0,25.441242,-0.147262,0.0,7.590706,5.960085,0.0,0.0
5369,-14.021149,9.498402,0.0,25.439899,-0.073631,0.0,7.590706,5.960085,0.0,0.0
5388,-13.921056,11.044653,-0.003906,25.437983,0.196349,0.003906,7.590706,5.960085,0.0,0.0
5391,-13.819814,11.780963,-0.011719,25.435873,-0.294524,0.0,7.590706,5.960085,0.0,0.0
5393,-13.70745,12.370011,0.003906,25.435873,0.539961,-0.007812,7.590706,5.960085,0.0,0.0
5402,-13.588182,12.738166,0.0,25.435873,0.0,0.003906,7.590706,5.960085,0.0,0.0
5419,-13.46719,14.947097,-0.007812,25.435873,0.196349,0.0,7.590706,5.960085,0.0,0.0
5422,-13.337568,13.597195,0.003906,25.435873,0.245437,-0.003906,7.590706,5.960085,0.0,0.0
5431,-13.205838,14.971641,0.0,25.436066,0.245437,0.0,7.590706,5.960085,0.0,0.0
5450,-13.069314,15.020728,0.011719,25.436449,0.049087,0.0,7.590706,5.960085,0.0,0.0
5452,-12.933557,14.898009,-0.007812,25.43664,0.392699,-0.003906,7.590706,5.960085,0.0,0.0
5455,-12.792814,15.290709,0.007812,25.436449,-0.098175,-0.003906,7.590706,5.960085,0.0,0.0
5464,-12.654181,14.971641,-0.007812,25.437025,0.049087,-0.003906,7.590706,5.960085,0.0,0.0
5482,-12.511712,15.855212,0.007812,25.438749,-0.122718,-0.003906,7.590706,5.960085,0.0,0.0
5483,-12.370395,15.732494,-0.003906,25.438942,0.589048,0.0,7.590706,5.960085,0.0,0.0
5494,-12.226584,16.17428,0.0,25.439325,0.26998,0.0,7.590706,5.960085,0.0,0.0
5525,-12.079514,16.64061,-0.003906,25.439516,0.368155,0.0,7.590706,5.960085,0.0,0.0
5527,-11.949125,16.493347,0.003906,25.439709,0.368155,0.0,7.590706,5.960085,0.0,0.0
5529,-11.799946,15.609776,0.0,25.440092,0.098175,0.0,7.590706,5.960085,0.0,0.0
5531,-11.65115,17.008766,0.0,25.442202,0.343611,0.0,7.590706,5.960085,0.0,0.0
5545,-11.504847,16.738785,-0.003906,25.444695,0.957203,0.0,7.590706,5.960085,0.0,0.0
5548,-11.36142,15.609776,0.0,25.454857,1.300815,-0.003906,7.590706,5.960085,0.0,0.0
5554,-11.220293,14.873466,0.007812,25.468662,1.619882,0.0,7.590706,5.960085,0.0,0.0
5576,-11.087413,13.597195,0.0,25.485537,2.552542,0.003906,7.590706,5.960085,0.0,0.0
5578,-10.956449,13.916263,0.007812,25.507778,2.994328,-0.007812,7.590706,5.960085,0.0,0.0
5580,-10.830663,14.43168,0.0,25.53635,3.33794,0.0,7.590706,5.960085,0.0,0.0
5588,-10.721175,13.793544,0.007812,25.566261,4.049706,-0.003906,7.590706,5.960085,0.0,0.0
5619,-10.601141,12.468185,0.003906,25.606529,5.031453,-0.003906,7.590706,5.960085,0.0,0.0
5622,-10.488777,12.836341,0.0,25.651398,5.203259,0.0,7.590706,5.960085,0.0,0.0
5624,-10.386384,10.55378,0.011719,25.696842,4.957822,0.0,7.590706,5.960085,0.0,0.0
5638,-10.296646,9.817469,0.003906,25.740944,5.006909,0.0,7.590706,5.960085,0.0,0.0
5640,-10.223015,7.436733,0.007812,25.779486,4.246056,0.0,7.590706,5.960085,0.0,0.0
5642,-10.155904,7.608539,0.003906,25.809782,2.945241,0.003906,7.590706,5.960085,0.0,0.0
5650,-10.100297,5.890481,0.007812,25.83145,2.797979,0.0,7.590706,5.960085,0.0,0.0
5675,-10.060413,2.822522,0.007812,25.853884,2.969784,0.0,7.590706,5.960085,0.0,0.0
5682,-10.048717,-0.564505,-0.003906,25.942854,4.491492,0.0,7.590706,5.960085,0.0,0.0
5706,-10.046799,0.490873,0.0,25.97986,4.516036,0.0,7.590706,5.960085,0.0,0.0
5713,-10.047375,-0.319068,0.0,26.056944,4.025162,0.0,7.590706,5.960085,0.0,0.0
5733,-10.049292,-0.220893,0.0,26.090691,3.951531,0.003906,7.590706,5.960085,0.0,0.0
5736,-10.052551,-0.343611,0.003906,26.122713,3.558833,0.0,7.590706,5.960085,0.0,0.0
5745,-10.056194,-0.834485,0.0,26.146873,2.896153,0.0,7.590706,5.960085,0.0,0.0
5762,-10.057729,-0.368155,-0.003906,26.162212,1.47262,0.003906,7.590706,5.960085,0.0,0.0
5764,-10.06003,-0.834485,0.0,26.167198,0.319068,-0.003906,7.590706,5.960085,0.0,0.0
5767,-10.073452,-2.503455,0.011719,26.169115,0.196349,0.0,7.590706,5.960085,0.0,0.0
5776,-10.108925,-5.27689,0.003906,26.169691,0.441786,0.003906,7.590706,5.960085,0.0,0.0
5796,-10.153794,-5.718676,0.0,26.169308,0.196349,0.0,7.590706,5.960085,0.0,0.0
5800,-10.200006,-5.448695,-0.007812,26.168732,0.024544,0.0,7.590706,5.960085,0.0,0.0
5808,-10.307192,-8.467567,0.011719,26.168732,0.245437,0.0,7.590706,5.960085,0.0,0.0
5827,-10.382741,-9.400227,0.011719,26.168541,0.049087,-0.003906,7.590706,5.960085,0.0,0.0
5830,-10.461357,-11.29009,0.0,26.168541,-0.122718,-0.003906,7.590706,5.960085,0.0,0.0
5838,-10.56586,-10.234712,0.0,26.168541,-0.122718,0.0,7.590706,5.960085,0.0,0.0
5857,-10.663651,-12.001856,0.007812,26.168541,-0.147262,-0.003906,7.590706,5.960085,0.0,0.0
5859,-10.761442,-11.020109,-0.003906,26.168732,-0.147262,0.0,7.590706,5.960085,0.0,0.0
5867,-10.860767,-10.504692,-0.007812,26.168541,-0.368155,0.003906,7.590706,5.960085,0.0,0.0
5870,-10.949929,-10.504692,0.007812,26.169308,0.760854,0.0,7.590706,5.960085,0.0,0.0
5890,-11.046186,-10.701041,0.0,26.170074,0.46633,0.003906,7.590706,5.960085,0.0,0.0
5892,-11.138226,-10.504692,0.0,26.172184,0.46633,0.0,7.590706,5.960085,0.0,0.0
5901,-11.231031,-9.596576,0.003906,26.174101,0.368155,0.0,7.590706,5.960085,0.0,0.0
5921,-11.325179,-11.903682,0.0,26.17506,0.417242,0.003906,7.590706,5.960085,0.0,0.0
5923,-11.420286,-10.013819,-0.019531,26.176403,0.122718,0.0,7.590706,5.960085,0.0,0.0
5930,-11.510216,-10.234712,0.003906,26.17832,0.171806,0.0,7.590706,5.960085,0.0,0.0
5932,-11.594584,-9.596576,-0.003906,26.181196,0.613592,0.0,7.590706,5.960085,0.0,0.0
5952,-11.663613,-8.614829,-0.007812,26.183496,0.26998,-0.003906,7.590706,5.960085,0.0,0.0
5954,-11.736094,-6.258636,-0.011719,26.186949,0.638135,0.0,7.590706,5.960085,0.0,0.0
5965,-11.770033,-3.190677,-0.007812,26.192125,1.006291,0.0,7.590706,5.960085,0.0,0.0
5985,-11.794577,-2.380736,-0.007812,26.202671,1.398989,0.0,7.590706,5.960085,0.0,0.0
5987,-11.80915,-1.398989,-0.003906,26.210533,1.055378,0.0,7.590706,5.960085,0.0,0.0
5994,-11.816244,-0.319068,-0.003906,26.218012,1.251727,0.0,7.590706,5.960085,0.0,0.0
5996,-11.815094,0.245437,0.0,26.227982,1.251727,0.003906,7.590706,5.960085,0.0,0.0
6029,-11.812793,0.024544,0.0,26.233543,0.417242,0.0,7.590706,5.960085,0.0,0.0
6033,-11.813176,0.098175,0.0,26.23546,0.245437,0.0,7.590706,5.960085,0.0,0.0
6036,-11.813176,0.0,0.0,26.236227,0.392699,0.0,7.590706,5.960085,0.0,0.0
6045,-11.81356,-0.245437,0.0,26.23661,0.196349,0.0,7.590706,5.960085,0.0,0.0
6049,-11.814136,-0.368155,0.003906,26.237377,-0.073631,0.0,7.590706,5.960085,0.0,0.0
6053,-11.814136,0.392699,0.0,26.238913,0.515417,0.0,7.590706,5.960085,0.0,0.0
6057,-11.814327,0.0,0.0,26.240253,0.196349,-0.003906,7.590706,5.960085,0.0,0.0
6078,-11.814519,-0.368155,0.0,26.241405,0.564505,0.0,7.590706,5.960085,0.0,0.0
6080,-11.814519,-0.171806,0.003906,26.241405,0.26998,0.0,7.590706,5.960085,0.0,0.0
6089,-11.815477,-0.417242,0.003906,26.240637,-0.122718,0.0,7.590706,5.960085,0.0,0.0
6107,-11.823148,-1.791688,0.003906,26.237953,0.196349,0.0,7.590706,5.960085,0.0,0.0
6109,-11.845199,-3.33794,0.003906,26.231817,-0.981747,0.0,7.590706,5.960085,0.0,0.0
6111,-11.87837,-4.638754,0.003906,26.221272,-0.957203,0.0,7.590706,5.960085,0.0,0.0
6119,-11.913844,-4.049706,-0.007812,26.212833,-0.589048,0.0,7.590706,5.960085,0.0,0.0
6140,-11.951043,-4.81056,0.003906,26.200562,-1.889863,0.003906,7.590706,5.960085,0.0,0.0
6142,-11.999555,-6.160462,0.0,26.174868,-3.976075,0.007812,7.590706,5.960085,0.0,0.0
6168,-12.055545,-6.847685,0.0,26.120029,-7.338558,0.007812,7.590706,5.960085,0.0,0.0
6171,-12.181523,-9.572032,0.019531,25.954359,-9.866556,-0.007812,7.590706,5.960085,0.0,0.0
6173,-12.269343,-10.062906,0.0,25.860403,-10.62741,0.003906,7.590706,5.960085,0.0,0.0
6184,-12.359081,-10.480148,0.003906,25.758968,-11.805507,0.003906,7.590706,5.960085,0.0,0.0
6204,-12.454763,-10.283799,0.007812,25.648905,-12.56636,0.0,7.590706,5.960085,0.0,0.0
6206,-12.556198,-11.609158,0.0,25.533857,-12.001856,-0.003906,7.590706,5.960085,0.0,0.0
6225,-12.655332,-10.651954,0.0,25.424368,-13.03269,0.0,7.590706,5.960085,0.0,0.0
6227,-12.750246,-11.191915,0.003906,25.311237,-12.541817,0.0,7.590706,5.960085,0.0,0.0
6243,-12.854365,-10.651954,-0.007812,25.185068,-12.124575,-0.003906,7.590706,5.960085,0.0,0.0
6245,-12.945637,-9.621119,0.0,25.071745,-12.56636,0.0,7.590706,5.960085,0.0,0.0
6247,-13.022144,-8.909353,0.003906,24.961298,-11.903682,0.0,7.590706,5.960085,0.0,0.0
6267,-13.098844,-8.933897,0.003906,24.852003,-12.222749,0.003906,7.590706,5.960085,0.0,0.0
6268,-13.16653,-7.387646,-0.011719,24.73753,-12.983603,0.0,7.590706,5.960085,0.0,0.0
6275,-13.225971,-6.28318,0.0,24.622864,-12.615448,0.003906,7.590706,5.960085,0.0,0.0
6299,-13.283496,-6.479529,0.003906,24.502254,-13.400846,0.0,7.590706,5.960085,0.0,0.0
6301,-13.331625,-4.638754,0.0,24.379345,-13.597195,0.003906,7.590706,5.960085,0.0,0.0
6304,-13.382246,-6.528617,0.0,24.259119,-14.186243,0.003906,7.590706,5.960085,0.0,0.0
6339,-13.442646,-7.363102,0.0,24.133526,-13.916263,0.0,7.590706,5.960085,0.0,0.0
6341,-13.499211,-5.497783,-0.007812,24.008888,-14.137156,0.007812,7.590706,5.960085,0.0,0.0
6343,-13.546765,-5.988656,0.0,23.880419,-13.670826,0.0,7.590706,5.960085,0.0,0.0
6345,-13.598536,-6.209549,0.003906,23.75885,-12.492729,0.0,7.590706,5.960085,0.0,0.0
6359,-13.654528,-6.577704,0.0,23.635748,-13.793544,0.0,7.590706,5.960085,0.0,0.0
6361,-13.710518,-6.896772,0.0,23.510729,-13.278127,0.0,7.590706,5.960085,0.0,0.0
6368,-13.770343,-7.829432,0.0,23.388779,-13.130865,0.0,7.590706,5.960085,0.0,0.0
6390,-13.830359,-5.743219,-0.007812,23.265484,-13.351758,-0.007812,7.590706,5.960085,0.0,0.0
6392,-13.883665,-5.571414,0.0,23.135672,-12.811797,0.003906,7.590706,5.960085,0.0,0.0
6395,-13.94004,-7.534907,0.007812,23.021582,-12.345468,0.0,7.590706,5.960085,0.0,0.0
6400,-14.006384,-7.510364,0.0,22.908451,-12.222749,-0.007812,7.590706,5.960085,0.0,0.0
6422,-14.068893,-6.74951,-0.007812,22.797428,-12.615448,0.0,7.590706,5.960085,0.0,0.0
6424,-14.135814,-8.123956,-0.007812,22.685064,-12.811797,0.0,7.590706,5.960085,0.0,0.0
6431,-14.198323,-6.479529,0.0,22.57366,-12.492729,0.0,7.590706,5.960085,0.0,0.0
6451,-14.260258,-7.853975,0.007812,22.465322,-12.29638,0.0,7.590706,5.960085,0.0,0.0
6454,-14.333888,-8.467567,0.0,22.357176,-11.952768,0.0,7.590706,5.960085,0.0,0.0
6455,-14.401958,-7.583995,-0.007812,22.24884,-11.903682,0.007812,7.590706,5.960085,0.0,0.0
6462,-14.469837,-8.025781,0.007812,22.141077,-12.271836,0.0,7.590706,5.960085,0.0,0.0
6486,-14.538483,-7.289471,0.0,22.031782,-11.56007,0.0,7.590706,5.960085,0.0,0.0
6488,-14.604252,-8.050324,0.003906,21.927279,-11.020109,0.003906,7.590706,5.960085,0.0,0.0
6497,-14.673665,-7.338558,-0.003906,21.82546,-11.241002,-0.003906,7.590706,5.960085,0.0,0.0
6515,-14.736941,-5.645045,0.0,21.714247,-10.82376,-0.003906,7.590706,5.960085,0.0,0.0
6518,-14.790247,-6.185006,0.0,21.623934,-9.179334,0.003906,7.590706,5.960085,0.0,0.0
6524,-14.850073,-6.823141,0.0,21.538033,-9.473858,0.0,7.590706,5.960085,0.0,0.0
6527,-14.901652,-6.504073,0.0,21.468044,-8.197587,-0.007812,7.590706,5.960085,0.0,0.0
6546,-14.966846,-6.945859,-0.003906,21.391344,-7.240384,0.0,7.590706,5.960085,0.0,0.0
6548,-15.030699,-7.633082,0.0,21.336697,-5.571414,-0.003906,7.590706,5.960085,0.0,0.0
6557,-15.085155,-5.694132,0.003906,21.287802,-5.669589,0.0,7.590706,5.960085,0.0,0.0
6577,-15.142104,-7.01949,0.007812,21.240631,-5.006909,-0.003906,7.590706,5.960085,0.0,0.0
6579,-15.209599,-7.829432,0.0,21.200556,-3.779726,0.0,7.590706,5.960085,0.0,0.0
6586,-15.267507,-7.166752,-0.003906,21.177546,-2.061668,-0.007812,7.590706,5.960085,0.0,0.0
6588,-15.337495,-7.068578,0.0,21.162399,-0.834485,-0.011719,7.590706,5.960085,0.0,0.0
6619,-15.395402,-6.185006,0.0,21.16374,0.343611,0.0,7.590706,5.960085,0.0,0.0
6644,-15.530393,-6.626791,0.0,21.16815,0.343611,0.0,7.590706,5.960085,0.0,0.0
6649,-15.632594,-4.172424,-0.003906,21.170069,0.785398,-0.007812,7.590706,5.960085,0.0,0.0
6671,-15.675161,-4.34423,0.003906,21.174286,1.227184,0.0,7.590706,5.960085,0.0,0.0
6673,-15.713511,-5.08054,0.0,21.181957,1.349902,0.0,7.590706,5.960085,0.0,0.0
6675,-15.752436,-3.8779,0.0,21.202282,2.601629,0.0,7.590706,5.960085,0.0,0.0
6684,-15.781582,-3.239765,0.003906,21.229319,2.699804,0.003906,7.590706,5.960085,0.0,0.0
6702,-15.806126,-3.043416,-0.003906,21.259232,3.534289,0.0,7.590706,5.960085,0.0,0.0
6704,-15.828752,-2.40528,0.0,21.287992,3.067959,0.0,7.590706,5.960085,0.0,0.0
6712,-15.848885,-1.767144,-0.003906,21.315796,3.657007,0.0,7.590706,5.960085,0.0,0.0
6734,-15.865951,-1.644426,-0.007812,21.353954,4.736929,-0.003906,7.590706,5.960085,0.0,0.0
6738,-15.875346,-0.957203,0.0,21.408411,7.142209,0.0,7.590706,5.960085,0.0,0.0
6743,-15.880907,-0.392699,0.0,21.529211,8.909353,0.0,7.590706,5.960085,0.0,0.0
6767,-15.880907,-0.073631,0.0,21.613771,9.522945,0.0,7.590706,5.960085,0.0,0.0
6769,-15.8834,-0.908116,0.0,21.695839,9.572032,-0.003906,7.590706,5.960085,0.0,0.0
6774,-15.888193,-0.957203,0.0,21.779249,9.522945,0.003906,7.590706,5.960085,0.0,0.0
6776,-15.895288,-1.349902,0.003906,21.851923,9.498402,0.003906,7.590706,5.960085,0.0,0.0
6796,-15.90871,-1.619882,0.0,21.929197,9.105702,0.0,7.590706,5.960085,0.0,0.0
6798,-15.922899,-1.66897,0.0,22.002636,8.173043,0.0,7.590706,5.960085,0.0,0.0
6805,-15.938047,-1.644426,0.0,22.072624,8.099412,0.0,7.590706,5.960085,0.0,0.0
6827,-15.954346,-2.822522,0.0,22.141077,7.755801,0.003906,7.590706,5.960085,0.0,0.0
6829,-15.978506,-3.583376,0.003906,22.199753,5.964112,0.011719,7.590706,5.960085,0.0,0.0
6831,-16.008226,-3.362483,0.007812,22.244238,4.516036,0.003906,7.590706,5.960085,0.0,0.0
6848,-16.038332,-4.221512,0.003906,22.273767,2.969784,0.0,7.590706,5.960085,0.0,0.0
6850,-16.070736,-3.509745,-0.003906,22.300995,2.67526,0.003906,7.590706,5.960085,0.0,0.0
6870,-16.091253,-1.251727,-0.011719,22.327456,2.650717,0.0,7.590706,5.960085,0.0,0.0
6871,-16.089336,0.687223,-0.007812,22.351616,2.920697,0.003906,7.590706,5.960085,0.0,0.0
6891,-16.078024,1.129009,0.003906,22.377693,3.166134,0.0,7.590706,5.960085,0.0,0.0
6893,-16.072655,0.0,0.003906,22.407223,3.387027,-0.003906,7.590706,5.960085,0.0,0.0
6895,-16.06134,2.429824,-0.011719,22.440395,4.123337,0.0,7.590706,5.960085,0.0,0.0
6902,-16.026827,4.589667,-0.007812,22.486414,6.602248,-0.007812,7.590706,5.960085,0.0,0.0
6921,-15.984067,5.816851,-0.007812,22.545856,8.590285,-0.007812,7.590706,5.960085,0.0,0.0
6931,-15.84505,8.737548,0.003906,22.753136,14.03898,0.0,7.590706,5.960085,0.0,0.0
6956,-15.764708,9.719295,-0.003906,22.874512,13.179953,-0.007812,7.590706,5.960085,0.0,0.0
6958,-15.674586,9.817469,-0.003906,22.988602,12.639992,0.0,7.590706,5.960085,0.0,0.0
6961,-15.587533,9.866556,-0.003906,23.099239,11.658244,0.003906,7.590706,5.960085,0.0,0.0
6964,-15.495302,9.596576,0.011719,23.200291,10.62741,-0.003906,7.590706,5.960085,0.0,0.0
6981,-15.414577,8.295761,0.0,23.295206,10.406517,0.0,7.590706,5.960085,0.0,0.0
6984,-15.336344,8.68846,0.0,23.387243,9.670207,0.003906,7.590706,5.960085,0.0,0.0
6994,-15.272492,8.173043,0.003906,23.457232,8.614829,0.0,7.590706,5.960085,0.0,0.0
7013,-15.195026,9.105702,0.003906,23.530863,8.123956,0.0,7.590706,5.960085,0.0,0.0
7015,-15.119862,7.804888,0.003906,23.606411,8.762092,-0.003906,7.590706,5.960085,0.0,0.0
7017,-15.048915,8.443024,-0.007812,23.684261,8.614829,0.0,7.590706,5.960085,0.0,0.0
7026,-14.968956,8.197587,0.003906,23.755207,7.534907,-0.003906,7.590706,5.960085,0.0,0.0
7045,-14.892448,8.614829,0.007812,23.824045,8.099412,-0.007812,7.590706,5.960085,0.0,0.0
7048,-14.822269,8.737548,0.003906,23.888664,8.099412,0.0,7.590706,5.960085,0.0,0.0
7056,-14.75209,7.583995,-0.003906,23.955584,7.436733,0.007812,7.590706,5.960085,0.0,0.0
7077,-14.677116,8.909353,0.0,24.014067,6.602248,0.0,7.590706,5.960085,0.0,0.0
7079,-14.602143,8.099412,0.011719,24.06488,4.908734,0.0,7.590706,5.960085,0.0,0.0
7081,-14.536566,7.48582,0.003906,24.109556,5.203259,-0.003906,7.590706,5.960085,0.0,0.0
7090,-14.476548,7.363102,0.0,24.150974,5.767763,0.0,7.590706,5.960085,0.0,0.0
7107,-14.414998,6.774054,0.0,24.200829,5.620501,0.003906,7.590706,5.960085,0.0,0.0
7109,-14.348845,8.614829,-0.007812,24.246273,4.859647,0.003906,7.590706,5.960085,0.0,0.0
7120,-14.275213,7.583995,0.003906,24.28117,4.123337,-0.003906,7.590706,5.960085,0.0,0.0
7139,-14.21443,6.209549,0.003906,24.312233,3.755182,0.0,7.590706,5.960085,0.0,0.0
7140,-14.160549,7.412189,0.0,24.342146,4.246056,-0.003906,7.590706,5.960085,0.0,0.0
7143,-14.10034,6.307724,0.0,24.382414,4.565123,-0.003906,7.590706,5.960085,0.0,0.0
7152,-14.04435,5.964112,0.0,24.425173,4.957822,0.0,7.590706,5.960085,0.0,0.0
7169,-13.98299,6.921316,0.003906,24.465055,4.491492,0.0,7.590706,5.960085,0.0,0.0
7171,-13.92911,5.227802,0.007812,24.503407,4.466949,0.0,7.590706,5.960085,0.0,0.0
7180,-13.894403,3.804269,0.0,24.537346,4.34423,0.003906,7.590706,5.960085,0.0,0.0
7183,-13.857396,4.393317,0.0,24.568792,3.362483,0.003906,7.590706,5.960085,0.0,0.0
7202,-13.812718,5.031453,-0.007812,24.596979,2.822522,0.0,7.590706,5.960085,0.0,0.0
7204,-13.76785,4.34423,0.0,24.623823,3.288852,0.0,7.590706,5.960085,0.0,0.0
7213,-13.732569,3.60792,0.007812,24.658339,4.957822,0.0,7.590706,5.960085,0.0,0.0
7235,-13.70419,3.534289,0.003906,24.695921,5.031453,0.0,7.590706,5.960085,0.0,0.0
7237,-13.671976,3.632463,0.0,24.745775,5.571414,0.0,7.590706,5.960085,0.0,0.0
7239,-13.629792,4.786016,-0.003906,24.795437,5.252346,0.0,7.590706,5.960085,0.0,0.0
7250,-13.588182,4.34423,0.0,24.843948,5.227802,0.0,7.590706,5.960085,0.0,0.0
7288,-13.548874,4.246056,-0.007812,24.889969,4.859647,0.0,7.590706,5.960085,0.0,0.0
7290,-13.508415,5.178715,0.0,24.928318,4.540579,0.0,7.590706,5.960085,0.0,0.0
7293,-13.451467,7.068578,0.0,24.972036,5.252346,-0.003906,7.590706,5.960085,0.0,0.0
7294,-13.393943,6.086831,0.011719,25.024193,6.504073,0.0,7.590706,5.960085,0.0,0.0
7307,-13.343321,5.645045,0.0,25.084784,6.896772,0.003906,7.590706,5.960085,0.0,0.0
7308,-13.283879,7.755801,-0.003906,25.140583,5.375064,0.003906,7.590706,5.960085,0.0,0.0
7311,-13.225013,6.970403,0.0,25.183342,5.055996,0.0,7.590706,5.960085,0.0,0.0
7325,-13.160394,7.264927,0.0,25.232622,5.497783,-0.003906,7.590706,5.960085,0.0,0.0
7328,-13.088489,7.853975,0.007812,25.283627,5.939569,0.0,7.590706,5.960085,0.0,0.0
7338,-13.026554,6.356811,0.003906,25.334631,5.939569,0.0,7.590706,5.960085,0.0,0.0
7357,-12.968647,6.602248,-0.011719,25.388321,5.792307,0.0,7.590706,5.960085,0.0,0.0
7359,-12.905561,7.534907,-0.007812,25.437408,6.0132,0.003906,7.590706,5.960085,0.0,0.0
7360,-12.836533,7.755801,0.007812,25.490522,5.694132,0.003906,7.590706,5.960085,0.0,0.0
7372,-12.769612,7.878519,0.0,25.545361,6.774054,-0.003906,7.590706,5.960085,0.0,0.0
7387,-12.702885,6.798597,0.0,25.608829,7.706713,-0.003906,7.590706,5.960085,0.0,0.0
7390,-12.643826,6.307724,0.0,25.676708,8.148499,0.0,7.590706,5.960085,0.0,0.0
7400,-12.582084,7.903063,0.0,25.734425,7.510364,0.0,7.590706,5.960085,0.0,0.0
7418,-12.510562,7.01949,0.007812,25.794825,6.74951,-0.003906,7.590706,5.960085,0.0,0.0
7432,-12.448627,6.651335,0.003906,25.851007,6.651335,-0.003906,7.590706,5.960085,0.0,0.0
7451,-12.29849,5.350521,0.0,26.011883,6.454986,0.007812,7.590706,5.960085,0.0,0.0
7453,-12.246909,7.044034,0.0,26.059628,5.890481,0.0,7.590706,5.960085,0.0,0.0
7454,-12.18555,6.0132,0.003906,26.109674,5.645045,0.003906,7.590706,5.960085,0.0,0.0
7474,-12.140106,4.491492,0.003906,26.15531,5.08054,0.0,7.590706,5.960085,0.0,0.0
7476,-12.102715,4.196968,0.0,26.194235,4.319686,0.0,7.590706,5.960085,0.0,0.0
7493,-12.058997,5.399608,-0.007812,26.231817,4.687841,0.0,7.590706,5.960085,0.0,0.0
7495,-12.019114,4.835104,0.003906,26.266523,5.08054,0.0,7.590706,5.960085,0.0,0.0
7513,-11.981339,4.07425,0.003906,26.305639,4.786016,0.003906,7.590706,5.960085,0.0,0.0
7515,-11.948742,3.018872,0.003906,26.338621,2.847066,0.003906,7.590706,5.960085,0.0,0.0
7516,-11.919213,3.14159,-0.003906,26.358946,1.791688,0.003906,7.590706,5.960085,0.0,0.0
7526,-11.886999,3.509745,0.003906,26.365274,0.638135,0.0,7.590706,5.960085,0.0,0.0
7550,-11.86514,1.767144,0.003906,26.370258,0.957203,0.0,7.590706,5.960085,0.0,0.0
7557,-11.856703,-0.245437,0.011719,26.37908,1.20264,0.0,7.590706,5.960085,0.0,0.0
7576,-11.868208,0.0,0.0,26.390009,1.079922,0.0,7.590706,5.960085,0.0,0.0
7578,-11.867058,-0.245437,0.0,26.400171,1.349902,0.0,7.590706,5.960085,0.0,0.0
7587,-11.867058,0.171806,-0.003906,26.411676,1.20264,0.007812,7.590706,5.960085,0.0,0.0
7588,-11.867633,-0.539961,0.0,26.423182,1.767144,-0.003906,7.590706,5.960085,0.0,0.0
7609,-11.867825,-0.539961,-0.003906,26.436987,1.521708,-0.003906,7.590706,5.960085,0.0,0.0
7610,-11.867825,-0.245437,0.0,26.450602,1.816232,0.0,7.590706,5.960085,0.0,0.0
7619,-11.867825,-0.196349,0.003906,26.460955,0.908116,0.0,7.590706,5.960085,0.0,0.0
7639,-11.868208,-0.171806,0.0,26.4692,1.47262,-0.007812,7.590706,5.960085,0.0,0.0
7642,-11.869742,-0.539961,0.0,26.481281,1.570795,0.003906,7.590706,5.960085,0.0,0.0
7654,-11.875302,-0.785398,0.007812,26.494511,2.086212,-0.003906,7.590706,5.960085,0.0,0.0
7670,-11.901956,-2.012581,-0.003906,26.521357,1.93895,0.0,7.590706,5.960085,0.0,0.0
7672,-11.918062,-2.037125,0.0,26.537271,1.914407,0.0,7.590706,5.960085,0.0,0.0
7681,-11.933785,-2.454367,0.0,26.556253,2.527998,0.0,7.590706,5.960085,0.0,0.0
7700,-11.957371,-3.313396,0.0,26.578304,2.40528,0.0,7.590706,5.960085,0.0,0.0
7702,-11.989009,-4.07425,0.0,26.599588,2.454367,-0.003906,7.590706,5.960085,0.0,0.0
7705,-12.02199,-3.681551,0.0,26.620872,3.14159,0.0,7.590706,5.960085,0.0,0.0
7714,-12.050752,-2.577086,0.0,26.638706,1.448077,0.003906,7.590706,5.960085,0.0,0.0
7732,-12.063024,-0.171806,-0.007812,26.649826,1.448077,0.0,7.590706,5.960085,0.0,0.0
7733,-12.058997,0.26998,0.0,26.654238,-0.098175,0.003906,7.590706,5.960085,0.0,0.0
7745,-12.052285,0.760854,0.0,26.652319,-0.245437,0.0,7.590706,5.960085,0.0,0.0
7763,-12.046341,0.343611,0.0,26.651936,0.343611,0.0,7.590706,5.960085,0.0,0.0
7765,-12.03963,0.490873,0.0,26.652128,0.245437,0.0,7.590706,5.960085,0.0,0.0
7767,-12.03637,-0.049087,0.0,26.651745,0.245437,0.0,7.590706,5.960085,0.0,0.0
7776,-12.03733,0.0,0.0,26.651552,0.0,0.0,7.590706,5.960085,0.0,0.0
7795,-12.037713,0.049087,0.0,26.649635,-0.343611,-0.003906,7.590706,5.960085,0.0,0.0
7798,-12.037713,-0.196349,0.0,26.648869,0.245437,0.0,7.590706,5.960085,0.0,0.0
7807,-12.037713,0.220893,0.0,26.647526,0.220893,0.003906,7.590706,5.960085,0.0,0.0
7824,-12.037905,0.0,0.0,26.644457,-0.245437,0.0,7.590706,5.960085,0.0,0.0
7826,-12.039055,-0.564505,0.0,26.64043,-0.073631,0.0,7.590706,5.960085,0.0,0.0
7828,-12.039247,-0.245437,0.0,26.631418,-2.159843,0.007812,7.590706,5.960085,0.0,0.0
7838,-12.043081,-1.030834,0.007812,26.599205,-4.957822,0.003906,7.590706,5.960085,0.0,0.0
7859,-12.053436,-2.258018,0.007812,26.550884,-6.209549,0.0,7.590706,5.960085,0.0,0.0
7869,-12.094853,-3.288852,0.003906,26.41647,-9.473858,0.003906,7.590706,5.960085,0.0,0.0
7889,-12.133779,-5.865938,0.011719,26.317911,-12.100031,0.003906,7.590706,5.960085,0.0,0.0
7890,-12.198589,-9.15479,0.011719,26.20459,-12.713622,0.0,7.590706,5.960085,0.0,0.0
7893,-12.278164,-9.007528,0.0,26.086664,-13.400846,0.003906,7.590706,5.960085,0.0,0.0
7901,-12.362149,-10.062906,0.003906,25.966248,-13.646282,0.0,7.590706,5.960085,0.0,0.0
7919,-12.464159,-10.332887,0.007812,25.836626,-12.787253,0.0,7.590706,5.960085,0.0,0.0
7922,-12.556773,-10.725585,0.0,25.721769,-13.03269,-0.007812,7.590706,5.960085,0.0,0.0
7932,-12.646703,-9.498402,-0.007812,25.606529,-12.959059,0.0,7.590706,5.960085,0.0,0.0
7950,-12.733373,-9.940187,0.007812,25.495123,-12.198205,0.003906,7.590706,5.960085,0.0,0.0
7952,-12.818508,-9.449314,-0.003906,25.380075,-12.394555,0.0,7.590706,5.960085,0.0,0.0
7955,-12.901535,-9.596576,0.0,25.260616,-13.204496,0.003906,7.590706,5.960085,0.0,0.0
7974,-12.978618,-7.633082,-0.003906,25.141924,-12.787253,0.0,7.590706,5.960085,0.0,0.0
7977,-13.046305,-7.829432,0.003906,25.020357,-12.76271,0.0,7.590706,5.960085,0.0,0.0
7993,-13.11725,-8.173043,-0.003906,24.89994,-13.130865,0.003906,7.590706,5.960085,0.0,0.0
7996,-13.180528,-6.479529,0.0,24.775303,-14.112612,0.0,7.590706,5.960085,0.0,0.0
8013,-13.243612,-7.583995,0.0,24.650667,-12.811797,-0.003906,7.590706,5.960085,0.0,0.0
8015,-13.313984,-6.872229,0.003906,24.514719,-13.253583,0.0,7.590706,5.960085,0.0,0.0
8017,-13.374959,-7.583995,0.007812,24.392384,-13.376302,0.0,7.590706,5.960085,0.0,0.0
8026,-13.448015,-8.909353,0.0,24.27561,-12.615448,0.003906,7.590706,5.960085,0.0,0.0
8046,-13.518962,-8.074868,0.0,24.155384,-13.253583,0.0,7.590706,5.960085,0.0,0.0
8048,-13.588374,-8.246674,0.003906,24.041103,-12.541817,-0.003906,7.590706,5.960085,0.0,0.0
8067,-13.664115,-7.927606,0.003906,23.928547,-12.345468,0.0,7.590706,5.960085,0.0,0.0
8070,-13.741197,-9.473858,0.0,23.815416,-12.517273,-0.003906,7.590706,5.960085,0.0,0.0
8087,-13.824224,-8.639373,-0.007812,23.709379,-12.173662,0.007812,7.590706,5.960085,0.0,0.0
8089,-13.898238,-8.173043,0.003906,23.600275,-11.658244,0.0,7.590706,5.960085,0.0,0.0
8091,-13.979347,-9.522945,0.007812,23.494431,-11.977312,0.003906,7.590706,5.960085,0.0,0.0
8110,-14.059306,-8.909353,-0.003906,23.397215,-10.82376,0.0,7.590706,5.960085,0.0,0.0
8112,-14.140224,-8.860266,0.0,23.29789,-10.480148,-0.003906,7.590706,5.960085,0.0,0.0
8122,-14.217114,-8.222131,0.003906,23.206427,-9.498402,-0.003906,7.590706,5.960085,0.0,0.0
8140,-14.295731,-9.719295,0.003906,23.11899,-8.982985,0.0,7.590706,5.960085,0.0,0.0
8141,-14.376456,-8.099412,-0.011719,23.030977,-9.572032,0.0,7.590706,5.960085,0.0,0.0
8151,-14.45258,-8.909353,0.0,22.944307,-9.15479,-0.003906,7.590706,5.960085,0.0,0.0
8153,-14.531388,-9.081159,0.003906,22.866266,-8.197587,0.0,7.590706,5.960085,0.0,0.0
8172,-14.608471,-9.228421,0.0,22.784966,-9.572032,0.003906,7.590706,5.960085,0.0,0.0
8174,-14.689963,-8.68846,-0.007812,22.701939,-9.498402,0.0,7.590706,5.960085,0.0,0.0
8183,-14.765512,-8.982985,0.0,22.621021,-8.541198,-0.003906,7.590706,5.960085,0.0,0.0
8202,-14.845279,-9.621119,0.003906,22.549307,-7.289471,-0.003906,7.590706,5.960085,0.0,0.0
8203,-14.926963,-9.326595,0.0,22.480471,-7.804888,0.0,7.590706,5.960085,0.0,0.0
8213,-15.011333,-9.547489,0.0,22.414125,-6.896772,0.0,7.590706,5.960085,0.0,0.0
8230,-15.094358,-8.909353,0.003906,22.357176,-5.571414,-0.007812,7.590706,5.960085,0.0,0.0
8232,-15.178535,-9.498402,0.007812,22.30924,-4.638754,0.0,7.590706,5.960085,0.0,0.0
8234,-15.265014,-9.007528,-0.007812,22.272041,-3.387027,0.0,7.590706,5.960085,0.0,0.0
8246,-15.349382,-9.743838,0.007812,22.245579,-2.454367,-0.003906,7.590706,5.960085,0.0,0.0
8275,-15.431259,-8.762092,0.0,22.23024,-1.006291,-0.003906,7.590706,5.960085,0.0,0.0
8278,-15.51045,-9.277509,0.0,22.222761,-1.030834,0.0,7.590706,5.960085,0.0,0.0
8280,-15.5883,-8.295761,-0.007812,22.218927,0.0,-0.003906,7.590706,5.960085,0.0,0.0
8299,-15.656754,-7.510364,0.0,22.220078,0.46633,0.0,7.590706,5.960085,0.0,0.0
8327,-15.839106,-7.191296,0.0,22.220268,0.245437,0.0,7.590706,5.960085,0.0,0.0
8330,-15.966809,-4.442405,0.0,22.220652,-0.122718,0.0,7.590706,5.960085,0.0,0.0
8337,-16.004583,-4.835104,0.0,22.224104,0.539961,-0.003906,7.590706,5.960085,0.0,0.0
8357,-16.043125,-4.417861,-0.003906,22.224871,0.196349,0.0,7.590706,5.960085,0.0,0.0
8359,-16.080517,-3.976075,0.007812,22.22468,-0.122718,-0.003906,7.590706,5.960085,0.0,0.0
8382,-16.104868,-2.233474,-0.007812,22.225254,0.245437,0.003906,7.590706,5.960085,0.0,0.0
8384,-16.10947,0.196349,-0.011719,22.22583,0.024544,-0.003906,7.590706,5.960085,0.0,0.0
8386,-16.101799,0.46633,0.0,22.227364,0.613592,0.0,7.590706,5.960085,0.0,0.0
8399,-16.097965,0.245437,0.003906,22.231007,0.981747,-0.003906,7.590706,5.960085,0.0,0.0
8401,-16.098539,-0.171806,0.003906,22.239443,1.374446,-0.003906,7.590706,5.960085,0.0,0.0
8422,-16.098539,-0.220893,0.0,22.255934,1.988037,-0.003906,7.590706,5.960085,0.0,0.0
8424,-16.098539,-0.220893,0.003906,22.298502,2.896153,0.0,7.590706,5.960085,0.0,0.0
8431,-16.098349,0.098175,0.0,22.328798,3.313396,0.003906,7.590706,5.960085,0.0,0.0
8452,-16.098539,-0.245437,0.003906,22.356026,3.558833,0.0,7.590706,5.960085,0.0,0.0
8454,-16.098349,0.147262,0.0,22.390348,4.319686,0.0,7.590706,5.960085,0.0,0.0
8462,-16.098539,0.024544,0.003906,22.425438,4.098794,0.0,7.590706,5.960085,0.0,0.0
8464,-16.098732,-0.220893,0.0,22.459187,3.190677,0.0,7.590706,5.960085,0.0,0.0
8485,-16.098923,0.024544,0.0,22.48584,2.601629,0.003906,7.590706,5.960085,0.0,0.0
8487,-16.099499,-0.441786,-0.003906,22.500412,1.055378,0.003906,7.590706,5.960085,0.0,0.0
8516,-16.099691,-0.196349,-0.003906,22.503481,0.26998,0.0,7.590706,5.960085,0.0,0.0
8518,-16.100266,0.0,0.0,22.510574,1.66897,-0.003906,7.590706,5.960085,0.0,0.0
8519,-16.100649,-0.245437,0.003906,22.523806,1.644426,-0.003906,7.590706,5.960085,0.0,0.0
8535,-16.100075,0.196349,0.003906,22.532625,1.129009,0.0,7.590706,5.960085,0.0,0.0
8536,-16.099499,0.147262,0.0,22.541254,0.981747,0.0,7.590706,5.960085,0.0,0.0
8537,-16.098349,-0.171806,0.0,22.544897,0.0,0.003906,7.590706,5.960085,0.0,0.0
8557,-16.096815,-0.343611,-0.003906,22.54528,-0.049087,0.0,7.590706,5.960085,0.0,0.0
8559,-16.093172,0.711766,0.0,22.545664,0.0,0.0,7.590706,5.960085,0.0,0.0
8592,-16.0832,1.300815,0.0,22.547773,0.294524,0.0,7.590706,5.960085,0.0,0.0
8595,-16.067286,1.693513,-0.003906,22.558895,2.429824,-0.003906,7.590706,5.960085,0.0,0.0
8598,-16.037182,4.098794,-0.007812,22.583246,3.264308,-0.003906,7.590706,5.960085,0.0,0.0
8608,-15.983109,7.436733,-0.011719,22.616611,4.025162,0.0,7.590706,5.960085,0.0,0.0
8612,-15.813987,10.62741,0.003906,22.6866,4.491492,0.0,7.590706,5.960085,0.0,0.0
8620,-15.717921,10.332887,0.0,22.728016,4.908734,0.0,7.590706,5.960085,0.0,0.0
8658,-15.627225,9.719295,0.0,22.772118,4.835104,0.0,7.590706,5.960085,0.0,0.0
8660,-15.534227,10.946478,0.0,22.814302,4.442405,0.003906,7.590706,5.960085,0.0,0.0
8663,-15.44238,10.16108,0.003906,22.849968,3.681551,0.0,7.590706,5.960085,0.0,0.0
8666,-15.35456,9.400227,0.0,22.881031,3.509745,0.0,7.590706,5.960085,0.0,0.0
8673,-15.281888,8.958441,0.0,22.910944,3.951531,0.0,7.590706,5.960085,0.0,0.0
8676,-15.202121,9.351139,0.003906,22.950827,5.105084,0.0,7.590706,5.960085,0.0,0.0
8691,-15.126573,7.412189,0.003906,22.995504,4.908734,0.003906,7.590706,5.960085,0.0,0.0
8694,-15.063104,7.117665,-0.007812,23.03788,4.442405,0.003906,7.590706,5.960085,0.0,0.0
8713,-14.993116,7.731257,0.0,23.074312,4.466949,0.0,7.590706,5.960085,0.0,0.0
8715,-14.933099,7.191296,0.003906,23.104609,3.976075,0.0,7.590706,5.960085,0.0,0.0
8719,-14.860427,8.713004,0.0,23.141232,4.196968,0.0,7.590706,5.960085,0.0,0.0
8734,-14.786412,7.927606,-0.003906,23.181883,5.08054,-0.003906,7.590706,5.960085,0.0,0.0
8737,-14.712973,9.056615,-0.011719,23.227901,5.203259,0.0,7.590706,5.960085,0.0,0.0
8743,-14.626879,9.105702,0.007812,23.282934,7.068578,0.0,7.590706,5.960085,0.0,0.0
8765,-14.552864,8.762092,0.007812,23.340649,7.657626,-0.003906,7.590706,5.960085,0.0,0.0
8768,-14.472138,8.565742,-0.003906,23.40661,7.48582,0.003906,7.590706,5.960085,0.0,0.0
8771,-14.397357,7.878519,0.0,23.469696,7.21584,-0.003906,7.590706,5.960085,0.0,0.0
8777,-14.318548,9.056615,0.0,23.536615,7.657626,0.0,7.590706,5.960085,0.0,0.0
8798,-14.246643,6.626791,0.007812,23.607944,8.320305,0.0,7.590706,5.960085,0.0,0.0
8801,-14.189119,6.945859,-0.003906,23.682152,8.737548,0.0,7.590706,5.960085,0.0,0.0
8805,-14.13658,6.405899,0.0,23.741592,6.847685,0.0,7.590706,5.960085,0.0,0.0
8826,-14.083467,5.27689,0.003906,23.804487,7.314014,-0.003906,7.590706,5.960085,0.0,0.0
8829,-14.034571,4.835104,0.003906,23.875626,8.786634,0.0,7.590706,5.960085,0.0,0.0
8832,-13.981073,6.037744,0.003906,23.946571,7.387646,0.003906,7.590706,5.960085,0.0,0.0
8838,-13.934095,4.712385,0.003906,24.015024,7.706713,0.003906,7.590706,5.960085,0.0,0.0
8857,-13.902456,4.000618,-0.003906,24.071974,6.921316,0.003906,7.590706,5.960085,0.0,0.0
8861,-13.865642,4.884191,-0.007812,24.134483,7.583995,-0.007812,7.590706,5.960085,0.0,0.0
8868,-13.812718,6.945859,-0.011719,24.204855,8.443024,0.0,7.590706,5.960085,0.0,0.0
8871,-13.752702,6.111374,0.003906,24.277719,8.074868,0.003906,7.590706,5.960085,0.0,0.0
8910,-13.69767,5.497783,0.007812,24.345982,7.608539,0.0,7.590706,5.960085,0.0,0.0
8914,-13.642256,6.553161,0.0,24.41597,7.804888,-0.003906,7.590706,5.960085,0.0,0.0
8917,-13.592785,5.375064,0.0,24.478096,7.927606,0.0,7.590706,5.960085,0.0,0.0
8932,-13.542355,5.620501,-0.007812,24.548849,7.829432,0.003906,7.590706,5.960085,0.0,0.0
8934,-13.483872,7.387646,-0.007812,24.614044,6.356811,0.003906,7.590706,5.960085,0.0,0.0
8936,-13.415802,7.044034,0.007812,24.668118,6.823141,-0.003906,7.590706,5.960085,0.0,0.0
8938,-13.361154,5.595957,0.011719,24.729668,6.798597,0.0,7.590706,5.960085,0.0,0.0
8952,-13.318969,5.301434,-0.003906,24.789301,7.510364,0.0,7.590706,5.960085,0.0,0.0
8955,-13.261062,6.28318,-0.007812,24.851236,6.135918,0.0,7.590706,5.960085,0.0,0.0
8961,-13.207372,5.964112,-0.003906,24.908184,5.890481,0.003906,7.590706,5.960085,0.0,0.0
8983,-13.151381,6.774054,0.0,24.960531,5.915025,-0.003906,7.590706,5.960085,0.0,0.0
8985,-13.086187,7.117665,0.003906,25.017097,7.338558,-0.003906,7.590706,5.960085,0.0,0.0
8987,-13.033649,5.718676,0.003906,25.082674,7.559451,0.0,7.590706,5.960085,0.0,0.0
8996,-12.99319,5.227802,-0.003906,25.142693,7.289471,0.003906,7.590706,5.960085,0.0,0.0
9015,-12.937392,6.774054,-0.007812,25.203093,6.724967,0.0,7.590706,5.960085,0.0,0.0
9018,-12.875458,6.823141,0.003906,25.262342,6.209549,-0.003906,7.590706,5.960085,0.0,0.0
9025,-12.821001,5.816851,0.003906,25.321592,6.430442,0.0,7.590706,5.960085,0.0,0.0
9044,-12.767504,5.988656,0.011719,25.386211,7.903063,0.003906,7.590706,5.960085,0.0,0.0
9046,-12.718608,5.031453,0.003906,25.448912,7.093122,0.003906,7.590706,5.960085,0.0,0.0
9048,-12.686011,3.534289,-0.003906,25.503178,6.626791,0.0,7.590706,5.960085,0.0,0.0
9057,-12.649004,3.730638,0.0,25.56492,7.387646,-0.003906,7.590706,5.960085,0.0,0.0
9077,-12.603943,5.645045,-0.007812,25.633949,8.41848,-0.007812,7.590706,5.960085,0.0,0.0
9080,-12.549487,5.375064,0.003906,25.709114,9.15479,0.0,7.590706,5.960085,0.0,0.0
9087,-12.504043,4.123337,0.011719,25.788689,9.670207,0.0,7.590706,5.960085,0.0,0.0
9109,-12.47087,2.773435,0.011719,25.868073,9.228421,-0.007812,7.590706,5.960085,0.0,0.0
9119,-12.392637,2.994328,0.0,26.073242,8.860266,0.003906,7.590706,5.960085,0.0,0.0
9138,-12.367902,2.356193,0.0,26.146681,7.534907,0.0,7.590706,5.960085,0.0,0.0
9140,-12.347769,1.963494,0.0,26.21245,7.166752,0.0,7.590706,5.960085,0.0,0.0
9142,-12.331086,1.865319,0.003906,26.267673,7.191296,0.0,7.590706,5.960085,0.0,0.0
9151,-12.313253,1.840775,0.0,26.328842,6.454986,0.007812,7.590706,5.960085,0.0,0.0
9170,-12.29753,1.742601,0.0,26.378313,4.786016,0.0,7.590706,5.960085,0.0,0.0
9172,-12.280849,1.791688,0.0,26.414553,3.804269,0.003906,7.590706,5.960085,0.0,0.0
9185,-12.260331,2.896153,-0.003906,26.438713,2.748891,0.003906,7.590706,5.960085,0.0,0.0
9200,-12.231569,2.920697,0.003906,26.459421,1.988037,0.003906,7.590706,5.960085,0.0,0.0
9202,-12.210285,1.693513,0.003906,26.469776,0.859029,0.0,7.590706,5.960085,0.0,0.0
9233,-12.206259,-0.490873,0.003906,26.476679,0.589048,0.003906,7.590706,5.960085,0.0,0.0
9234,-12.212395,0.196349,0.003906,26.477255,0.368155,0.0,7.590706,5.960085,0.0,0.0
9237,-12.21297,-0.245437,0.0,26.477638,0.417242,0.0,7.590706,5.960085,0.0,0.0
9244,-12.213161,0.245437,0.0,26.478405,0.073631,0.0,7.590706,5.960085,0.0,0.0
9266,-12.213737,-0.319068,0.0,26.481089,0.687223,0.003906,7.590706,5.960085,0.0,0.0
9268,-12.214313,-0.392699,0.0,26.486267,0.687223,0.0,7.590706,5.960085,0.0,0.0
9276,-12.214313,-0.073631,0.003906,26.498346,2.135299,-0.003906,7.590706,5.960085,0.0,0.0
9294,-12.214121,0.098175,0.0,26.513878,1.448077,0.0,7.590706,5.960085,0.0,0.0
9296,-12.215079,-0.441786,-0.003906,26.53056,2.478911,0.003906,7.590706,5.960085,0.0,0.0
9299,-12.215463,-0.392699,0.0,26.546091,2.061668,0.0,7.590706,5.960085,0.0,0.0
9325,-12.215846,-0.245437,-0.003906,26.562582,1.349902,0.0,7.590706,5.960085,0.0,0.0
9327,-12.216038,-0.368155,0.0,26.58214,0.785398,0.003906,7.590706,5.960085,0.0,0.0
9329,-12.215846,0.0,0.0,26.581757,-0.368155,0.0,7.590706,5.960085,0.0,0.0
9338,-12.215463,0.196349,-0.003906,26.57888,0.368155,0.0,7.590706,5.960085,0.0,0.0
9357,-12.215654,-0.245437,0.003906,26.577538,-0.220893,0.007812,7.590706,5.960085,0.0,0.0
9360,-12.215654,-0.245437,0.0,26.576387,0.098175,0.0,7.590706,5.960085,0.0,0.0
9379,-12.215654,-0.245437,0.0,26.572168,-0.908116,0.003906,7.590706,5.960085,0.0,0.0
9381,-12.215463,0.319068,0.0,26.566608,-0.662679,0.003906,7.590706,5.960085,0.0,0.0
9400,-12.216613,-0.368155,0.0,26.558172,-1.055378,0.0,7.590706,5.960085,0.0,0.0
9403,-12.218531,-0.122718,0.0,26.544558,-1.767144,0.003906,7.590706,5.960085,0.0,0.0
9424,-12.223516,-0.834485,0.0,26.511385,-5.203259,0.011719,7.590706,5.960085,0.0,0.0
9426,-12.247293,-2.184387,0.003906,26.342264,-12.492729,0.003906,7.590706,5.960085,0.0,0.0
9431,-12.26896,-3.117046,0.0,26.225105,-12.492729,-0.003906,7.590706,5.960085,0.0,0.0
9451,-12.303283,-4.786016,0.007812,26.108524,-12.370011,0.003906,7.590706,5.960085,0.0,0.0
9453,-12.358123,-6.675879,0.007812,25.991175,-12.76271,0.0,7.590706,5.960085,0.0,0.0
9455,-12.425426,-8.074868,0.011719,25.872099,-12.468185,0.003906,7.590706,5.960085,0.0,0.0
9464,-12.501933,-9.915644,0.003906,25.755899,-12.590904,0.0,7.590706,5.960085,0.0,0.0
9484,-12.593589,-10.038363,-0.003906,25.641809,-12.222749,-0.007812,7.590706,5.960085,0.0,0.0
9487,-12.683518,-10.136537,0.003906,25.535965,-11.29009,0.0,7.590706,5.960085,0.0,0.0
9495,-12.779967,-11.56007,0.007812,25.439325,-11.069197,0.0,7.590706,5.960085,0.0,0.0
9514,-12.890798,-11.535526,0.0,25.336548,-9.596576,-0.007812,7.590706,5.960085,0.0,0.0
9515,-12.991465,-10.848304,0.0,25.24777,-9.522945,0.0,7.590706,5.960085,0.0,0.0
9526,-13.088105,-11.142827,0.003906,25.162251,-9.473858,-0.003906,7.590706,5.960085,0.0,0.0
9528,-13.184746,-9.989275,-0.007812,25.075197,-10.283799,0.003906,7.590706,5.960085,0.0,0.0
9546,-13.275059,-10.283799,0.0,24.980858,-10.332887,0.003906,7.590706,5.960085,0.0,0.0
9548,-13.355976,-8.835722,0.003906,24.881147,-11.731875,0.0,7.590706,5.960085,0.0,0.0
9558,-13.443414,-9.817469,0.0,24.777029,-11.412807,-0.003906,7.590706,5.960085,0.0,0.0
9576,-13.527974,-9.768382,-0.007812,24.677896,-10.578323,0.003906,7.590706,5.960085,0.0,0.0
9578,-13.612343,-9.964731,0.011719,24.588158,-10.136537,0.0,7.590706,5.960085,0.0,0.0
9587,-13.69978,-9.694751,0.0,24.495735,-9.866556,-0.007812,7.590706,5.960085,0.0,0.0
9608,-13.79201,-10.82376,-0.007812,24.408108,-10.038363,0.0,7.590706,5.960085,0.0,0.0
9611,-13.884816,-8.884809,0.0,24.319328,-8.663917,0.0,7.590706,5.960085,0.0,0.0
9613,-13.958063,-9.792926,0.007812,24.248766,-8.786634,0.003906,7.590706,5.960085,0.0,0.0
9617,-14.042048,-9.400227,-0.007812,24.165163,-8.958441,-0.007812,7.590706,5.960085,0.0,0.0
9640,-14.13217,-9.179334,0.0,24.085972,-7.461277,0.0,7.590706,5.960085,0.0,0.0
9642,-14.200624,-8.320305,0.003906,24.025955,-7.21584,0.007812,7.590706,5.960085,0.0,0.0
9649,-14.275981,-9.252965,0.003906,23.95635,-7.682169,0.0,7.590706,5.960085,0.0,0.0
9669,-14.357665,-9.081159,-0.007812,23.885212,-8.074868,0.0,7.590706,5.960085,0.0,0.0
9671,-14.429379,-8.074868,-0.007812,23.816374,-7.01949,0.0,7.590706,5.960085,0.0,0.0
9674,-14.50301,-8.492111,0.003906,23.755016,-6.430442,0.003906,7.590706,5.960085,0.0,0.0
9682,-14.570505,-7.706713,0.0,23.691547,-7.01949,0.003906,7.590706,5.960085,0.0,0.0
9702,-14.640492,-8.222131,-0.007812,23.623476,-7.510364,0.0,7.590706,5.960085,0.0,0.0
9704,-14.707413,-6.626791,-0.007812,23.557899,-7.166752,0.0,7.590706,5.960085,0.0,0.0
9713,-14.762252,-6.062287,0.0,23.496923,-6.258636,0.0,7.590706,5.960085,0.0,0.0
9730,-14.818434,-6.700423,0.007812,23.444386,-5.522326,0.003906,7.590706,5.960085,0.0,0.0
9733,-14.879218,-6.675879,-0.003906,23.392996,-5.939569,0.003906,7.590706,5.960085,0.0,0.0
9735,-14.933867,-6.381355,0.0,23.336239,-6.307724,0.0,7.590706,5.960085,0.0,0.0
9743,-14.992349,-6.774054,0.0,23.281975,-5.424152,0.0,7.590706,5.960085,0.0,0.0
9763,-15.052175,-6.405899,-0.007812,23.23749,-4.540579,0.0,7.590706,5.960085,0.0,0.0
9766,-15.101454,-6.111374,0.007812,23.198565,-4.491492,0.003906,7.590706,5.960085,0.0,0.0
9777,-15.158402,-7.387646,0.007812,23.160215,-4.246056,0.003906,7.590706,5.960085,0.0,0.0
9794,-15.223213,-6.823141,-0.007812,23.122824,-4.221512,-0.003906,7.590706,5.960085,0.0,0.0
9797,-15.28208,-6.945859,-0.007812,23.087927,-4.270599,0.0,7.590706,5.960085,0.0,0.0
9799,-15.342671,-7.240384,0.0,23.055328,-3.362483,-0.003906,7.590706,5.960085,0.0,0.0
9818,-15.403264,-6.405899,0.003906,23.026184,-2.87161,-0.003906,7.590706,5.960085,0.0,0.0
9820,-15.458679,-6.675879,0.007812,23.001064,-2.307105,0.0,7.590706,5.960085,0.0,0.0
9838,-15.519079,-7.044034,0.0,22.9863,-1.178096,-0.007812,7.590706,5.960085,0.0,0.0
9862,-15.577754,-5.816851,-0.011719,22.984959,0.515417,0.0,7.590706,5.960085,0.0,0.0
9888,-15.70239,-4.957822,0.003906,22.989368,0.441786,0.007812,7.590706,5.960085,0.0,0.0
9891,-15.810344,-5.203259,0.003906,22.991478,0.46633,0.0,7.590706,5.960085,0.0,0.0
9892,-15.861924,-5.816851,0.0,22.993395,0.0,0.0,7.590706,5.960085,0.0,0.0
9902,-15.915421,-5.54687,0.0,22.998381,0.834485,0.0,7.590706,5.960085,0.0,0.0
9919,-15.954154,-3.730638,0.0,23.010843,2.061668,0.0,7.590706,5.960085,0.0,0.0
9922,-15.985793,-4.025162,0.0,23.026375,2.086212,0.0,7.590706,5.960085,0.0,0.0
9931,-16.014938,-3.755182,0.003906,23.041332,1.816232,0.0,7.590706,5.960085,0.0,0.0
9933,-16.05348,-4.368774,0.0,23.058588,2.307105,0.0,7.590706,5.960085,0.0,0.0
9952,-16.093555,-4.123337,-0.003906,23.075655,2.233474,0.0,7.590706,5.960085,0.0,0.0
9954,-16.11829,-2.110756,-0.007812,23.091953,2.061668,0.007812,7.590706,5.960085,0.0,0.0
9981,-16.128645,-0.93266,0.0,23.107676,2.527998,0.0,7.590706,5.960085,0.0,0.0
9983,-16.134014,-0.073631,-0.003906,23.141615,2.699804,-0.003906,7.590706,5.960085,0.0,0.0
9985,-16.134781,-0.515417,0.0,23.165775,2.920697,-0.003906,7.590706,5.960085,0.0,0.0
9994,-16.136314,-0.417242,0.0,23.196455,3.288852,-0.003906,7.590706,5.960085,0.0,0.0
10014,-16.140724,-1.006291,0.003906,23.231737,4.638754,-0.007812,7.590706,5.960085,0.0,0.0
10015,-16.15127,-1.595339,0.003906,23.274113,5.399608,0.0,7.590706,5.960085,0.0,0.0
10025,-16.166611,-1.595339,-0.003906,23.32416,6.135918,0.0,7.590706,5.960085,0.0,0.0
10044,-16.181566,-1.767144,0.0,23.38015,6.356811,0.0,7.590706,5.960085,0.0,0.0
10047,-16.193455,-1.423533,0.0,23.434605,6.823141,0.0,7.590706,5.960085,0.0,0.0
10049,-16.200741,-0.662679,0.0,23.49328,7.21584,-0.003906,7.590706,5.960085,0.0,0.0
10057,-16.20611,-0.46633,-0.003906,23.568445,9.326595,0.0,7.590706,5.960085,0.0,0.0
10075,-16.206493,0.049087,0.0,23.660675,10.529236,0.0,7.590706,5.960085,0.0,0.0
10078,-16.205153,-0.171806,0.0,23.746771,10.725585,0.0,7.590706,5.960085,0.0,0.0
10087,-16.204769,-0.343611,0.0,23.837658,10.480148,0.0,7.590706,5.960085,0.0,0.0
10121,-16.200933,1.693513,-0.007812,23.923944,8.860266,0.0,7.590706,5.960085,0.0,0.0
10123,-16.172171,4.786016,-0.019531,23.996618,7.21584,0.003906,7.590706,5.960085,0.0,0.0
10126,-16.111195,7.755801,-0.007812,24.056442,6.160462,0.0,7.590706,5.960085,0.0,0.0
10140,-15.954154,8.982985,-0.011719,24.181461,9.42477,-0.007812,7.590706,5.960085,0.0,0.0
10142,-15.857705,11.658244,-0.007812,24.268898,9.817469,0.003906,7.590706,5.960085,0.0,0.0
10151,-15.770652,11.241002,0.0,24.340229,8.933897,0.003906,7.590706,5.960085,0.0,0.0
10171,-15.663849,11.903682,-0.003906,24.411751,7.633082,0.0,7.590706,5.960085,0.0,0.0
10172,-15.548992,13.769,-0.003906,24.473684,6.479529,0.003906,7.590706,5.960085,0.0,0.0
10175,-15.434327,12.443642,0.003906,24.527758,5.841394,0.007812,7.590706,5.960085,0.0,0.0
10181,-15.324264,11.682788,-0.003906,24.568983,3.681551,0.003906,7.590706,5.960085,0.0,0.0
10206,-15.217461,12.468185,-0.003906,24.592377,1.595339,0.003906,7.590706,5.960085,0.0,0.0
10209,-15.108932,11.142827,0.003906,24.595253,-0.171806,0.003906,7.590706,5.960085,0.0,0.0
10213,-15.007305,11.118284,-0.007812,24.587967,-1.300815,0.0,7.590706,5.960085,0.0,0.0
10230,-14.908939,10.332887,0.011719,24.582405,0.0,0.0,7.590706,5.960085,0.0,0.0
10232,-14.810764,10.406517,0.003906,24.583748,0.343611,0.003906,7.590706,5.960085,0.0,0.0
10234,-14.718534,10.62741,-0.007812,24.582981,0.098175,-0.003906,7.590706,5.960085,0.0,0.0
10246,-14.61384,11.56007,0.003906,24.582981,0.0,0.0,7.590706,5.960085,0.0,0.0
10263,-14.520651,11.486439,-0.003906,24.583364,0.220893,0.0,7.590706,5.960085,0.0,0.0
10265,-14.416915,10.921934,0.0,24.583172,0.196349,0.0,7.590706,5.960085,0.0,0.0
10276,-14.310687,12.271836,0.0,24.583748,0.711766,0.0,7.590706,5.960085,0.0,0.0
10295,-14.206568,10.725585,0.003906,24.583364,0.245437,0.0,7.590706,5.960085,0.0,0.0
10296,-14.106476,11.118284,0.0,24.583364,0.0,0.003906,7.590706,5.960085,0.0,0.0
10298,-14.012136,10.136537,0.003906,24.583364,-0.122718,0.0,7.590706,5.960085,0.0,0.0
10307,-13.920097,9.694751,0.003906,24.583557,0.0,0.0,7.590706,5.960085,0.0,0.0
10326,-13.841673,9.105702,0.0,24.583748,0.098175,0.0,7.590706,5.960085,0.0,0.0
10327,-13.768233,8.811178,0.003906,24.584324,0.392699,0.0,7.590706,5.960085,0.0,0.0
10347,-13.693644,7.731257,0.007812,24.585474,0.294524,-0.003906,7.590706,5.960085,0.0,0.0
10348,-13.623272,7.633082,0.0,24.588158,0.368155,0.0,7.590706,5.960085,0.0,0.0
10349,-13.560187,6.651335,0.0,24.592569,0.46633,0.003906,7.590706,5.960085,0.0,0.0
10370,-13.505732,7.166752,-0.003906,24.600813,1.595339,-0.003906,7.590706,5.960085,0.0,0.0
10371,-13.43536,7.583995,0.0,24.61788,2.184387,0.0,7.590706,5.960085,0.0,0.0
10389,-13.369016,6.798597,0.007812,24.644724,3.730638,0.0,7.590706,5.960085,0.0,0.0
10391,-13.305163,7.559451,-0.003906,24.679813,4.589667,-0.003906,7.590706,5.960085,0.0,0.0
10400,-13.23134,8.173043,-0.007812,24.720272,4.614211,0.0,7.590706,5.960085,0.0,0.0
10402,-13.157326,8.295761,0.0,24.76169,4.736929,0.0,7.590706,5.960085,0.0,0.0
10432,-13.082928,8.811178,0.007812,24.796396,4.516036,0.003906,7.590706,5.960085,0.0,0.0
10434,-13.007763,7.608539,0.003906,24.832829,4.098794,0.0,7.590706,5.960085,0.0,0.0
10435,-12.932406,9.15479,0.0,24.864849,3.485202,0.007812,7.590706,5.960085,0.0,0.0
10452,-12.85494,7.927606,0.003906,24.891312,2.527998,0.003906,7.590706,5.960085,0.0,0.0
10454,-12.778241,8.614829,0.003906,24.90991,2.380736,0.0,7.590706,5.960085,0.0,0.0
10456,-12.707679,8.173043,0.0,24.922758,1.497164,0.0,7.590706,5.960085,0.0,0.0
10462,-12.633856,8.737548,-0.007812,24.938097,1.865319,0.003906,7.590706,5.960085,0.0,0.0
10484,-12.547378,9.670207,0.0,24.948452,1.129009,-0.003906,7.590706,5.960085,0.0,0.0
10486,-12.465117,9.130246,0.003906,24.963217,2.258018,0.0,7.590706,5.960085,0.0,0.0
10493,-12.3819,9.596576,-0.003906,24.983349,2.552542,-0.003906,7.590706,5.960085,0.0,0.0
10515,-12.308077,8.811178,0.0,25.007702,3.33794,0.0,7.590706,5.960085,0.0,0.0
10516,-12.219106,10.750129,0.0,25.039724,3.951531,0.0,7.590706,5.960085,0.0,0.0
10518,-12.132627,8.762092,0.003906,25.077497,4.319686,0.0,7.590706,5.960085,0.0,0.0
10526,-12.052477,9.351139,-0.007812,25.115273,4.025162,0.007812,7.590706,5.960085,0.0,0.0
10546,-11.972902,8.467567,0.003906,25.146336,3.215221,0.003906,7.590706,5.960085,0.0,0.0
10547,-11.907325,8.737548,0.0,25.171453,2.969784,-0.003906,7.590706,5.960085,0.0,0.0
10556,-11.835035,7.142209,0.007812,25.200983,3.485202,0.0,7.590706,5.960085,0.0,0.0
10575,-11.778853,6.037744,0.0,25.23358,3.951531,-0.003906,7.590706,5.960085,0.0,0.0
10576,-11.723438,6.356811,-0.011719,25.265026,3.436114,0.0,7.590706,5.960085,0.0,0.0
10578,-11.660162,6.847685,0.007812,25.296665,3.460658,0.0,7.590706,5.960085,0.0,0.0
10588,-11.607815,5.031453,0.011719,25.327919,3.804269,0.0,5.505261,5.960085,0.0,0.0
10609,-11.569466,4.81056,0.0,25.360901,4.663298,0.0,5.505261,5.960085,0.0,0.0
10612,-11.52939,4.000618,0.003906,25.401743,4.835104,0.0,5.505261,5.960085,0.0,0.0
10641,-11.501779,1.914407,0.011719,25.444118,4.712385,0.0,5.505261,5.960085,0.0,0.0
10650,-11.482412,-0.024544,0.0,25.549963,5.571414,-0.007812,5.505261,5.960085,0.0,0.0
10669,-11.483754,-0.368155,0.0,25.701445,7.314014,0.0,5.505261,5.960085,0.0,0.0
10671,-11.483754,-0.294524,-0.003906,25.761078,7.780344,0.003906,5.505261,5.960085,0.0,0.0
10680,-11.483754,-0.319068,-0.003906,25.82723,7.583995,0.0,5.505261,5.960085,0.0,0.0
10711,-11.483754,-0.073631,0.0,25.893383,8.148499,-0.003906,5.505261,5.960085,0.0,0.0
10712,-11.483946,-0.245437,-0.003906,25.965097,7.706713,0.0,5.505261,5.960085,0.0,0.0
10714,-11.484329,-0.638135,0.0,26.036619,8.025781,0.003906,5.505261,5.960085,0.0,0.0
10716,-11.483946,0.245437,-0.003906,26.101622,6.405899,0.003906,5.505261,5.960085,0.0,0.0
10736,-11.484522,-0.319068,0.0,26.157228,5.497783,0.0,5.505261,5.960085,0.0,0.0
10737,-11.485097,-0.368155,0.0,26.199411,4.466949,0.0,5.505261,5.960085,0.0,0.0
10744,-11.485672,0.0,0.0,26.233543,3.33794,0.003906,5.505261,5.960085,0.0,0.0
10764,-11.487206,-0.294524,0.003906,26.287424,3.313396,0.0,5.505261,5.960085,0.0,0.0
10766,-11.487973,-0.368155,0.0,26.311775,2.454367,0.003906,5.505261,5.960085,0.0,0.0
10775,-11.488548,-0.245437,0.0,26.32443,0.957203,0.003906,5.505261,5.960085,0.0,0.0
10795,-11.48874,0.098175,0.003906,26.323473,-0.26998,0.003906,5.505261,5.960085,0.0,0.0
10797,-11.489507,-0.196349,0.0,26.320213,-0.368155,-0.003906,5.505261,5.960085,0.0,0.0
10806,-11.48989,-0.220893,0.0,26.321554,0.245437,0.0,5.505261,5.960085,0.0,0.0
10808,-11.490273,-0.515417,-0.003906,26.321171,0.245437,0.0,5.505261,5.960085,0.0,0.0
10826,-11.48989,0.417242,0.0,26.32098,-0.171806,0.0,5.505261,5.960085,0.0,0.0
10828,-11.490465,-0.171806,0.0,26.321171,0.294524,0.0,5.505261,5.960085,0.0,0.0
10840,-11.491808,-0.294524,0.0,26.321171,0.343611,0.0,5.505261,5.960085,0.0,0.0
10857,-11.497561,-1.300815,0.003906,26.321363,0.196349,0.0,5.505261,5.960085,0.0,0.0
10859,-11.508681,-1.963494,0.003906,26.321554,0.220893,0.0,5.505261,5.960085,0.0,0.0
10861,-11.525364,-2.110756,0.0,26.321939,0.122718,0.0,5.505261,5.960085,0.0,0.0
10868,-11.537827,-1.153553,-0.003906,26.321747,0.098175,0.0,5.505261,5.960085,0.0,0.0
10889,-11.539361,0.368155,-0.003906,26.321939,0.760854,0.0,5.505261,5.960085,0.0,0.0
10892,-11.535335,0.294524,0.0,26.321554,0.171806,-0.003906,5.505261,5.960085,0.0,0.0
10901,-11.535526,-0.245437,0.0,26.321554,0.196349,0.0,5.505261,5.960085,0.0,0.0
10923,-11.536101,0.073631,0.0,26.321554,0.049087,-0.003906,5.505261,5.960085,0.0,0.0
10925,-11.536293,-0.343611,0.0,26.321554,0.245437,0.003906,5.505261,5.960085,0.0,0.0
10926,-11.536676,-0.147262,0.0,26.321171,0.049087,0.003906,5.505261,5.960085,0.0,0.0
10934,-11.538019,-0.220893,-0.003906,26.320213,0.564505,0.0,5.505261,5.960085,0.0,0.0
10951,-11.538786,-0.024544,0.0,26.318104,-0.049087,0.0,5.505261,5.960085,0.0,0.0
10953,-11.538594,0.049087,0.0,26.314844,-0.196349,0.0,5.505261,5.960085,0.0,0.0
10963,-11.541854,-0.613592,0.003906,26.309284,-0.490873,0.003906,5.505261,5.960085,0.0,0.0
10981,-11.548948,-1.276271,0.003906,26.299503,-1.227184,0.003906,5.505261,5.960085,0.0,0.0
10982,-11.567164,-2.896153,0.007812,26.288958,-1.276271,0.0,5.505261,5.960085,0.0,0.0
10984,-11.599186,-4.663298,0.003906,26.275536,-1.791688,0.0,5.505261,5.960085,0.0,0.0
10994,-11.650958,-6.798597,0.007812,26.258278,-2.012581,0.003906,5.505261,5.960085,0.0,0.0
11014,-11.717687,-7.412189,0.0,26.241405,-1.619882,0.0,5.505261,5.960085,0.0,0.0
11015,-11.78614,-8.516654,0.003906,26.223955,-2.258018,0.007812,5.505261,5.960085,0.0,0.0
11055,-11.865715,-10.381973,0.007812,26.189632,-5.129628,0.007812,5.505261,5.960085,0.0,0.0
11057,-12.031194,-10.872847,0.0,26.069407,-7.853975,0.0,5.505261,5.960085,0.0,0.0
11059,-12.125341,-10.89739,0.011719,25.998077,-7.608539,0.0,5.505261,5.960085,0.0,0.0
11060,-12.242883,-12.29638,0.0,25.91946,-7.583995,0.003906,5.505261,5.960085,0.0,0.0
11078,-12.346234,-11.977312,-0.007812,25.853308,-7.068578,0.0,5.505261,5.960085,0.0,0.0
11079,-12.450737,-11.437351,0.003906,25.782745,-7.363102,0.0,5.505261,5.960085,0.0,0.0
11087,-12.556773,-12.860885,-0.003906,25.710457,-8.074868,0.0,5.505261,5.960085,0.0,0.0
11107,-12.657632,-10.55378,0.0,25.638166,-8.320305,-0.003906,5.505261,5.960085,0.0,0.0
11109,-12.75619,-11.756419,0.007812,25.567028,-7.363102,0.0,5.505261,5.960085,0.0,0.0
11117,-12.850914,-10.82376,-0.003906,25.499342,-7.657626,0.003906,5.505261,5.960085,0.0,0.0
11118,-12.94487,-10.995565,-0.007812,25.423794,-8.516654,0.003906,5.505261,5.960085,0.0,0.0
11141,-13.029814,-9.940187,0.003906,25.341917,-8.860266,-0.007812,5.505261,5.960085,0.0,0.0
11143,-13.120318,-10.35743,0.0,25.256973,-9.621119,0.003906,5.505261,5.960085,0.0,0.0
11152,-13.206797,-10.013819,-0.007812,25.16877,-9.621119,0.0,5.505261,5.960085,0.0,0.0
11169,-13.293275,-9.768382,0.003906,25.077497,-9.596576,0.0,5.505261,5.960085,0.0,0.0
11171,-13.374767,-9.792926,0.003906,24.989868,-9.252965,-0.003906,5.505261,5.960085,0.0,0.0
11180,-13.46604,-10.578323,-0.003906,24.90646,-9.326595,0.0,5.505261,5.960085,0.0,0.0
11200,-13.552135,-9.596576,0.0,24.820364,-9.42477,0.0,5.505261,5.960085,0.0,0.0
11202,-13.63938,-10.848304,0.003906,24.733694,-9.302052,0.0,5.505261,5.960085,0.0,0.0
11204,-13.726049,-10.406517,0.0,24.654119,-8.909353,0.0,5.505261,5.960085,0.0,0.0
11213,-13.830551,-10.578323,-0.007812,24.56764,-9.032072,0.0,5.505261,5.960085,0.0,0.0
11235,-13.916263,-10.16108,0.003906,24.484615,-9.203877,0.0,5.505261,5.960085,0.0,0.0
11237,-14.007726,-10.504692,0.0,24.403122,-9.032072,0.0,5.505261,5.960085,0.0,0.0
11242,-14.096889,-10.038363,-0.007812,24.325464,-8.492111,0.0,5.505261,5.960085,0.0,0.0
11263,-14.186818,-9.326595,-0.003906,24.244164,-9.866556,0.0,5.505261,5.960085,0.0,0.0
11264,-14.270228,-10.038363,0.0,24.154808,-9.842012,0.0,5.505261,5.960085,0.0,0.0
11265,-14.358048,-9.179334,-0.007812,24.070631,-9.400227,0.0,5.505261,5.960085,0.0,0.0
11276,-14.438774,-9.449314,0.0,23.984346,-10.087449,0.003906,5.505261,5.960085,0.0,0.0
11296,-14.51835,-8.933897,0.0,23.895758,-9.940187,0.0,5.505261,5.960085,0.0,0.0
11297,-14.593323,-8.590285,-0.003906,23.809471,-9.032072,-0.003906,5.505261,5.960085,0.0,0.0
11307,-14.669446,-9.081159,-0.007812,23.732197,-8.860266,0.003906,5.505261,5.960085,0.0,0.0
11325,-14.735408,-6.823141,-0.007812,23.653389,-8.099412,0.0,5.505261,5.960085,0.0,0.0
11327,-14.796959,-7.240384,0.003906,23.576115,-7.976694,0.0,5.505261,5.960085,0.0,0.0
11328,-14.863687,-7.878519,0.0,23.504402,-7.412189,-0.003906,5.505261,5.960085,0.0,0.0
11341,-14.926004,-6.994947,0.0,23.442083,-6.602248,0.0,5.505261,5.960085,0.0,0.0
11357,-14.992733,-7.95215,-0.003906,23.383793,-6.774054,0.007812,5.505261,5.960085,0.0,0.0
11359,-15.059077,-6.700423,0.0,23.323393,-6.381355,-0.003906,5.505261,5.960085,0.0,0.0
11367,-15.120628,-7.117665,0.003906,23.270279,-5.055996,-0.007812,5.505261,5.960085,0.0,0.0
11390,-15.192917,-8.148499,0.003906,23.229435,-3.583376,0.0,5.505261,5.960085,0.0,0.0
11393,-15.262713,-7.927606,-0.007812,23.194345,-3.460658,0.003906,5.505261,5.960085,0.0,0.0
11396,-15.330208,-8.295761,-0.003906,23.161558,-3.460658,0.0,5.505261,5.960085,0.0,0.0
11400,-15.395594,-6.847685,-0.003906,23.132412,-3.092503,-0.003906,5.505261,5.960085,0.0,0.0
11420,-15.451968,-6.479529,0.0,23.106525,-2.797979,0.0,5.505261,5.960085,0.0,0.0
11422,-15.508917,-6.724967,0.0,23.084858,-2.331649,0.003906,5.505261,5.960085,0.0,0.0
11433,-15.562989,-5.497783,-0.007812,23.063,-2.527998,0.0,5.505261,5.960085,0.0,0.0
11451,-15.598463,-3.288852,0.0,23.043825,-1.840775,0.0,5.505261,5.960085,0.0,0.0
11454,-15.625883,-3.362483,0.0,23.026567,-1.325358,0.0,5.505261,5.960085,0.0,0.0
11455,-15.658096,-4.417861,0.007812,23.011993,-1.251727,0.0,5.505261,5.960085,0.0,0.0
11466,-15.695295,-4.884191,0.003906,23.002214,-0.368155,-0.003906,5.505261,5.960085,0.0,0.0
11493,-15.735179,-4.663298,0.0,22.999914,0.098175,0.0,5.505261,5.960085,0.0,0.0
11517,-15.833161,-4.565123,0.0,23.000874,0.46633,0.0,5.505261,5.960085,0.0,0.0
11525,-15.93287,-3.313396,0.0,23.003366,0.539961,0.0,5.505261,5.960085,0.0,0.0
11545,-15.954154,-2.797979,0.0,23.005091,0.368155,0.003906,5.505261,5.960085,0.0,0.0
11548,-15.980232,-3.436114,0.007812,23.005667,0.245437,0.0,5.505261,5.960085,0.0,0.0
11552,-16.014362,-4.417861,0.007812,23.005667,0.319068,0.0,5.505261,5.960085,0.0,0.0
11559,-16.056164,-4.884191,0.007812,23.005667,0.196349,0.0,5.505261,5.824711,0.0,0.0
11580,-16.098156,-4.221512,-0.003906,23.005667,0.245437,0.0,5.505261,5.824711,0.0,0.0
11583,-16.128069,-2.994328,-0.007812,23.006241,0.245437,0.0,5.505261,5.824711,0.0,0.0
11589,-16.152229,-2.724348,0.0,23.006626,0.638135,0.003906,5.505261,5.824711,0.0,0.0
11607,-16.176966,-2.896153,-0.003906,23.006433,0.220893,0.0,5.505261,5.824711,0.0,0.0
11612,-16.20055,-2.773435,0.0,23.006626,0.245437,0.0,5.505261,5.824711,0.0,0.0
11619,-16.238323,-2.577086,0.0,23.0072,0.368155,0.0,5.505261,5.824711,0.0,0.0
11641,-16.255964,-1.816232,0.0,23.008926,0.343611,0.0,5.505261,5.824711,0.0,0.0
11644,-16.265936,-0.687223,0.0,23.009502,0.319068,0.003906,5.505261,5.824711,0.0,0.0
11647,-16.267279,0.343611,0.0,23.009693,-0.073631,0.0,5.505261,5.824711,0.0,0.0
11663,-16.266319,0.0,0.0,23.009886,-0.122718,0.0,5.505261,5.824711,0.0,0.0
11666,-16.265169,0.0,0.0,23.009886,0.245437,0.0,5.505261,5.824711,0.0,0.0
11682,-16.262867,0.147262,0.003906,23.009886,0.392699,0.0,5.505261,5.824711,0.0,0.0
11684,-16.258841,0.662679,0.0,23.009693,0.171806,0.0,5.505261,5.824711,0.0,0.0
11701,-16.255774,0.26998,0.0,23.009693,0.049087,-0.003906,5.505261,5.824711,0.0,0.0
11704,-16.251747,0.319068,0.0,23.009693,0.098175,0.0,5.505261,5.824711,0.0,0.0
11707,-16.247528,0.981747,-0.007812,23.010077,0.26998,0.0,5.505261,5.824711,0.0,0.0
11712,-16.218575,4.589667,-0.023438,23.009886,0.098175,0.0,5.505261,5.824711,0.0,0.0
11737,-16.160091,7.878519,-0.011719,23.010077,0.073631,0.0,5.505261,5.824711,0.0,0.0
11742,-15.996339,9.547489,0.0,23.011419,0.93266,-0.003906,5.505261,5.824711,0.0,0.0
11765,-15.905643,10.676497,-0.007812,23.032894,3.976075,-0.007812,5.505261,5.824711,0.0,0.0
11768,-15.811877,10.455605,0.011719,23.083708,7.117665,-0.003906,5.505261,5.824711,0.0,0.0
11770,-15.724632,9.670207,0.0,23.152737,8.516654,-0.003906,5.505261,5.824711,0.0,0.0
11776,-15.630485,10.82376,-0.011719,23.227327,7.903063,0.0,5.505261,5.824711,0.0,0.0
11798,-15.521955,12.76271,0.0,23.302683,8.467567,0.0,5.505261,5.824711,0.0,0.0
11801,-15.411701,11.756419,0.0,23.381876,8.68846,0.003906,4.728684,5.824711,0.0,0.0
11805,-15.307199,11.191915,0.003906,23.455889,8.148499,0.0,4.728684,5.824711,0.0,0.0
11826,-15.211133,11.412807,0.0,23.530863,8.958441,0.0,4.728684,5.824711,0.0,0.0
11830,-15.129641,9.105702,0.003906,23.598166,8.811178,0.0,4.728684,5.824711,0.0,0.0
11832,-15.049682,8.909353,-0.007812,23.675056,8.737548,0.0,4.728684,5.824711,0.0,0.0
11838,-14.966271,8.982985,0.0,23.745237,7.657626,0.003906,4.728684,5.824711,0.0,0.0
11858,-14.887847,8.786634,0.007812,23.809855,7.093122,-0.003906,4.728684,5.824711,0.0,0.0
11861,-14.80808,8.516654,0.0,23.883486,8.811178,0.0,4.728684,5.824711,0.0,0.0
11867,-14.743269,8.074868,-0.007812,23.949448,8.369392,0.003906,4.728684,5.644468,0.0,0.0
11870,-14.662352,9.817469,0.0,24.023462,8.197587,0.0,4.728684,5.491838,0.0,0.0
11891,-14.578175,8.835722,0.007812,24.094984,8.025781,0.0,4.728684,5.491838,0.0,0.0
11894,-14.497066,9.572032,-0.003906,24.171108,8.909353,-0.003906,4.728684,5.491838,0.0,0.0
11900,-14.41193,9.302052,-0.007812,24.252792,8.713004,0.003906,4.728684,5.491838,0.0,0.0
11921,-14.316631,11.56007,0.0,24.325464,7.976694,0.0,4.728684,5.491838,0.0,0.0
11924,-14.230153,10.651954,0.0,24.388933,8.271217,-0.003906,4.728684,5.491838,0.0,0.0
11928,-14.133321,11.388264,-0.007812,24.466591,9.670207,0.0,4.728684,5.491838,0.0,0.0
11932,-14.037447,10.725585,0.007812,24.550001,9.572032,0.003906,4.728684,5.491838,0.0,0.0
11953,-13.939655,10.725585,0.0,24.627466,8.148499,0.003906,4.728684,5.491838,0.0,0.0
11956,-13.849534,9.572032,0.0,24.699181,8.565742,0.0,4.728684,5.491838,0.0,0.0
11961,-13.75577,10.013819,0.0,24.774153,8.663917,0.0,4.728684,5.491838,0.0,0.0
11996,-13.669291,9.179334,0.0,24.848743,8.516654,0.0,4.728684,5.491838,0.0,0.0
11998,-13.59451,8.663917,0.003906,24.91087,7.633082,0.0,4.728684,5.491838,0.0,0.0
12002,-13.51992,8.271217,-0.003906,24.974146,7.191296,-0.003906,4.728684,5.491838,0.0,0.0
12004,-13.441688,8.933897,0.0,25.040491,8.295761,0.0,4.728684,5.491838,0.0,0.0
12015,-13.369591,7.117665,0.011719,25.113163,8.271217,0.0,4.728684,5.491838,0.0,0.0
12018,-13.307465,6.774054,-0.003906,25.182768,7.534907,0.0,4.728684,5.491838,0.0,0.0
12025,-13.24668,7.363102,-0.003906,25.244318,8.050324,0.0,4.728684,5.491838,0.0,0.0
12047,-13.184554,7.044034,0.0,25.31143,7.608539,0.0,4.728684,5.491838,0.0,0.0
12049,-13.121661,7.534907,0.0,25.377007,7.338558,0.0,4.728684,5.491838,0.0,0.0
12050,-13.056659,5.694132,0.019531,25.445269,7.780344,0.0,4.728684,5.491838,0.0,0.0
12056,-13.010639,5.375064,0.0,25.509504,7.068578,0.0,4.728684,5.491838,0.0,0.0
12077,-12.969222,5.792307,0.0,25.566261,7.338558,-0.003906,4.728684,5.491838,0.0,0.0
12079,-12.912657,6.160462,-0.003906,25.635866,8.639373,0.0,4.728684,5.491838,0.0,0.0
12087,-12.861076,5.105084,0.003906,25.709688,8.860266,0.0,4.728684,5.491838,0.0,0.0
12107,-12.815057,4.638754,0.007812,25.787155,9.15479,0.0,4.728684,5.491838,0.0,0.0
12108,-12.769421,4.81056,0.0,25.866539,8.737548,0.0,4.728684,5.491838,0.0,0.0
12111,-12.731071,4.123337,0.003906,25.937677,9.8911,0.003906,4.728684,5.491838,0.0,0.0
12120,-12.7002,2.896153,0.0,26.021662,9.547489,0.0,4.728684,5.491838,0.0,0.0
12139,-12.672205,3.33794,0.0,26.105839,9.228421,-0.003906,4.728684,5.491838,0.0,0.0
12141,-12.642292,3.60792,0.0,26.186373,9.032072,0.0,4.728684,5.491838,0.0,0.0
12149,-12.603176,5.154171,-0.007812,26.26403,9.203877,-0.007812,4.728684,5.491838,0.0,0.0
12170,-12.55639,4.736929,0.003906,26.342838,8.762092,0.007812,4.728684,5.491838,0.0,0.0
12173,-12.523217,3.117046,0.007812,26.404581,7.387646,0.0,4.728684,5.491838,0.0,0.0
12175,-12.499057,2.037125,0.003906,26.466516,6.332268,0.003906,4.728684,5.491838,0.0,0.0
12180,-12.483717,1.349902,0.007812,26.520014,5.325977,0.0,4.728684,5.491838,0.0,0.0
12201,-12.477198,0.613592,0.0,26.564692,4.933278,0.0,4.728684,5.491838,0.0,0.0
12204,-12.473171,0.809941,0.003906,26.598631,4.319686,0.003906,4.728684,5.491838,0.0,0.0
12211,-12.465117,0.809941,-0.003906,26.631994,3.485202,0.003906,4.728684,5.491838,0.0,0.0
12213,-12.452654,1.521708,-0.003906,26.654812,1.816232,0.003906,4.728684,5.491838,0.0,0.0
12242,-12.432137,2.626173,-0.003906,26.6644,0.638135,0.003906,4.728684,5.491838,0.0,0.0
12266,-12.366943,2.380736,0.0,26.659988,0.073631,0.0,4.728684,5.491838,0.0,0.0
12269,-12.348919,1.693513,0.007812,26.660564,0.196349,0.0,4.728684,5.491838,0.0,0.0
12271,-12.330511,1.644426,-0.003906,26.660374,0.441786,0.0,4.728684,5.491838,0.0,0.0
12275,-12.31057,2.135299,0.0,26.660374,0.539961,0.0,4.728684,5.491838,0.0,0.0
12295,-12.290436,2.527998,-0.003906,26.660374,0.245437,0.0,4.728684,5.491838,0.0,0.0
12298,-12.268385,3.288852,-0.007812,26.660374,0.245437,0.0,4.728684,5.491838,0.0,0.0
12304,-12.234829,3.779726,0.0,26.660564,0.0,0.003906,4.728684,5.491838,0.0,0.0
12306,-12.205109,2.356193,0.003906,26.660948,0.392699,-0.003906,4.728684,5.491838,0.0,0.0
12329,-12.190152,1.079922,0.0,26.66114,0.294524,0.0,4.728684,5.491838,0.0,0.0
12338,-12.185358,-0.049087,0.0,26.66114,-0.024544,0.0,4.728684,5.491838,0.0,0.0
12360,-12.185358,-0.049087,0.003906,26.662481,0.098175,0.0,4.728684,5.491838,0.0,0.0
12363,-12.185358,-0.098175,0.003906,26.664783,0.368155,0.0,4.728684,5.491838,0.0,0.0
12380,-12.185358,-0.122718,0.0,26.673603,1.742601,-0.003906,4.728684,5.491838,0.0,0.0
12382,-12.184783,0.0,0.0,26.686642,1.374446,0.003906,4.728684,5.491838,0.0,0.0
12398,-12.183058,0.294524,0.0,26.697763,1.619882,0.0,4.728684,5.491838,0.0,0.0
12400,-12.181715,0.147262,0.0,26.712145,1.497164,-0.003906,4.728684,5.491838,0.0,0.0
12403,-12.18229,-0.245437,0.003906,26.728827,2.356193,-0.007812,4.728684,5.491838,0.0,0.0
12422,-12.183633,-0.368155,0.0,26.746658,2.20893,0.0,4.728684,5.491838,0.0,0.0
12425,-12.185933,-0.760854,0.0,26.763342,1.914407,0.0,4.728684,5.491838,0.0,0.0
12451,-12.187276,-0.171806,0.0,26.77849,1.963494,0.003906,4.728684,5.491838,0.0,0.0
12453,-12.186893,0.122718,0.019531,26.800158,1.47262,0.0,4.728684,5.491838,0.0,0.0
12455,-12.186893,0.171806,-0.003906,26.805908,0.0,0.003906,4.728684,5.491838,0.0,0.0
12466,-12.17903,1.227184,-0.007812,26.803608,-0.392699,0.0,4.728684,5.491838,0.0,0.0
12485,-12.160239,2.282562,-0.007812,26.800348,0.0,-0.003906,4.728684,5.491838,0.0,0.0
12488,-12.133779,2.87161,0.0,26.802265,-0.098175,0.0,4.728684,5.491838,0.0,0.0
12493,-12.106167,2.994328,0.0,26.797281,-0.834485,0.0,4.728684,5.491838,0.0,0.0
12515,-12.065708,5.055996,-0.011719,26.793062,-0.392699,0.0,4.728684,5.491838,0.0,0.0
12519,-12.012594,5.669589,-0.003906,26.789419,-0.392699,0.0,4.728684,5.491838,0.0,0.0
12523,-11.969068,4.589667,0.003906,26.78635,-0.46633,0.0,4.728684,5.491838,0.0,0.0
12526,-11.932635,3.951531,0.007812,26.773888,-1.816232,0.003906,4.728684,5.491838,0.0,0.0
12548,-11.898696,3.632463,0.003906,26.733236,-6.577704,0.011719,4.728684,5.491838,0.0,0.0
12555,-11.867058,-0.245437,0.011719,26.557404,-12.198205,0.0,4.728684,5.491838,0.0,0.0
12577,-11.876645,-1.644426,0.003906,26.446192,-12.443642,0.003906,4.728684,5.491838,0.0,0.0
12579,-11.898888,-3.264308,0.003906,26.332676,-12.664536,0.0,4.728684,5.491838,0.0,0.0
12581,-11.931869,-4.491492,0.007812,26.220888,-12.050943,0.0,4.728684,5.491838,0.0,0.0
12587,-11.981339,-6.332268,0.0,26.113125,-12.222749,0.003906,4.728684,5.491838,0.0,0.0
12608,-12.043466,-7.927606,0.0,26.006323,-11.535526,0.0,4.728684,5.491838,0.0,0.0
12610,-12.111919,-7.780344,0.011719,25.898176,-11.780963,-0.003906,4.728684,5.491838,0.0,0.0
12617,-12.201273,-10.234712,0.003906,25.780252,-11.486439,0.003906,4.728684,5.491838,0.0,0.0
12639,-12.290436,-9.645663,0.0,25.674025,-11.903682,-0.003906,4.728684,5.491838,0.0,0.0
12641,-12.379024,-10.283799,0.003906,25.569138,-10.946478,0.003906,4.728684,5.491838,0.0,0.0
12643,-12.471829,-10.504692,0.003906,25.469429,-11.069197,0.0,4.728684,5.491838,0.0,0.0
12650,-12.573071,-11.879138,-0.007812,25.366461,-11.461895,0.0,4.728684,5.491838,0.0,0.0
12672,-12.674123,-11.09374,0.007812,25.264069,-11.339177,0.007812,4.728684,5.491838,0.0,0.0
12674,-12.778433,-12.149118,0.003906,25.159374,-12.050943,0.0,4.728684,5.491838,0.0,0.0
12681,-12.881018,-11.879138,-0.007812,25.051611,-12.247293,0.0,4.728684,5.491838,0.0,0.0
12701,-12.993382,-10.848304,0.0,24.932537,-12.001856,0.0,4.728684,5.491838,0.0,0.0
12704,-13.093091,-12.075487,0.003906,24.824583,-12.590904,0.0,4.728684,5.491838,0.0,0.0
12710,-13.194716,-11.191915,-0.007812,24.718163,-12.001856,-0.003906,4.728684,5.491838,0.0,0.0
12712,-13.297877,-11.707332,0.003906,24.619797,-10.725585,0.0,4.728684,5.491838,0.0,0.0
12734,-13.397394,-11.756419,0.003906,24.521238,-10.971022,0.0,4.728684,5.491838,0.0,0.0
12737,-13.502472,-11.584614,-0.007812,24.424597,-10.651954,0.0,4.728684,5.491838,0.0,0.0
12744,-13.615602,-11.388264,0.007812,24.326231,-9.743838,0.0,4.728684,5.491838,0.0,0.0
12765,-13.718762,-12.370011,0.0,24.243587,-9.15479,0.0,4.728684,5.491838,0.0,0.0
12767,-13.82499,-11.584614,0.0,24.156918,-9.400227,0.0,4.728684,5.491838,0.0,0.0
12775,-13.921632,-10.701041,0.007812,24.077726,-8.639373,0.003906,4.728684,5.491838,0.0,0.0
12777,-14.023257,-11.510983,0.0,23.998535,-9.056615,0.003906,4.728684,5.491838,0.0,0.0
12796,-14.119514,-11.461895,0.0,23.918768,-8.467567,0.0,4.728684,5.491838,0.0,0.0
12799,-14.211554,-9.449314,0.003906,23.837658,-9.007528,-0.003906,4.728684,5.491838,0.0,0.0
12806,-14.302825,-10.946478,0.0,23.767479,-6.945859,0.0,4.728684,5.491838,0.0,0.0
12828,-14.394097,-9.792926,-0.007812,23.695957,-8.123956,0.0,4.728684,5.491838,0.0,0.0
12829,-14.481917,-9.940187,0.0,23.619833,-8.099412,0.0,4.728684,5.491838,0.0,0.0
12837,-14.566478,-9.743838,0.0,23.547928,-7.48582,-0.003906,4.728684,5.491838,0.0,0.0
12857,-14.653914,-10.234712,-0.003906,23.483501,-6.528617,0.0,4.728684,5.491838,0.0,0.0
12859,-14.735791,-8.344849,-0.007812,23.426744,-6.111374,0.007812,4.728684,5.491838,0.0,0.0
12861,-14.810573,-8.565742,0.003906,23.369604,-6.602248,0.0,4.728684,5.491838,0.0,0.0
12888,-14.883628,-8.222131,-0.003906,23.311121,-6.234093,-0.007812,4.728684,5.491838,0.0,0.0
12890,-14.94959,-7.117665,-0.007812,23.265293,-4.196968,0.0,4.728684,5.491838,0.0,0.0
12893,-15.014976,-7.314014,-0.003906,23.22982,-3.632463,-0.003906,4.728684,5.491838,0.0,0.0
12899,-15.070774,-5.816851,0.0,23.198948,-3.190677,0.0,4.728684,5.491838,0.0,0.0
12921,-15.121395,-5.939569,0.003906,23.170185,-2.969784,0.0,4.728684,5.491838,0.0,0.0
12923,-15.183713,-7.633082,0.007812,23.14641,-2.061668,0.0,4.728684,5.491838,0.0,0.0
12925,-15.247757,-6.74951,-0.007812,23.123783,-2.429824,-0.003906,4.728684,5.491838,0.0,0.0
12930,-15.305664,-6.970403,0.0,23.106142,-1.718057,0.0,4.728684,5.491838,0.0,0.0
12954,-15.363189,-6.504073,0.007812,23.093679,-1.423533,0.003906,4.728684,5.491838,0.0,0.0
12955,-15.415536,-5.27689,0.0,23.080448,-0.981747,0.0,4.728684,5.491838,0.0,0.0
12963,-15.463664,-6.037744,0.007812,23.072203,-0.417242,-0.003906,4.728684,5.491838,0.0,0.0
12983,-15.520614,-6.970403,0.0,23.06645,-0.490873,0.0,4.728684,5.491838,0.0,0.0
12985,-15.576412,-5.399608,-0.003906,23.061081,-0.294524,0.0,4.728684,5.491838,0.0,0.0
13016,-15.618021,-4.393317,-0.007812,23.060314,0.46633,-0.003906,4.728684,5.491838,0.0,0.0
13023,-15.749176,-6.160462,0.003906,23.060507,0.098175,0.0,4.728684,5.491838,0.0,0.0
13046,-15.875154,-6.602248,0.0,23.060507,0.245437,0.0,4.728684,5.491838,0.0,0.0
13048,-15.924434,-4.81056,-0.011719,23.060314,-0.024544,0.0,4.728684,5.491838,0.0,0.0
13054,-15.95799,-2.969784,-0.007812,23.060314,0.294524,0.0,4.728684,5.491838,0.0,0.0
13057,-15.989436,-4.246056,0.007812,23.060314,-0.024544,0.003906,4.728684,5.491838,0.0,0.0
13079,-16.028553,-5.399608,0.007812,23.060123,0.049087,0.0,4.728684,5.491838,0.0,0.0
13080,-16.078215,-5.54687,0.003906,23.059164,-0.098175,0.0,4.728684,5.491838,0.0,0.0
13088,-16.123083,-4.614211,-0.003906,23.05648,-0.417242,0.0,4.728684,5.491838,0.0,0.0
13107,-16.162201,-4.516036,-0.003906,23.053028,-0.343611,0.0,4.728684,5.491838,0.0,0.0
13110,-16.203234,-4.884191,0.0,23.047468,-0.564505,0.0,4.728684,5.491838,0.0,0.0
13118,-16.244843,-4.34423,-0.007812,23.033278,-2.012581,0.0,4.728684,5.491838,0.0,0.0
13140,-16.300066,-3.215221,0.003906,22.999531,-1.767144,0.0,4.728684,5.491838,0.0,0.0
13142,-16.332855,-4.81056,0.007812,22.98304,-1.66897,0.0,4.728684,5.491838,0.0,0.0
13151,-16.379259,-6.086831,0.007812,22.971151,-1.055378,0.0,4.728684,5.491838,0.0,0.0
13171,-16.43199,-5.865938,0.0,22.958113,-1.47262,0.0,4.728684,5.491838,0.0,0.0
13173,-16.469572,-2.896153,-0.019531,22.951593,0.147262,-0.007812,4.728684,5.491838,0.0,0.0
13175,-16.488554,-1.718057,0.0,22.95236,0.417242,-0.007812,4.728684,5.491838,0.0,0.0
13191,-16.496992,-1.153553,0.0,22.95447,0.515417,0.0,4.728684,5.491838,0.0,0.0
13202,-16.506004,-1.47262,0.0,22.956387,0.245437,0.0,4.728684,5.491838,0.0,0.0
13204,-16.511755,-0.589048,0.0,22.957539,0.26998,0.007812,4.728684,5.491838,0.0,0.0
13211,-16.514441,-0.098175,-0.003906,22.957155,-0.122718,-0.007812,4.728684,5.491838,0.0,0.0
13233,-16.514631,-0.245437,0.0,22.956963,0.0,0.0,4.728684,5.491838,0.0,0.0
13235,-16.514441,-0.073631,0.0,22.955812,-0.122718,0.0,4.728684,5.491838,0.0,0.0
13237,-16.514248,-0.073631,0.0,22.952936,-0.515417,0.0,4.728684,5.491838,0.0,0.0
13265,-16.513481,0.073631,0.0,22.948143,-0.441786,0.0,4.728684,5.491838,0.0,0.0
13267,-16.511372,0.294524,0.0,22.938555,-1.349902,0.0,4.728684,5.491838,0.0,0.0
13268,-16.508495,0.441786,0.0,22.931076,-0.196349,0.0,4.728684,5.491838,0.0,0.0
13277,-16.505236,0.539961,0.0,22.932419,0.441786,-0.003906,4.728684,5.491838,0.0,0.0
13295,-16.502935,0.147262,0.0,22.934719,0.441786,0.0,4.728684,5.491838,0.0,0.0
13297,-16.498333,1.079922,0.0,22.935295,0.245437,0.0,4.728684,5.491838,0.0,0.0
13306,-16.467653,5.375064,-0.023438,22.935104,-0.122718,0.0,4.728684,5.491838,0.0,0.0
13327,-16.31694,8.737548,0.0,22.938555,-0.024544,0.003906,4.728684,5.491838,0.0,0.0
13330,-16.233339,9.817469,-0.011719,22.938938,0.441786,0.0,4.728684,5.491838,0.0,0.0
13336,-16.14782,10.455605,-0.003906,22.939322,0.245437,0.0,4.728684,5.491838,0.0,0.0
13357,-16.045809,11.584614,0.007812,22.941431,1.006291,0.0,4.728684,5.491838,0.0,0.0
13359,-15.955113,9.056615,0.0,22.946033,1.178096,-0.007812,4.728684,5.491838,0.0,0.0
13361,-15.865184,9.105702,0.0,22.963482,2.822522,-0.011719,4.728684,5.491838,0.0,0.0
13368,-15.781582,8.565742,0.011719,22.999147,5.129628,-0.007812,4.728684,5.491838,0.0,0.0
13392,-15.697788,9.081159,-0.003906,23.046701,5.865938,0.0,4.728684,5.491838,0.0,0.0
13397,-15.613611,9.866556,-0.007812,23.095596,5.595957,0.0,4.728684,5.491838,0.0,0.0
13400,-15.513327,11.339177,0.003906,23.146984,6.209549,-0.003906,4.728684,5.491838,0.0,0.0
13422,-15.422055,11.265546,-0.003906,23.195496,6.111374,0.0,4.728684,5.491838,0.0,0.0
13424,-15.320237,11.363721,0.0,23.254171,7.117665,0.0,4.728684,5.491838,0.0,0.0
13427,-15.222062,11.609158,0.0,23.319174,7.682169,0.003906,4.728684,5.491838,0.0,0.0
13431,-15.121587,10.799216,0.003906,23.384943,7.461277,0.003906,4.728684,5.491838,0.0,0.0
13452,-15.028398,10.651954,0.0,23.441509,6.185006,0.0,4.728684,5.491838,0.0,0.0
13454,-14.938276,9.792926,0.007812,23.493856,5.890481,-0.003906,4.728684,5.491838,0.0,0.0
13461,-14.852757,9.940187,0.003906,23.547544,6.234093,0.0,4.728684,5.491838,0.0,0.0
13464,-14.782386,8.025781,0.003906,23.595098,6.0132,0.0,4.728684,5.491838,0.0,0.0
13484,-14.707413,8.68846,-0.007812,23.652431,6.577704,0.0,4.728684,5.491838,0.0,0.0
13487,-14.623427,9.351139,0.007812,23.711489,6.307724,0.0,4.728684,5.491838,0.0,0.0
13505,-14.543852,8.786634,0.0,23.766905,6.209549,0.0,4.728684,5.491838,0.0,0.0
13509,-14.462743,8.762092,-0.007812,23.830181,7.657626,-0.003906,4.728684,5.491838,0.0,0.0
13525,-14.385468,8.835722,-0.003906,23.906303,9.449314,0.0,4.728684,5.489729,0.0,0.0
13527,-14.310495,10.062906,0.0,23.975334,8.958441,0.0,4.728684,5.489729,0.0,0.0
13530,-14.23092,8.320305,0.003906,24.054909,8.663917,0.003906,4.728684,5.489729,0.0,0.0
13546,-14.157865,8.320305,-0.007812,24.132566,9.056615,-0.003906,4.728684,5.489729,0.0,0.0
13548,-14.083467,7.780344,0.003906,24.215017,9.498402,0.003906,4.728684,5.489729,0.0,0.0
13556,-14.012903,7.804888,0.003906,24.297468,8.958441,0.003906,4.728684,5.489729,0.0,0.0
13575,-13.945408,7.657626,0.003906,24.365347,8.786634,0.0,4.728684,5.489729,0.0,0.0
13577,-13.879447,7.01949,0.0,24.443005,8.467567,0.0,4.728684,5.489729,0.0,0.0
13579,-13.810226,8.467567,-0.007812,24.522198,9.007528,0.003906,4.728684,5.489729,0.0,0.0
13588,-13.732952,8.344849,0.003906,24.598703,8.320305,0.003906,4.728684,5.489729,0.0,0.0
13610,-13.659704,8.148499,0.0,24.666965,7.755801,0.0,4.728684,5.489729,0.0,0.0
13612,-13.591825,8.074868,0.0,24.728325,8.123956,0.0,4.728684,5.489729,0.0,0.0
13617,-13.519729,8.344849,-0.007812,24.796587,7.412189,0.0,4.728684,5.489729,0.0,0.0
13640,-13.436318,9.768382,0.0,24.861015,6.945859,0.003906,4.728684,5.489729,0.0,0.0
13642,-13.354634,8.369392,0.011719,24.918732,6.111374,-0.003906,4.728684,5.489729,0.0,0.0
13643,-13.27525,8.786634,-0.007812,24.970886,5.964112,0.0,4.728684,5.489729,0.0,0.0
13650,-13.20277,8.909353,0.0,25.018057,5.915025,-0.003906,4.728684,5.489729,0.0,0.0
13672,-13.118018,9.694751,0.0,25.077114,6.479529,0.0,4.728684,5.489729,0.0,0.0
13674,-13.028089,9.596576,0.003906,25.135405,6.185006,0.003906,4.728684,5.489729,0.0,0.0
13681,-12.943144,9.522945,-0.011719,25.185835,5.178715,0.0,4.728684,5.489729,0.0,0.0
13702,-12.853023,10.283799,0.0,25.236073,5.939569,0.003906,4.728684,5.489729,0.0,0.0
13705,-12.764819,10.381973,0.0,25.284777,5.424152,0.0,4.728684,5.489729,0.0,0.0
13707,-12.689463,8.492111,0.0,25.323509,4.663298,0.0,4.728684,5.489729,0.0,0.0
13712,-12.608161,9.8911,-0.003906,25.366077,4.835104,0.003906,4.728684,5.489729,0.0,0.0
13734,-12.520341,9.547489,0.003906,25.408262,4.835104,0.003906,4.728684,5.489729,0.0,0.0
13735,-12.440958,8.663917,0.0,25.448145,4.196968,0.003906,4.728684,5.489729,0.0,0.0
13742,-12.364259,8.025781,0.0,25.483427,3.632463,0.0,4.728684,5.489729,0.0,0.0
13762,-12.304242,7.068578,0.0,25.512381,4.098794,0.0,4.728684,5.489729,0.0,0.0
13764,-12.23598,8.123956,0.0,25.549196,4.368774,-0.003906,4.728684,5.489729,0.0,0.0
13767,-12.170786,5.890481,0.007812,25.594257,5.154171,0.0,4.728684,5.489729,0.0,0.0
13776,-12.122082,4.614211,0.003906,25.642962,5.301434,0.0,4.728684,5.489729,0.0,0.0
13797,-12.083157,5.227802,-0.003906,25.685337,5.055996,0.003906,4.728684,5.489729,0.0,0.0
13800,-12.033111,5.424152,-0.003906,25.731356,5.08054,0.0,4.728684,5.489729,0.0,0.0
13828,-11.988817,4.663298,0.003906,25.778526,5.497783,0.0,4.728684,5.489729,0.0,0.0
13829,-11.899654,3.215221,0.0,25.915817,6.823141,0.0,4.728684,5.489729,0.0,0.0
13839,-11.873769,2.331649,0.003906,25.972958,7.903063,0.0,4.728684,5.489729,0.0,0.0
13857,-11.857279,1.006291,0.003906,26.036236,7.363102,0.003906,4.728684,5.489729,0.0,0.0
13859,-11.857471,-0.564505,0.0,26.099129,6.945859,0.0,4.728684,5.489729,0.0,0.0
13889,-11.859962,-0.098175,-0.003906,26.160488,6.602248,0.0,4.728684,5.489729,0.0,0.0
13891,-11.858621,-0.417242,0.0,26.318104,8.074868,0.0,4.728684,5.489729,0.0,0.0
13892,-11.857854,0.147262,0.0,26.388092,7.755801,0.0,4.728684,5.489729,0.0,0.0
13900,-11.857662,0.0,0.0,26.456738,8.443024,-0.003906,4.728684,5.489729,0.0,0.0
13922,-11.857087,0.049087,-0.003906,26.523466,7.314014,0.0,4.728684,5.489729,0.0,0.0
13924,-11.856894,-0.098175,0.0,26.579456,7.191296,-0.003906,4.728684,5.489729,0.0,0.0
13931,-11.856894,-0.245437,-0.003906,26.639856,6.724967,0.0,4.728684,5.489729,0.0,0.0
13950,-11.857279,-0.93266,0.0,26.692394,5.27689,0.003906,4.728684,5.489729,0.0,0.0
13953,-11.856894,-0.245437,0.003906,26.731703,4.196968,0.003906,4.728684,5.489729,0.0,0.0
13955,-11.857087,-0.26998,0.0,26.76219,3.460658,0.0,4.728684,5.489729,0.0,0.0
13983,-11.857279,-0.245437,0.0,26.788843,2.822522,0.0,4.728684,5.489729,0.0,0.0
13985,-11.858621,0.098175,0.007812,26.830645,2.797979,0.003906,4.728684,5.489729,0.0,0.0
13987,-11.860347,-0.245437,0.0,26.853655,3.067959,0.0,4.728684,5.489729,0.0,0.0
13994,-11.862839,-0.515417,0.003906,26.870911,2.086212,0.003906,4.728684,5.489729,0.0,0.0
14014,-11.864373,-0.417242,-0.007812,26.880306,0.46633,0.007812,4.728684,5.489729,0.0,0.0
14015,-11.86399,0.024544,0.003906,26.877623,-0.441786,0.0,4.728684,5.489729,0.0,0.0
14023,-11.864373,-0.589048,0.0,26.874363,-0.417242,0.0,4.728684,5.489729,0.0,0.0
14045,-11.863222,-0.049087,0.0,26.876089,0.687223,0.0,4.728684,5.489729,0.0,0.0
14047,-11.863606,-0.098175,0.003906,26.87187,-0.294524,0.0,4.728684,5.489729,0.0,0.0
14049,-11.862455,-0.147262,0.003906,26.86842,-0.711766,0.003906,4.728684,4.433201,0.0,0.0
14056,-11.86073,-0.147262,-0.003906,26.86305,-0.883572,0.0,4.728684,4.433201,0.0,0.0
14076,-11.86188,-0.245437,-0.003906,26.845793,-1.47262,0.0,4.728684,4.433201,0.0,0.0
14077,-11.863606,-0.098175,0.003906,26.826235,-2.135299,0.0,4.728684,4.433201,0.0,0.0
14099,-11.864757,-0.024544,-0.003906,26.804567,-2.478911,0.0,4.728684,4.433201,0.0,0.0
14116,-11.865715,-0.049087,0.003906,26.768902,-5.006909,0.003906,4.728684,4.427448,0.0,0.0
14118,-11.867633,-0.319068,0.003906,26.612627,-11.29009,0.003906,4.728684,4.427448,0.0,0.0
14121,-11.875302,-2.184387,0.007812,26.501989,-12.738166,0.003906,4.728684,4.427448,0.0,0.0
14152,-11.899846,-3.092503,0.0,26.381189,-13.670826,0.003906,4.728684,4.427448,0.0,0.0
14154,-11.927266,-3.583376,0.003906,26.256744,-13.818088,0.0,4.728684,4.427448,0.0,0.0
14157,-11.961972,-4.859647,0.003906,26.134026,-14.137156,0.003906,4.728684,4.427448,0.0,0.0
14175,-12.014894,-6.823141,0.007812,26.013416,-12.811797,0.0,4.728684,4.427448,0.0,0.0
14177,-12.07913,-7.436733,0.003906,25.8953,-12.615448,-0.003906,4.728684,4.427448,0.0,0.0
14179,-12.143941,-8.393936,0.007812,25.779293,-13.008146,0.0,4.728684,4.427448,0.0,0.0
14181,-12.22179,-9.105702,0.0,25.662327,-13.179953,-0.007812,4.728684,4.427448,0.0,0.0
14207,-12.300406,-8.41848,0.0,25.545937,-12.001856,-0.003906,4.728684,4.427448,0.0,0.0
14208,-12.379215,-9.572032,0.003906,25.435299,-12.247293,0.0,4.728684,4.427448,0.0,0.0
14224,-12.459558,-9.179334,0.003906,25.324085,-12.492729,0.0,4.728684,4.427448,0.0,0.0
14225,-12.542392,-9.842012,0.0,25.213448,-12.271836,0.0,4.728684,4.427448,0.0,0.0
14243,-12.637307,-9.056615,-0.011719,25.094755,-11.83005,-0.007812,4.728684,4.427448,0.0,0.0
14245,-12.720909,-10.185624,0.011719,24.989868,-11.805507,0.0,4.728684,4.427448,0.0,0.0
14247,-12.809113,-9.449314,0.0,24.890543,-11.044653,0.003906,4.728684,4.427448,0.0,0.0
14268,-12.90211,-10.602867,0.0,24.790451,-11.535526,0.0,4.728684,4.427448,0.0,0.0
14271,-12.989738,-9.940187,0.0,24.688442,-11.118284,-0.003906,4.728684,4.427448,0.0,0.0
14276,-13.078326,-10.725585,0.003906,24.59046,-10.971022,0.003906,4.728684,4.427448,0.0,0.0
14302,-13.171707,-10.480148,-0.007812,24.488258,-11.167371,0.0,4.728684,4.427448,0.0,0.0
14303,-13.263555,-10.676497,0.0,24.388741,-11.09374,-0.003906,4.728684,4.427448,0.0,0.0
14309,-13.362304,-9.842012,0.007812,24.286539,-10.013819,0.007812,4.728684,4.427448,0.0,0.0
14327,-13.458369,-10.529236,-0.007812,24.193159,-10.55378,0.0,4.728684,4.427448,0.0,0.0
14329,-13.550025,-10.234712,0.0,24.102463,-8.860266,-0.003906,4.728684,4.427448,0.0,0.0
14331,-13.642256,-10.946478,0.003906,24.013683,-10.087449,0.003906,4.728684,4.427448,0.0,0.0
14338,-13.734102,-10.35743,0.0,23.925287,-9.8911,-0.003906,4.728684,4.427448,0.0,0.0
14357,-13.830359,-10.82376,0.0,23.835741,-9.522945,0.0,4.728684,4.427448,0.0,0.0
14360,-13.920481,-10.504692,0.007812,23.75329,-8.663917,0.0,4.728684,4.427448,0.0,0.0
14368,-14.011753,-10.62741,-0.003906,23.671223,-9.375683,0.0,4.728684,4.427448,0.0,0.0
14388,-14.097655,-9.449314,-0.007812,23.586853,-9.351139,0.0,4.728684,4.427448,0.0,0.0
14391,-14.18375,-9.400227,0.0,23.506702,-8.737548,-0.003906,4.728684,4.427448,0.0,0.0
14394,-14.261791,-8.933897,0.0,23.434031,-8.074868,0.007812,4.728684,4.427448,0.0,0.0
14400,-14.345968,-9.032072,-0.007812,23.360975,-8.933897,0.0,4.728684,4.427448,0.0,0.0
14422,-14.422859,-8.909353,0.0,23.283318,-7.166752,-0.007812,4.728684,4.427448,0.0,0.0
14424,-14.501284,-9.252965,0.003906,23.223108,-6.724967,0.0,4.728684,4.427448,0.0,0.0
14429,-14.572805,-7.829432,0.003906,23.162708,-6.332268,0.003906,4.728684,4.427448,0.0,0.0
14451,-14.644903,-8.614829,-0.007812,23.104225,-6.356811,0.0,4.728684,4.427448,0.0,0.0
14453,-14.710672,-6.602248,-0.007812,23.046125,-6.528617,0.0,4.728684,4.427448,0.0,0.0
14456,-14.76091,-5.105084,0.0,22.985916,-6.626791,-0.003906,4.728684,4.427448,0.0,0.0
14462,-14.80808,-4.933278,0.003906,22.933569,-4.957822,-0.007812,4.728684,4.427448,0.0,0.0
14484,-14.859085,-6.356811,0.0,22.893877,-3.534289,-0.003906,4.728684,4.427448,0.0,0.0
14486,-14.905104,-4.638754,-0.003906,22.858788,-4.000618,0.0,4.728684,4.427448,0.0,0.0
14493,-14.948247,-4.81056,0.0,22.822355,-3.804269,0.0,4.728684,4.427448,0.0,0.0
14514,-14.992157,-5.399608,0.0,22.788416,-3.558833,0.0,4.728684,4.427448,0.0,0.0
14517,-15.035109,-4.196968,-0.007812,22.760996,-2.601629,0.0,4.728684,4.427448,0.0,0.0
14522,-15.065788,-2.847066,-0.007812,22.742014,-1.398989,0.0,4.728684,4.427448,0.0,0.0
14524,-15.091866,-3.730638,0.003906,22.729933,-0.245437,0.0,4.728684,4.427448,0.0,0.0
14557,-15.127148,-4.687841,0.003906,22.729359,0.809941,-0.003906,4.728684,4.427448,0.0,0.0
14577,-15.25466,-4.442405,-0.007812,22.730892,0.098175,-0.003906,4.728684,4.427448,0.0,0.0
14587,-15.35245,-5.129628,0.0,22.733002,0.049087,0.0,4.728684,4.427448,0.0,0.0
14607,-15.394444,-4.540579,-0.003906,22.733194,0.098175,0.0,4.728684,4.427448,0.0,0.0
14609,-15.431834,-4.123337,0.0,22.733385,0.220893,0.0,4.728684,4.427448,0.0,0.0
14612,-15.476319,-5.718676,0.007812,22.733194,-0.049087,0.0,4.728684,4.427448,0.0,0.0
14619,-15.529433,-6.823141,0.0,22.733194,0.122718,0.0,4.728684,4.427448,0.0,0.0
14639,-15.580247,-4.957822,-0.011719,22.733194,0.049087,0.0,4.728684,4.427448,0.0,0.0
14642,-15.619171,-4.442405,-0.007812,22.733194,0.0,0.0,4.728684,4.427448,0.0,0.0
14649,-15.659055,-4.933278,0.0,22.732426,-0.343611,0.0,4.728684,4.427448,0.0,0.0
14671,-15.704499,-5.522326,0.007812,22.730318,-0.441786,0.0,4.728684,4.427448,0.0,0.0
14675,-15.75397,-5.767763,0.003906,22.727058,-0.417242,0.0,4.728684,4.427448,0.0,0.0
14679,-15.838914,-6.0132,0.0,22.707308,-1.988037,0.0,4.728684,4.427448,0.0,0.0
14701,-15.899123,-6.74951,0.0,22.689283,-2.037125,0.0,4.728684,4.427448,0.0,0.0
14704,-15.953004,-5.645045,-0.007812,22.667807,-1.988037,0.0,4.728684,4.427448,0.0,0.0
14712,-16.002474,-6.0132,0.007812,22.650358,-1.129009,0.0,4.728684,4.427448,0.0,0.0
14714,-16.059233,-6.945859,0.003906,22.63962,-1.153553,0.0,4.728684,4.427448,0.0,0.0
14734,-16.116373,-5.694132,-0.011719,22.633293,-0.613592,-0.007812,4.728684,4.427448,0.0,0.0
14736,-16.165461,-5.816851,-0.007812,22.634253,0.245437,-0.003906,4.728684,4.427448,0.0,0.0
14744,-16.210905,-5.031453,0.0,22.63636,0.73631,0.0,4.728684,4.427448,0.0,0.0
14765,-16.251364,-4.540579,-0.007812,22.637896,0.171806,-0.003906,4.728684,4.427448,0.0,0.0
14767,-16.275522,-1.914407,-0.003906,22.639046,0.368155,0.0,4.728684,4.427448,0.0,0.0
14773,-16.281084,0.171806,-0.003906,22.639046,0.171806,0.0,4.728684,4.427448,0.0,0.0
14775,-16.276482,0.441786,0.0,22.638853,0.0,-0.003906,4.728684,4.427448,0.0,0.0
14798,-16.274372,0.319068,0.0,22.638853,0.294524,0.0,4.728684,4.427448,0.0,0.0
14800,-16.273415,-0.098175,-0.003906,22.63847,-0.220893,0.0,4.728684,4.427448,0.0,0.0
14807,-16.271112,0.171806,0.0,22.637703,0.122718,0.0,4.728684,4.427448,0.0,0.0
14827,-16.266127,0.515417,0.0,22.636936,0.319068,-0.007812,4.728684,4.427448,0.0,0.0
14829,-16.254623,1.767144,0.0,22.636936,0.46633,-0.003906,4.728684,4.427448,0.0,0.0
14831,-16.240433,1.840775,-0.007812,22.637129,0.0,0.0,4.728684,4.427448,0.0,0.0
14838,-16.22356,2.110756,0.0,22.637896,0.122718,0.007812,4.728684,4.427448,0.0,0.0
14857,-16.195757,4.466949,-0.011719,22.638279,0.294524,0.0,4.728684,4.427448,0.0,0.0
14867,-16.140917,6.553161,-0.003906,22.638853,0.245437,0.003906,4.728684,4.427448,0.0,0.0
14889,-15.990011,8.320305,-0.003906,22.638853,0.245437,0.0,4.728684,4.427448,0.0,0.0
14891,-15.910819,9.351139,-0.003906,22.639046,0.024544,-0.003906,4.728684,4.427448,0.0,0.0
14893,-15.82971,8.320305,0.003906,22.63962,0.564505,0.0,4.728684,4.427448,0.0,0.0
14899,-15.763557,8.860266,0.003906,22.643456,1.521708,0.0,4.728684,4.427448,0.0,0.0
14923,-15.687818,7.853975,0.0,22.660137,2.822522,0.0,4.728684,4.427448,0.0,0.0
14925,-15.620706,7.21584,0.0,22.686214,3.485202,-0.007812,4.728684,4.427448,0.0,0.0
14939,-15.550909,8.271217,-0.003906,22.72188,4.736929,0.0,4.728684,4.427448,0.0,0.0
14944,-15.479387,7.657626,0.011719,22.766941,5.252346,0.0,4.728684,4.427448,0.0,0.0
14947,-15.42378,7.142209,0.0,22.811426,5.54687,0.0,4.728684,4.427448,0.0,0.0
14964,-15.353026,8.393936,-0.011719,22.861856,5.792307,0.003906,4.728684,4.427448,0.0,0.0
14967,-15.278628,8.025781,0.0,22.914394,6.307724,-0.003906,4.728684,4.427448,0.0,0.0
14983,-15.198861,9.081159,0.0,22.979013,8.148499,-0.007812,4.728684,4.427448,0.0,0.0
14986,-15.12082,8.025781,0.003906,23.045742,7.264927,0.003906,4.728684,4.427448,0.0,0.0
14995,-15.059077,8.393936,-0.007812,23.10154,6.872229,0.003906,4.728684,4.427448,0.0,0.0
15012,-14.984871,7.829432,0.003906,23.162899,6.823141,-0.003906,4.728684,4.427448,0.0,0.0
15015,-14.918335,7.191296,0.007812,23.226175,6.994947,0.0,4.728684,4.427448,0.0,0.0
15018,-14.851031,7.412189,0.0,23.290794,7.559451,0.0,4.728684,4.427448,0.0,0.0
15026,-14.784879,6.994947,0.0,23.356947,7.48582,0.003906,4.728684,4.427448,0.0,0.0
15046,-14.727929,6.970403,0.0,23.41083,7.240384,0.003906,4.728684,4.427448,0.0,0.0
15047,-14.65008,8.982985,0.0,23.47142,7.142209,-0.003906,4.728684,4.427448,0.0,0.0
15055,-14.573189,7.780344,0.011719,23.543135,9.252965,0.0,4.728684,4.427448,0.0,0.0
15056,-14.500709,8.516654,-0.003906,23.623093,9.400227,0.0,4.728684,4.427448,0.0,0.0
15078,-14.427269,8.050324,0.0,23.707079,9.940187,0.0,4.728684,4.427448,0.0,0.0
15081,-14.359391,9.15479,-0.003906,23.773041,7.903063,0.0,4.728684,4.427448,0.0,0.0
15087,-14.274638,8.541198,0.007812,23.848396,8.590285,0.0,4.728684,4.427448,0.0,0.0
15107,-14.202733,7.608539,0.003906,23.92452,8.295761,0.0,4.728684,4.427448,0.0,0.0
15109,-14.127185,8.639373,0.0,23.995659,7.583995,0.0,4.728684,4.427448,0.0,0.0
15119,-14.055088,7.657626,0.0,24.062004,7.01949,0.0,4.728684,4.427448,0.0,0.0
15120,-13.988168,8.713004,0.003906,24.115501,6.675879,0.0,4.728684,4.427448,0.0,0.0
15140,-13.91377,7.633082,0.003906,24.181078,8.025781,0.0,4.728684,4.427448,0.0,0.0
15142,-13.845699,7.804888,-0.007812,24.250874,8.541198,0.003906,4.728684,4.427448,0.0,0.0
15150,-13.763248,9.351139,-0.003906,24.314152,7.289471,0.0,4.728684,4.427448,0.0,0.0
15171,-13.682714,9.228421,0.003906,24.377619,7.95215,0.0,4.728684,4.427448,0.0,0.0
15174,-13.609083,9.105702,-0.003906,24.437445,7.976694,0.003906,4.728684,4.427448,0.0,0.0
15175,-13.528549,8.737548,0.0,24.506283,7.338558,0.0,4.728684,4.427448,0.0,0.0
15180,-13.438428,10.062906,0.0,24.569366,7.093122,0.003906,4.728684,4.427448,0.0,0.0
15202,-13.348307,9.768382,0.003906,24.62344,5.522326,0.0,4.728684,4.427448,0.0,0.0
15204,-13.258377,9.817469,0.0,24.673677,5.497783,0.003906,4.728684,4.35746,0.0,0.0
15211,-13.176885,10.35743,0.0,24.721422,6.062287,-0.003906,4.728684,4.35746,0.0,0.0
15233,-13.077751,10.995565,0.003906,24.777222,6.528617,0.0,4.728684,4.35746,0.0,0.0
15235,-12.985137,9.596576,0.0,24.829376,5.645045,0.0,4.728684,4.35746,0.0,0.0
15237,-12.887537,10.82376,0.0,24.878847,5.325977,0.003906,4.728684,4.35746,0.0,0.0
15246,-12.790896,10.921934,0.011719,24.922758,4.614211,0.0,4.728684,4.35746,0.0,0.0
15264,-12.697707,9.449314,0.0,24.965134,5.006909,-0.003906,4.728684,4.35746,0.0,0.0
15266,-12.613914,9.645663,0.0,25.011728,5.448695,-0.003906,4.728684,4.35746,0.0,0.0
15273,-12.534339,9.817469,0.007812,25.05909,6.356811,0.0,4.728684,4.35746,0.0,0.0
15297,-12.451695,8.933897,0.003906,25.11623,6.74951,0.003906,4.728684,4.35746,0.0,0.0
15299,-12.372696,8.492111,0.0,25.16762,5.645045,0.003906,4.728684,4.35746,0.0,0.0
15301,-12.301941,7.608539,0.0,25.217857,5.841394,0.003906,4.728684,4.35746,0.0,0.0
15306,-12.23713,8.909353,0.003906,25.264259,5.595957,0.0,4.728684,4.35746,0.0,0.0
15327,-12.169443,6.553161,0.0,25.313156,5.816851,0.003906,4.728684,4.35746,0.0,0.0
15330,-12.121507,4.442405,0.007812,25.360708,5.841394,-0.007812,4.728684,4.35746,0.0,0.0
15347,-12.080089,4.565123,0.0,25.411139,6.135918,0.0,4.728684,4.35746,0.0,0.0
15349,-12.034837,4.663298,-0.007812,25.460033,5.448695,0.003906,4.728684,4.35746,0.0,0.0
15351,-12.000706,3.926988,0.003906,25.499151,4.957822,0.0,4.728684,4.35746,0.0,0.0
15384,-11.968492,3.362483,0.003906,25.544786,5.497783,-0.003906,4.728684,4.35746,0.0,0.0
15386,-11.894478,3.166134,0.0,25.682461,5.399608,0.0,4.728684,4.35746,0.0,0.0
15401,-11.870317,2.135299,0.003906,25.726946,4.736929,0.003906,4.728684,4.35746,0.0,0.0
15402,-11.859196,0.760854,0.007812,25.761652,3.976075,0.007812,4.728684,4.35746,0.0,0.0
15420,-11.859004,-0.73631,0.003906,25.793482,3.460658,0.0,4.728684,4.35746,0.0,0.0
15430,-11.860155,0.098175,0.0,25.821095,2.552542,0.0,4.728684,4.35746,0.0,0.0
15454,-11.860155,-0.392699,-0.007812,25.8953,4.466949,-0.003906,4.728684,4.35746,0.0,0.0
15456,-11.859771,-0.147262,-0.003906,25.938828,4.957822,0.0,4.728684,4.35746,0.0,0.0
15461,-11.859004,0.46633,-0.003906,25.98197,4.663298,0.007812,4.728684,4.35746,0.0,0.0
15482,-11.858812,-0.220893,0.0,26.020319,3.976075,0.0,4.728684,4.35746,0.0,0.0
15485,-11.858621,-0.049087,0.0,26.058861,4.319686,0.0,4.728684,4.35746,0.0,0.0
15487,-11.858812,-0.245437,-0.003906,26.093567,4.786016,-0.003906,4.728684,4.35746,0.0,0.0
15494,-11.858812,-0.343611,-0.003906,26.135176,4.957822,0.0,4.728684,4.35746,0.0,0.0
15514,-11.858812,-0.245437,0.0,26.175827,4.516036,0.0,4.728684,4.35746,0.0,0.0
15516,-11.858812,-0.245437,0.0,26.217628,4.982366,-0.003906,4.728684,4.35746,0.0,0.0
15524,-11.858621,0.0,0.0,26.265181,5.964112,0.0,4.728684,4.35746,0.0,0.0
15548,-11.859004,-0.613592,-0.003906,26.349358,5.129628,0.003906,4.728684,4.35746,0.0,0.0
15550,-11.859387,-0.589048,0.003906,26.390202,4.07425,0.0,4.728684,4.35746,0.0,0.0
15555,-11.860155,-0.220893,0.0,26.424715,3.706095,0.0,4.728684,4.35746,0.0,0.0
15577,-11.862072,-0.294524,0.0,26.455778,3.313396,0.003906,4.728684,4.35746,0.0,0.0
15579,-11.864182,-0.662679,0.0,26.480705,2.67526,0.0,4.728684,4.35746,0.0,0.0
15580,-11.865715,-0.368155,0.0,26.500839,2.233474,0.0,4.728684,4.35746,0.0,0.0
15589,-11.865715,0.0,0.0,26.513494,1.300815,0.003906,4.728684,4.35746,0.0,0.0
15610,-11.865715,-0.368155,0.0,26.515987,-0.098175,0.0,4.728684,4.35746,0.0,0.0
15612,-11.864757,0.0,0.003906,26.514454,-0.343611,0.0,4.728684,4.35746,0.0,0.0
15617,-11.86399,0.147262,-0.007812,26.512344,-0.024544,-0.003906,4.728684,4.35746,0.0,0.0
15639,-11.859004,0.098175,0.0,26.511961,0.343611,0.0,4.728684,4.35746,0.0,0.0
15641,-11.854403,0.441786,0.0,26.510426,0.0,0.0,4.728684,4.35746,0.0,0.0
15643,-11.85306,-0.147262,0.0,26.506016,-0.490873,0.0,4.728684,4.35746,0.0,0.0
15649,-11.853251,0.441786,0.003906,26.500456,-0.122718,0.0,4.728684,4.35746,0.0,0.0
15672,-11.854403,-0.294524,-0.003906,26.49432,-0.613592,0.0,4.728684,4.35746,0.0,0.0
15674,-11.857854,-0.589048,0.003906,26.484924,-1.570795,0.0,4.728684,4.35746,0.0,0.0
15679,-11.863798,-0.908116,-0.003906,26.469967,-2.012581,0.003906,4.728684,4.35746,0.0,0.0
15700,-11.866866,0.098175,-0.003906,26.438904,-3.460658,0.0,4.728684,4.35746,0.0,0.0
15705,-11.86629,-0.368155,0.0,26.400747,-5.865938,0.007812,4.728684,4.35746,0.0,0.0
15718,-11.8684,-0.441786,0.0,26.203247,-14.161699,0.003906,4.728684,4.35746,0.0,0.0
15736,-11.871468,-0.589048,0.0,26.072666,-14.996184,0.0,4.728684,4.35746,0.0,0.0
15738,-11.882398,-1.816232,0.007812,25.938061,-15.462514,-0.007812,4.728684,4.35746,0.0,0.0
15743,-11.907516,-3.043416,0.003906,25.807096,-15.045272,0.0,4.728684,4.14673,0.0,0.0
15763,-11.934937,-3.730638,0.003906,25.679008,-13.646282,0.0,4.728684,4.14673,0.0,0.0
15765,-11.971944,-4.736929,0.003906,25.557632,-12.001856,0.0,4.728684,4.14673,0.0,0.0
15768,-12.027166,-6.626791,0.003906,25.434149,-11.805507,-0.003906,4.728684,4.14673,0.0,0.0
15774,-12.085266,-6.454986,0.007812,25.328688,-11.682788,-0.007812,4.728684,4.14673,0.0,0.0
15796,-12.147392,-8.41848,0.003906,25.228786,-11.191915,0.0,4.728684,4.14673,0.0,0.0
15798,-12.227351,-9.768382,0.003906,25.135021,-10.136537,0.0,4.728684,4.14673,0.0,0.0
15806,-12.306542,-8.909353,-0.007812,25.043751,-9.326595,-0.007812,4.728684,4.14673,0.0,0.0
15827,-12.388994,-9.719295,0.003906,24.955545,-9.498402,0.0,4.728684,4.14673,0.0,0.0
15829,-12.468569,-8.762092,0.007812,24.865616,-9.940187,0.003906,4.728684,4.14673,0.0,0.0
15836,-12.551979,-10.35743,0.0,24.768976,-10.848304,0.0,4.728684,4.14673,0.0,0.0
15839,-12.634431,-8.271217,-0.007812,24.670418,-10.381973,0.003906,4.728684,4.14673,0.0,0.0
15858,-12.712089,-9.228421,0.003906,24.568026,-11.928225,0.003906,4.728684,4.14673,0.0,0.0
15861,-12.793198,-8.516654,0.007812,24.459305,-11.461895,0.0,4.728684,4.14673,0.0,0.0
15867,-12.873923,-9.915644,0.0,24.355568,-10.578323,0.0,4.728684,4.14673,0.0,0.0
15889,-12.957334,-9.105702,0.0,24.260078,-10.431061,0.0,4.728684,4.14673,0.0,0.0
15891,-13.033649,-8.762092,0.007812,24.164013,-9.940187,0.0,4.728684,4.14673,0.0,0.0
15899,-13.122811,-10.62741,-0.003906,24.078493,-9.179334,0.0,4.728684,4.14673,0.0,0.0
15901,-13.20488,-9.645663,-0.003906,23.99259,-9.547489,0.0,4.728684,4.14673,0.0,0.0
15923,-13.291358,-9.351139,0.003906,23.90362,-9.842012,0.0,4.728684,4.14673,0.0,0.0
15924,-13.375918,-10.406517,0.003906,23.814457,-9.572032,0.0,4.728684,4.14673,0.0,0.0
15930,-13.469491,-10.774673,-0.007812,23.73354,-9.203877,0.0,4.728684,4.14673,0.0,0.0
15951,-13.555969,-10.062906,0.0,23.648787,-9.400227,0.0,4.728684,4.14673,0.0,0.0
15954,-13.642447,-10.111993,0.003906,23.565378,-8.443024,-0.007812,4.728684,4.14673,0.0,0.0
15960,-13.728925,-10.283799,0.0,23.490597,-7.461277,-0.003906,4.728684,4.14673,0.0,0.0
15983,-13.829401,-10.013819,-0.011719,23.41869,-6.332268,-0.003906,4.728684,4.14673,0.0,0.0
15984,-13.910127,-8.933897,0.003906,23.35388,-7.01949,0.0,4.728684,4.14673,0.0,0.0
15987,-13.999865,-10.381973,-0.003906,23.292137,-6.234093,-0.007812,4.728684,4.14673,0.0,0.0
15994,-14.084042,-9.743838,-0.003906,23.243433,-4.736929,0.0,4.728684,4.14673,0.0,0.0
16014,-14.171287,-9.032072,0.0,23.200865,-4.319686,0.003906,4.728684,4.14673,0.0,0.0
16016,-14.250479,-9.252965,0.007812,23.158682,-4.368774,0.0,4.728684,4.14673,0.0,0.0
16023,-14.337339,-9.817469,0.0,23.119947,-4.196968,0.0,4.728684,4.14673,0.0,0.0
16047,-14.417107,-8.762092,0.0,23.082941,-4.295143,0.0,4.728684,4.14673,0.0,0.0
16049,-14.495915,-9.007528,0.003906,23.046125,-4.049706,0.0,4.728684,4.14673,0.0,0.0
16051,-14.571655,-8.590285,0.007812,23.00931,-3.804269,0.0,4.728684,4.14673,0.0,0.0
16056,-14.650655,-9.252965,-0.007812,22.979397,-2.699804,0.0,4.728684,4.14673,0.0,0.0
16077,-14.723711,-7.21584,-0.003906,22.960032,-1.718057,0.0,4.728684,4.14673,0.0,0.0
16080,-14.787755,-7.166752,0.0,22.952744,-0.294524,-0.007812,4.728684,4.14673,0.0,0.0
16108,-14.854291,-7.510364,0.003906,22.95562,0.441786,0.0,4.728684,4.14673,0.0,0.0
16118,-15.015551,-6.626791,0.003906,22.959072,0.196349,0.0,4.728684,4.14673,0.0,0.0
16141,-15.141336,-5.448695,-0.003906,22.960606,0.490873,0.0,4.728684,4.14673,0.0,0.0
16143,-15.195601,-6.430442,0.0,22.960606,-0.049087,0.0,4.728684,4.14673,0.0,0.0
16154,-15.24699,-5.325977,-0.011719,22.960798,0.760854,-0.007812,4.728684,4.14673,0.0,0.0
16172,-15.291284,-5.178715,0.0,22.960606,-0.122718,0.003906,4.728684,4.14673,0.0,0.0
16174,-15.338262,-5.301434,0.0,22.960798,0.319068,0.0,4.728684,4.14673,0.0,0.0
16178,-15.388691,-5.325977,0.0,22.960606,0.294524,0.0,4.728684,4.14673,0.0,0.0
16180,-15.434135,-5.055996,0.003906,22.960606,0.26998,-0.007812,4.728684,4.14673,0.0,0.0
16204,-15.486674,-6.381355,0.003906,22.960798,0.613592,0.0,4.728684,4.14673,0.0,0.0
16206,-15.547074,-7.093122,-0.007812,22.960415,0.245437,0.0,4.728684,4.14673,0.0,0.0
16233,-15.59808,-5.301434,0.0,22.959839,-0.26998,-0.007812,4.728684,4.14673,0.0,0.0
16235,-15.671518,-5.54687,0.003906,22.959263,0.122718,0.003906,4.728684,4.14673,0.0,0.0
16237,-15.727125,-5.54687,0.003906,22.958689,0.098175,0.0,4.728684,4.14673,0.0,0.0
16243,-15.769885,-5.375064,0.0,22.958496,0.073631,-0.007812,4.728684,4.14673,0.0,0.0
16264,-15.820314,-6.700423,0.003906,22.958496,0.024544,0.0,4.728684,4.14673,0.0,0.0
16266,-15.877839,-7.01949,-0.007812,22.958689,-0.220893,0.0,4.728684,4.14673,0.0,0.0
16272,-15.931528,-5.522326,0.0,22.959263,0.392699,0.0,4.728684,4.14673,0.0,0.0
16297,-15.970261,-4.319686,0.0,22.960032,0.122718,0.003906,4.728684,4.14673,0.0,0.0
16299,-16.005926,-5.031453,0.003906,22.960798,0.343611,0.0,4.728684,4.14673,0.0,0.0
16301,-16.048111,-4.835104,0.003906,22.960606,-0.122718,0.0,4.728684,4.14673,0.0,0.0
16307,-16.090296,-4.491492,-0.007812,22.960989,0.539961,0.0,4.728684,4.14673,0.0,0.0
16326,-16.116564,-1.963494,-0.011719,22.960798,0.294524,0.0,4.728684,4.14673,0.0,0.0
16328,-16.126152,-0.613592,-0.003906,22.960606,-0.220893,0.0,4.728684,4.14673,0.0,0.0
16338,-16.126343,-0.024544,-0.003906,22.959455,0.049087,0.0,4.728684,4.14673,0.0,0.0
16357,-16.122892,0.26998,0.0,22.959072,-0.122718,0.0,4.728684,4.14673,0.0,0.0
16359,-16.119249,0.539961,0.0,22.958689,0.196349,0.0,4.728684,4.14673,0.0,0.0
16361,-16.11158,1.227184,0.0,22.958496,0.564505,-0.007812,4.728684,4.14673,0.0,0.0
16368,-16.096239,1.791688,0.0,22.958496,0.147262,0.0,4.728684,4.14673,0.0,0.0
16389,-16.079748,2.331649,0.003906,22.958689,0.245437,0.0,4.728684,4.14673,0.0,0.0
16391,-16.054247,3.951531,-0.007812,22.959455,0.171806,0.0,4.728684,4.14673,0.0,0.0
16421,-16.006119,6.332268,-0.011719,22.960222,0.245437,0.0,4.728684,4.14673,0.0,0.0
16423,-15.847351,9.866556,0.0,22.960606,0.196349,0.0,4.728684,4.14673,0.0,0.0
16425,-15.767776,9.743838,0.0,22.961182,0.319068,0.0,4.728684,4.14673,0.0,0.0
16430,-15.674395,10.038363,-0.003906,22.960989,-0.122718,0.0,4.728684,4.14673,0.0,0.0
16452,-15.582932,11.044653,0.0,22.961756,0.049087,0.0,4.728684,4.14673,0.0,0.0
16454,-15.485907,10.431061,0.007812,22.964249,0.785398,0.0,4.728684,4.14673,0.0,0.0
16471,-15.401155,8.614829,0.0,22.97422,1.644426,0.0,4.728684,4.14673,0.0,0.0
16472,-15.319662,8.713004,0.0,22.993778,2.699804,0.0,4.728684,4.14673,0.0,0.0
16474,-15.256001,7.363102,0.003906,23.017746,3.509745,0.0,4.728684,4.14673,0.0,0.0
16497,-15.182179,8.074868,0.003906,23.045742,3.215221,0.0,4.728684,4.14673,0.0,0.0
16500,-15.118519,6.577704,0.003906,23.076422,3.632463,0.0,4.728684,4.14673,0.0,0.0
16514,-15.06272,6.994947,-0.003906,23.112854,4.270599,-0.003906,4.728684,4.14673,0.0,0.0
16517,-14.9935,7.633082,-0.003906,23.158873,5.865938,-0.003906,4.728684,4.14673,0.0,0.0
16534,-14.927922,7.731257,0.0,23.211987,6.062287,0.0,4.728684,4.14673,0.0,0.0
16537,-14.866371,8.025781,0.0,23.262991,7.363102,0.0,4.728684,4.14673,0.0,0.0
16539,-14.793698,7.314014,-0.003906,23.325884,7.534907,0.0,4.728684,4.14673,0.0,0.0
16556,-14.725821,7.731257,-0.007812,23.391272,7.289471,0.0,4.728684,4.14673,0.0,0.0
16558,-14.646053,8.958441,0.0,23.453205,7.01949,-0.003906,4.728684,4.14673,0.0,0.0
16576,-14.570697,7.559451,0.011719,23.518015,7.706713,0.0,4.728684,4.14673,0.0,0.0
16577,-14.508187,7.559451,-0.003906,23.579184,8.344849,0.0,4.728684,4.14673,0.0,0.0
16580,-14.438966,7.559451,0.0,23.649746,8.492111,0.003906,4.728684,4.14673,0.0,0.0
16588,-14.370895,7.436733,-0.007812,23.718391,7.117665,0.0,4.728684,4.14673,0.0,0.0
16609,-14.291321,8.590285,0.003906,23.781094,7.436733,-0.003906,4.728684,4.14673,0.0,0.0
16610,-14.223825,6.798597,0.003906,23.848972,8.099412,-0.003906,4.728684,4.14673,0.0,0.0
16617,-14.156713,7.804888,-0.011719,23.919727,7.534907,0.003906,4.728684,4.14673,0.0,0.0
16639,-14.093629,7.755801,0.0,23.979744,7.583995,-0.003906,4.728684,4.14673,0.0,0.0
16641,-14.024025,7.731257,0.0,24.046087,7.755801,0.0,4.728684,4.14673,0.0,0.0
16644,-13.950969,8.099412,0.007812,24.106297,7.044034,-0.003906,4.728684,4.14673,0.0,0.0
16651,-13.888843,6.332268,0.0,24.168806,7.461277,0.0,4.728684,4.14673,0.0,0.0
16672,-13.823648,8.001237,-0.007812,24.234768,6.921316,0.0,4.728684,4.14673,0.0,0.0
16674,-13.747333,8.025781,0.007812,24.294209,6.258636,0.003906,4.728684,4.14673,0.0,0.0
16681,-13.68329,8.148499,0.003906,24.340803,6.037744,-0.003906,4.728684,4.14673,0.0,0.0
16699,-13.610425,8.148499,0.0,24.395643,6.062287,0.0,4.728684,4.14673,0.0,0.0
16701,-13.543122,7.117665,-0.007812,24.452017,6.356811,0.0,4.728684,4.14673,0.0,0.0
16704,-13.469874,9.007528,0.0,24.508583,6.651335,-0.003906,4.728684,4.14673,0.0,0.0
16714,-13.388382,8.197587,0.007812,24.56419,6.209549,0.0,4.728684,4.14673,0.0,0.0
16732,-13.329899,7.142209,0.003906,24.606949,5.325977,-0.003906,4.728684,4.14673,0.0,0.0
16734,-13.259144,7.608539,0.0,24.651051,5.178715,0.0,4.728684,4.14673,0.0,0.0
16743,-13.192225,8.025781,0.0,24.702057,6.454986,-0.007812,4.728684,4.14673,0.0,0.0
16765,-13.121278,8.173043,0.0,24.76169,6.823141,0.0,4.728684,4.14673,0.0,0.0
16767,-13.047455,7.264927,0.0,24.82324,7.117665,0.0,4.728684,4.14673,0.0,0.0
16769,-12.991656,6.896772,-0.003906,24.876163,6.258636,0.0,4.728684,4.14673,0.0,0.0
16776,-12.923203,7.657626,-0.007812,24.931387,6.258636,-0.003906,4.728684,4.14673,0.0,0.0
16796,-12.853982,7.093122,0.007812,24.984692,6.430442,-0.003906,4.728684,4.14673,0.0,0.0
16798,-12.791856,6.724967,0.003906,25.046051,7.436733,0.0,4.728684,4.14673,0.0,0.0
16806,-12.732413,6.111374,0.003906,25.113163,7.142209,0.0,4.728684,4.14673,0.0,0.0
16809,-12.68697,4.786016,0.0,25.174906,6.847685,0.0,4.728684,4.14673,0.0,0.0
16827,-12.651113,4.123337,-0.007812,25.227253,7.01949,0.003906,4.728684,4.14673,0.0,0.0
16829,-12.608161,5.105084,0.0,25.285736,6.945859,0.0,4.728684,4.14673,0.0,0.0
16838,-12.558883,5.350521,0.007812,25.343836,6.970403,0.0,4.728684,4.14673,0.0,0.0
16857,-12.518231,3.706095,0.011719,25.407686,7.903063,0.0,4.728684,4.14673,0.0,0.0
16860,-12.492346,1.595339,0.003906,25.472115,7.314014,0.003906,4.728684,4.14673,0.0,0.0
16871,-12.481417,0.564505,0.019531,25.526379,6.74951,0.003906,4.728684,4.14673,0.0,0.0
16895,-12.485251,-0.687223,0.003906,25.59234,7.755801,-0.003906,4.728684,4.14673,0.0,0.0
16920,-12.484101,0.147262,0.003906,25.789839,7.878519,0.0,4.728684,4.14673,0.0,0.0
16922,-12.483909,-0.196349,-0.003906,25.963179,8.737548,0.0,4.728684,4.14673,0.0,0.0
16931,-12.483334,0.343611,0.0,26.040262,8.025781,0.003906,4.728684,4.14673,0.0,0.0
16949,-12.48295,-0.098175,-0.003906,26.115618,8.443024,0.0,4.728684,4.14673,0.0,0.0
16951,-12.481608,0.024544,0.0,26.183306,6.798597,0.0,4.728684,4.14673,0.0,0.0
16953,-12.480649,-0.098175,0.003906,26.23872,6.994947,0.0,4.728684,4.14673,0.0,0.0
16965,-12.479499,0.049087,0.0,26.301039,7.461277,0.0,4.728684,4.14673,0.0,0.0
16982,-12.477581,0.122718,0.0,26.35722,6.037744,0.003906,4.728684,4.14673,0.0,0.0
16984,-12.472021,0.662679,-0.003906,26.401705,5.129628,0.0,4.728684,4.14673,0.0,0.0
16993,-12.459558,1.66897,-0.003906,26.439096,4.172424,0.0,4.728684,4.14673,0.0,0.0
17015,-12.441725,2.822522,-0.007812,26.469009,3.436114,0.0,4.728684,4.14673,0.0,0.0
17016,-12.381708,3.951531,0.0,26.52059,2.67526,0.0,4.728684,4.14673,0.0,0.0
17025,-12.35352,3.018872,0.0,26.540339,2.331649,0.0,4.728684,4.14673,0.0,0.0
17045,-12.321691,3.853357,-0.003906,26.562389,2.233474,0.0,4.728684,4.14673,0.0,0.0
17047,-12.287751,3.926988,0.0,26.582716,2.331649,0.0,4.728684,4.14673,0.0,0.0
17050,-12.249594,4.540579,0.0,26.600931,2.159843,0.0,4.728684,4.14673,0.0,0.0
17058,-12.209135,3.902444,0.011719,26.621639,2.110756,0.0,4.728684,4.14673,0.0,0.0
17080,-12.186317,2.258018,0.011719,26.63928,2.086212,0.0,4.728684,4.14673,0.0,0.0
17082,-12.181523,-0.638135,0.011719,26.654238,1.66897,0.003906,4.728684,4.14673,0.0,0.0
17091,-12.193028,-1.791688,0.0,26.662098,0.490873,0.003906,4.728684,4.14673,0.0,0.0
17106,-12.203191,-1.153553,0.0,26.662481,0.0,0.0,4.728684,4.14673,0.0,0.0
17108,-12.211245,-0.417242,-0.003906,26.659222,-0.098175,0.0,4.728684,4.14673,0.0,0.0
17111,-12.214121,-0.343611,0.0,26.657497,0.171806,0.0,4.728684,4.14673,0.0,0.0
17120,-12.211628,0.0,0.0,26.657497,-0.122718,0.003906,4.728684,4.14673,0.0,0.0
17150,-12.21182,-0.196349,0.003906,26.655962,-0.171806,0.0,4.728684,4.14673,0.0,0.0
17152,-12.212011,-0.024544,0.0,26.655005,0.343611,0.0,4.728684,4.14673,0.0,0.0
17154,-12.212203,-0.343611,0.0,26.652512,-0.245437,-0.003906,4.728684,4.14673,0.0,0.0
17169,-12.212395,-0.171806,0.003906,26.648869,-0.220893,0.0,4.728684,4.14673,0.0,0.0
17171,-12.212586,-0.245437,0.0,26.64465,-0.687223,0.0,4.728684,4.14673,0.0,0.0
17173,-12.212586,-0.343611,0.0,26.632954,-1.742601,0.003906,4.728684,4.14673,0.0,0.0
17182,-12.212586,-0.220893,0.003906,26.610134,-2.527998,-0.003906,4.728684,4.14673,0.0,0.0
17200,-12.213737,-0.539961,0.003906,26.58214,-3.706095,0.0,4.728684,4.14673,0.0,0.0
17213,-12.214313,0.0,0.0,26.529026,-7.780344,0.007812,4.728684,4.14673,0.0,0.0
17231,-12.2239,-1.767144,0.003906,26.328842,-12.909972,0.003906,4.728684,4.14673,0.0,0.0
17233,-12.247101,-3.313396,0.0,26.206697,-13.155409,0.0,4.728684,4.14673,0.0,0.0
17235,-12.275863,-3.681551,0.0,26.088581,-12.370011,0.003906,4.728684,4.14673,0.0,0.0
17245,-12.313253,-4.908734,0.003906,25.970657,-12.934516,-0.011719,4.728684,4.14673,0.0,0.0
17264,-12.365792,-6.970403,0.007812,25.856377,-12.0264,0.003906,4.728684,4.14673,0.0,0.0
17266,-12.429836,-7.412189,0.007812,25.744396,-12.29638,0.0,4.728684,4.14673,0.0,0.0
17275,-12.501933,-8.271217,0.007812,25.636059,-11.412807,-0.007812,4.728684,4.14673,0.0,0.0
17295,-12.586878,-9.8911,0.0,25.537308,-10.283799,0.0,4.728684,4.14673,0.0,0.0
17297,-12.664919,-8.639373,0.0,25.449488,-9.670207,0.0,4.728684,4.14673,0.0,0.0
17300,-12.746795,-9.621119,0.007812,25.365501,-9.056615,-0.011719,4.728684,4.14673,0.0,0.0
17309,-12.830397,-9.302052,0.0,25.28401,-9.032072,0.003906,4.728684,4.14673,0.0,0.0
17326,-12.916875,-9.670207,-0.007812,25.198874,-9.400227,0.003906,4.728684,4.14673,0.0,0.0
17328,-12.999518,-9.007528,0.003906,25.110861,-10.185624,0.0,4.728684,4.14673,0.0,0.0
17337,-13.084462,-10.062906,0.003906,25.022274,-9.842012,0.0,4.728684,4.14673,0.0,0.0
17357,-13.175159,-10.038363,-0.007812,24.937138,-9.302052,0.003906,4.728684,4.14673,0.0,0.0
17359,-13.267006,-10.55378,0.007812,24.848934,-9.596576,0.0,4.728684,4.14673,0.0,0.0
17362,-13.357702,-10.35743,0.003906,24.759771,-9.719295,0.0,4.728684,4.14673,0.0,0.0
17370,-13.45511,-11.707332,-0.003906,24.675978,-8.295761,0.0,4.728684,4.14673,0.0,0.0
17388,-13.55175,-10.82376,-0.003906,24.598129,-8.663917,0.0,4.728684,4.14673,0.0,0.0
17391,-13.660664,-10.750129,0.003906,24.50705,-9.130246,0.0,4.728684,4.14673,0.0,0.0
17402,-13.759796,-11.658244,0.0,24.428432,-8.393936,0.0,4.728684,4.14673,0.0,0.0
17420,-13.860847,-10.701041,0.0,24.355568,-7.412189,0.0,4.728684,4.14673,0.0,0.0
17421,-13.957871,-11.731875,0.007812,24.291525,-6.577704,0.003906,4.728684,4.14673,0.0,0.0
17430,-14.056813,-10.283799,-0.007812,24.223646,-8.025781,0.0,4.728684,4.14673,0.0,0.0
17433,-14.154988,-10.946478,0.0,24.152891,-7.780344,0.0,4.728684,4.14673,0.0,0.0
17453,-14.244918,-10.062906,0.003906,24.089039,-6.823141,0.0,4.728684,4.14673,0.0,0.0
17455,-14.340983,-10.872847,-0.007812,24.024036,-7.657626,0.003906,4.728684,4.14673,0.0,0.0
17464,-14.429954,-10.013819,0.0,23.956734,-7.387646,0.0,4.728684,4.14673,0.0,0.0
17483,-14.516432,-9.670207,0.003906,23.888281,-7.534907,0.0,4.728684,4.14673,0.0,0.0
17486,-14.597157,-9.621119,0.0,23.823469,-6.74951,-0.003906,4.728684,4.14673,0.0,0.0
17492,-14.679418,-8.762092,-0.003906,23.769396,-5.424152,0.0,4.728684,4.14673,0.0,0.0
17494,-14.747296,-7.314014,-0.007812,23.714558,-6.430442,0.003906,4.728684,4.14673,0.0,0.0
17514,-14.80923,-7.093122,0.003906,23.655308,-6.528617,0.0,4.728684,4.14673,0.0,0.0
17517,-14.868864,-6.258636,-0.003906,23.597399,-6.160462,-0.003906,4.728684,4.14673,0.0,0.0
17526,-14.914116,-4.663298,-0.003906,23.542751,-6.209549,0.0,4.728684,4.14673,0.0,0.0
17544,-14.956492,-4.687841,-0.003906,23.49654,-4.34423,-0.003906,4.728684,4.14673,0.0,0.0
17546,-14.995417,-4.466949,-0.003906,23.459724,-3.313396,0.0,4.728684,4.14673,0.0,0.0
17561,-15.027247,-3.190677,-0.007812,23.428278,-3.632463,-0.007812,4.728684,4.14673,0.0,0.0
17599,-15.048915,-2.577086,0.0,23.397408,-3.239765,0.0,4.728684,4.14673,0.0,0.0
17601,-15.068856,-2.429824,0.003906,23.365002,-3.779726,0.003906,4.728684,4.14673,0.0,0.0
17603,-15.100494,-4.442405,0.007812,23.331446,-3.681551,0.0,4.728684,4.14673,0.0,0.0
17605,-15.151883,-6.823141,0.011719,23.301533,-2.920697,-0.003906,4.728684,4.14673,0.0,0.0
17607,-15.21957,-7.853975,-0.003906,23.277565,-2.699804,-0.007812,4.728684,4.14673,0.0,0.0
17619,-15.282271,-7.314014,-0.007812,23.256855,-2.184387,0.0,4.728684,4.14673,0.0,0.0
17621,-15.342863,-7.01949,0.0,23.24209,-0.981747,0.0,4.728684,4.14673,0.0,0.0
17637,-15.400579,-6.0132,0.0,23.233463,-0.220893,-0.003906,4.728684,4.14673,0.0,0.0
17649,-15.450817,-6.430442,0.003906,23.232695,0.319068,0.0,4.728684,4.14673,0.0,0.0
17673,-15.600956,-4.687841,-0.011719,23.233847,-0.122718,0.0,4.728684,4.14673,0.0,0.0
17684,-15.693761,-4.712385,0.003906,23.233463,-0.073631,0.0,4.728684,4.14673,0.0,0.0
17712,-15.73422,-4.761473,0.0,23.233654,0.122718,0.0,4.728684,4.14673,0.0,0.0
17713,-15.771995,-4.417861,0.0,23.233847,0.392699,-0.003906,4.728684,4.14673,0.0,0.0
17716,-15.811877,-5.27689,0.0,23.233654,0.220893,0.0,4.728684,4.14673,0.0,0.0
17718,-15.859815,-6.234093,0.0,23.233847,0.245437,0.0,4.728684,4.14673,0.0,0.0
17735,-15.905643,-4.81056,0.0,23.234037,0.0,0.003906,4.728684,4.14673,0.0,0.0
17736,-15.937856,-2.67526,-0.007812,23.234997,0.245437,-0.003906,4.728684,4.14673,0.0,0.0
17755,-15.962399,-3.018872,0.003906,23.235571,0.098175,0.0,4.728684,4.14673,0.0,0.0
17763,-15.995955,-4.614211,0.003906,23.236723,0.417242,0.0,4.728684,4.14673,0.0,0.0
17767,-16.035646,-5.350521,0.007812,23.236723,-0.049087,0.0,4.728684,4.14673,0.0,0.0
17774,-16.127302,-5.448695,-0.003906,23.237297,0.441786,0.0,4.728684,4.14673,0.0,0.0
17796,-16.169104,-4.859647,0.0,23.238831,0.147262,0.0,4.728684,4.14673,0.0,0.0
17798,-16.207453,-4.000618,0.0,23.242476,0.760854,0.0,4.728684,4.14673,0.0,0.0
17807,-16.236982,-3.485202,0.0,23.249378,1.423533,0.0,4.728684,4.14673,0.0,0.0
17825,-16.2598,-2.135299,-0.007812,23.267593,2.601629,0.0,4.728684,4.14673,0.0,0.0
17827,-16.26536,-0.024544,-0.003906,23.294054,3.632463,0.0,4.728684,4.14673,0.0,0.0
17828,-16.262867,0.319068,0.007812,23.32972,4.270599,0.0,4.728684,4.14673,0.0,0.0
17838,-16.262676,-0.196349,-0.003906,23.372478,5.08054,0.0,4.728684,4.14673,0.0,0.0
17857,-16.26306,-0.294524,0.0,23.420799,6.037744,-0.007812,4.728684,4.14673,0.0,0.0
17859,-16.262867,-0.049087,0.0,23.482351,8.123956,-0.007812,4.728684,4.14673,0.0,0.0
17869,-16.26306,0.0,0.0,23.559433,8.933897,0.0,4.728684,4.14673,0.0,0.0
17887,-16.262867,-0.245437,0.0,23.639008,11.020109,0.0,4.728684,4.14673,0.0,0.0
17889,-16.263443,-0.613592,0.0,23.729897,9.596576,0.003906,4.728684,4.14673,0.0,0.0
17891,-16.257883,-0.220893,-0.003906,23.809855,9.302052,-0.003906,4.728684,4.14673,0.0,0.0
17912,-16.254238,0.147262,0.0,23.894224,10.062906,0.003906,4.728684,4.14673,0.0,0.0
17914,-16.253088,0.147262,0.0,23.983961,10.087449,0.0,4.728684,4.14673,0.0,0.0
17931,-16.251747,0.147262,0.0,24.071014,9.15479,0.0,4.728684,4.14673,0.0,0.0
17933,-16.249445,0.441786,0.0,24.147715,8.148499,0.0,4.728684,4.14673,0.0,0.0
17935,-16.240625,1.47262,-0.007812,24.223646,8.246674,0.003906,4.728684,4.14673,0.0,0.0
17963,-16.214548,3.632463,-0.019531,24.282129,6.577704,0.003906,4.728684,4.14673,0.0,0.0
17966,-16.16757,6.135918,-0.007812,24.334093,5.743219,-0.003906,4.728684,4.14673,0.0,0.0
17983,-16.028553,7.829432,0.0,24.436102,5.865938,0.0,4.728684,4.14673,0.0,0.0
17985,-15.952237,8.369392,-0.007812,24.489216,5.939569,0.0,4.728684,4.14673,0.0,0.0
17992,-15.85828,10.995565,-0.007812,24.538113,5.227802,0.003906,4.728684,4.14673,0.0,0.0
17994,-15.759914,10.651954,0.003906,24.573969,3.190677,0.0,4.728684,4.14673,0.0,0.0
18015,-15.667684,11.363721,0.0,24.59161,1.398989,0.0,4.728684,4.14673,0.0,0.0
18020,-15.567783,11.780963,-0.003906,24.592569,-0.294524,0.0,4.728684,4.14673,0.0,0.0
18024,-15.461364,11.780963,0.003906,24.585281,-0.883572,0.0,4.728684,4.14673,0.0,0.0
18048,-15.358395,11.682788,-0.003906,24.584898,0.46633,0.003906,4.728684,4.14673,0.0,0.0
18049,-15.252742,11.486439,0.0,24.586817,-0.26998,0.0,4.728684,4.14673,0.0,0.0
18055,-15.137693,12.320924,0.0,24.586817,0.26998,-0.003906,4.728684,4.14673,0.0,0.0
18057,-15.030124,12.149118,-0.011719,24.586624,-0.171806,0.0,4.728684,4.14673,0.0,0.0
18076,-14.92217,12.149118,0.0,24.586817,0.245437,-0.003906,4.728684,4.14673,0.0,0.0
18077,-14.817284,11.707332,0.003906,24.586624,0.024544,0.0,4.657737,4.14673,0.0,0.0
18087,-14.72141,10.283799,-0.007812,24.586624,0.049087,0.0,4.657737,4.14673,0.0,0.0
18107,-14.62151,10.725585,0.003906,24.586241,-0.343611,0.003906,4.657737,4.14673,0.0,0.0
18109,-14.529087,10.038363,0.003906,24.585281,0.26998,0.0,4.657737,4.14673,0.0,0.0
18119,-14.438582,9.940187,0.0,24.586048,0.196349,0.0,4.657737,4.14673,0.0,0.0
18120,-14.361691,10.185624,-0.003906,24.585857,0.171806,0.0,4.657737,4.14673,0.0,0.0
18138,-14.26716,10.259255,0.007812,24.586624,0.441786,0.0,4.657737,4.14673,0.0,0.0
18140,-14.182024,9.449314,-0.003906,24.586817,0.0,-0.003906,4.657737,4.14673,0.0,0.0
18149,-14.095547,9.449314,0.0,24.587008,0.613592,0.003906,4.657737,4.14673,0.0,0.0
18171,-14.010602,10.259255,0.003906,24.586433,0.196349,-0.003906,4.657737,4.14673,0.0,0.0
18172,-13.923549,9.326595,0.003906,24.586433,0.245437,-0.003906,4.657737,4.14673,0.0,0.0
18180,-13.846658,8.41848,0.0,24.586241,-0.049087,0.003906,4.657737,4.14673,0.0,0.0
18182,-13.772452,9.105702,0.0,24.586624,0.539961,0.003906,4.657737,4.14673,0.0,0.0
18200,-13.693452,8.123956,0.003906,24.586433,0.024544,0.0,4.657737,4.14673,0.0,0.0
18202,-13.617329,8.860266,0.0,24.586817,0.196349,0.0,4.657737,4.14673,0.0,0.0
18211,-13.546957,7.853975,0.0,24.5872,0.368155,0.003906,4.657737,4.14673,0.0,0.0
18231,-13.473326,9.130246,-0.007812,24.587774,-0.147262,0.003906,4.657737,4.14673,0.0,0.0
18232,-13.390491,8.811178,0.007812,24.589884,0.589048,0.0,4.657737,4.14673,0.0,0.0
18234,-13.323955,7.878519,0.0,24.593336,0.73631,0.003906,4.657737,4.14673,0.0,0.0
18244,-13.242462,8.762092,-0.007812,24.601389,1.47262,-0.003906,4.657737,4.14673,0.0,0.0
18276,-13.15886,9.277509,0.0,24.614428,1.570795,0.0,4.657737,4.14673,0.0,0.0
18278,-13.067972,9.473858,0.003906,24.632069,2.797979,-0.003906,4.657737,4.14673,0.0,0.0
18279,-12.984754,8.786634,0.0,24.658529,3.583376,-0.003906,4.657737,4.14673,0.0,0.0
18295,-12.907288,10.087449,-0.007812,24.688633,4.982366,-0.003906,4.657737,4.14673,0.0,0.0
18297,-12.821001,9.940187,0.003906,24.729668,5.178715,0.0,4.657737,4.14673,0.0,0.0
18298,-12.734715,9.498402,0.0,24.776072,5.178715,0.0,4.657737,4.14673,0.0,0.0
18312,-12.6584,7.657626,0.0,24.821514,5.27689,0.0,4.657737,4.14673,0.0,0.0
18326,-12.582467,9.375683,-0.007812,24.861782,4.123337,0.003906,4.657737,4.14673,0.0,0.0
18328,-12.50596,7.878519,0.011719,24.893229,2.969784,0.003906,4.657737,4.14673,0.0,0.0
18347,-12.446518,7.117665,0.0,24.914513,2.454367,0.003906,4.657737,4.14673,0.0,0.0
18349,-12.377106,7.412189,0.0,24.938097,2.748891,0.0,4.657737,4.14673,0.0,0.0
18351,-12.310185,7.510364,0.0,24.965517,3.632463,-0.003906,4.657737,4.14673,0.0,0.0
18369,-12.235404,9.056615,0.0,25.002716,5.105084,-0.003906,4.657737,4.14673,0.0,0.0
18370,-12.160239,7.363102,0.0,25.052763,6.062287,0.0,4.657737,4.14673,0.0,0.0
18388,-12.101564,7.363102,-0.003906,25.103767,6.504073,0.0,4.657737,4.14673,0.0,0.0
18390,-12.030426,7.853975,-0.007812,25.154964,5.203259,0.0,4.657737,4.14673,0.0,0.0
18411,-11.963123,7.142209,0.0,25.199066,4.835104,0.0,4.657737,4.14673,0.0,0.0
18413,-11.899463,7.142209,0.003906,25.241249,4.835104,0.003906,4.657737,4.14673,0.0,0.0
18414,-11.838871,5.669589,0.007812,25.278065,3.976075,0.003906,4.657737,4.14673,0.0,0.0
18432,-11.802439,3.755182,0.003906,25.306637,3.485202,0.0,4.657737,4.14673,0.0,0.0
18434,-11.772142,2.896153,0.0,25.335014,3.288852,0.0,4.657737,4.14673,0.0,0.0
18450,-11.743956,3.215221,-0.007812,25.365887,3.33794,-0.007812,4.657737,4.14673,0.0,0.0
18451,-11.707907,4.049706,0.0,25.398291,3.681551,0.0,4.657737,4.14673,0.0,0.0
18482,-11.674735,3.043416,0.003906,25.42993,3.853357,0.003906,4.657737,4.14673,0.0,0.0
18493,-11.641562,0.171806,0.003906,25.486687,1.988037,0.003906,4.657737,4.14673,0.0,0.0
18514,-11.638686,0.122718,0.0,25.541527,3.411571,0.003906,4.657737,4.14673,0.0,0.0
18515,-11.637344,0.171806,0.003906,25.572397,3.804269,0.0,4.657737,4.14673,0.0,0.0
18525,-11.637153,0.196349,0.003906,25.608446,4.638754,-0.003906,4.657737,4.14673,0.0,0.0
18545,-11.637344,-0.024544,0.0,25.646795,4.516036,0.0,4.657737,4.14673,0.0,0.0
18546,-11.637536,-0.196349,0.0,25.681501,4.491492,0.0,4.657737,4.14673,0.0,0.0
18547,-11.638111,-0.220893,0.0,25.721577,4.957822,-0.003906,4.657737,4.14673,0.0,0.0
18557,-11.63907,-0.638135,0.0,25.760885,4.270599,0.003906,4.657737,4.14673,0.0,0.0
18587,-11.639261,-0.171806,0.0,25.796934,4.000618,0.0,4.657737,4.14673,0.0,0.0
18589,-11.639837,-0.073631,0.0,25.82934,3.313396,0.0,4.657737,4.14673,0.0,0.0
18592,-11.640796,-0.220893,-0.003906,25.858484,3.190677,-0.003906,4.657737,4.14673,0.0,0.0
18609,-11.641179,0.049087,-0.003906,25.9139,4.491492,-0.003906,4.657737,4.14673,0.0,0.0
18611,-11.641179,0.0,0.0,25.952826,4.565123,0.003906,4.657737,4.14673,0.0,0.0
18617,-11.641179,-0.171806,0.0,25.993668,4.614211,-0.003906,4.657737,4.14673,0.0,0.0
18637,-11.640987,0.294524,0.0,26.0347,4.957822,0.0,4.657737,4.14673,0.0,0.0
18638,-11.641179,-0.26998,0.0,26.077078,5.178715,-0.003906,4.657737,4.14673,0.0,0.0
18641,-11.641179,-0.073631,0.0,26.118303,4.565123,0.007812,4.657737,4.14673,0.0,0.0
18651,-11.641371,-0.368155,-0.003906,26.151667,4.516036,-0.003906,4.657737,4.14673,0.0,0.0
18670,-11.641179,-0.147262,0.0,26.184263,3.853357,0.0,4.657737,4.14673,0.0,0.0
18671,-11.641179,-0.147262,0.0,26.217245,4.221512,0.0,4.657737,4.14673,0.0,0.0
18683,-11.641179,-0.073631,0.0,26.255211,4.786016,0.0,4.657737,4.14673,0.0,0.0
18701,-11.641179,-0.024544,-0.003906,26.294136,4.393317,0.003906,4.657737,4.14673,0.0,0.0
18702,-11.641179,0.0,0.0,26.32769,3.411571,0.003906,4.657737,4.14673,0.0,0.0
18705,-11.641562,-0.638135,0.0,26.34955,2.037125,0.003906,4.657737,4.14673,0.0,0.0
18713,-11.641562,-0.220893,0.0,26.359329,0.638135,0.003906,4.657737,4.14673,0.0,0.0
18731,-11.641754,-0.073631,0.0,26.361629,0.93266,0.003906,4.657737,4.14673,0.0,0.0
18733,-11.641562,0.073631,0.0,26.361055,-0.122718,0.003906,4.657737,4.14673,0.0,0.0
18743,-11.641371,-0.024544,0.0,26.360096,0.122718,0.0,4.657737,4.14673,0.0,0.0
18763,-11.640796,0.343611,0.0,26.358562,0.049087,-0.003906,4.657737,4.14673,0.0,0.0
18764,-11.641179,-0.294524,0.0,26.356453,-0.049087,0.0,4.657737,4.14673,0.0,0.0
18766,-11.641179,-0.245437,0.0,26.354536,0.024544,0.0,4.657737,4.14673,0.0,0.0
18776,-11.641179,-0.024544,0.0,26.352427,-0.490873,0.0,4.657737,4.14673,0.0,0.0
18793,-11.641371,-0.26998,0.0,26.350893,-0.024544,-0.003906,4.657737,4.14673,0.0,0.0
18795,-11.641371,-0.024544,0.0,26.34955,0.0,0.0,4.657737,4.14673,0.0,0.0
18809,-11.641562,-0.368155,0.0,26.347633,-0.245437,0.0,4.657737,4.14673,0.0,0.0
18835,-11.645397,-0.981747,0.003906,26.346098,0.073631,0.0,4.657737,4.14673,0.0,0.0
18837,-11.659204,-2.110756,0.0,26.339771,-1.178096,0.003906,4.657737,4.14673,0.0,0.0
18840,-11.679145,-2.650717,0.0,26.307941,-5.227802,0.007812,4.657737,4.14673,0.0,0.0
18858,-11.734177,-3.362483,0.0,26.179087,-7.878519,0.003906,4.657737,4.14673,0.0,0.0
18859,-11.771567,-5.27689,0.007812,26.103346,-8.639373,0.003906,4.657737,4.14673,0.0,0.0
18867,-11.827174,-7.068578,0.007812,26.019936,-9.547489,0.0,4.657737,4.14673,0.0,0.0
18897,-11.900229,-8.663917,0.003906,25.933075,-9.400227,0.0,4.657737,4.14673,0.0,0.0
18901,-11.97923,-9.522945,0.0,25.849281,-8.933897,0.0,4.657737,4.14673,0.0,0.0
18904,-12.068201,-9.940187,0.003906,25.763571,-9.473858,0.0,4.657737,4.14673,0.0,0.0
18908,-12.154678,-9.842012,0.011719,25.675749,-9.498402,-0.007812,4.657737,4.14673,0.0,0.0
18925,-12.252087,-10.848304,-0.007812,25.588696,-9.15479,0.0,4.657737,4.14673,0.0,0.0
18928,-12.345084,-10.259255,0.0,25.507587,-8.933897,0.007812,4.657737,4.14673,0.0,0.0
18932,-12.439999,-10.725585,0.0,25.422451,-10.013819,0.0,4.657737,4.14673,0.0,0.0
18949,-12.532038,-11.118284,0.0,25.332521,-9.817469,0.0,4.657737,4.14673,0.0,0.0
18952,-12.626185,-9.522945,-0.007812,25.241634,-9.866556,0.007812,4.657737,4.14673,0.0,0.0
18956,-12.712472,-9.8911,0.011719,25.150936,-9.694751,0.0,4.657737,4.14673,0.0,0.0
18963,-12.797992,-9.130246,0.0,25.059473,-10.185624,-0.007812,4.657737,4.14673,0.0,0.0
18983,-12.881977,-9.42477,0.0,24.971077,-9.400227,0.003906,4.657737,4.14673,0.0,0.0
18986,-12.964428,-8.860266,-0.003906,24.88345,-9.572032,0.0,4.657737,4.14673,0.0,0.0
18993,-13.034608,-8.737548,0.003906,24.792561,-10.038363,-0.007812,4.657737,4.14673,0.0,0.0
19013,-13.112266,-9.228421,-0.003906,24.702824,-9.42477,-0.003906,4.657737,4.14673,0.0,0.0
19015,-13.18628,-7.559451,0.0,24.622673,-8.516654,-0.003906,4.657737,4.14673,0.0,0.0
19017,-13.259911,-8.467567,0.0,24.545399,-8.860266,0.0,4.657737,4.14673,0.0,0.0
19026,-13.327981,-7.191296,0.003906,24.470808,-7.95215,-0.007812,4.657737,4.14673,0.0,0.0
19044,-13.40027,-8.492111,0.003906,24.401779,-7.706713,0.0,4.657737,4.14673,0.0,0.0
19046,-13.47486,-8.222131,-0.003906,24.341763,-6.28318,0.003906,4.657737,4.14673,0.0,0.0
19057,-13.543506,-7.804888,0.0,24.283663,-6.847685,0.0,4.657737,4.14673,0.0,0.0
19075,-13.615027,-8.565742,0.007812,24.223839,-7.633082,0.0,4.657737,4.14673,0.0,0.0
19077,-13.689617,-8.639373,0.0,24.15941,-6.405899,0.0,4.657737,4.14673,0.0,0.0
19080,-13.767275,-9.351139,-0.003906,24.101503,-6.185006,-0.003906,4.657737,4.14673,0.0,0.0
19089,-13.844357,-8.320305,-0.007812,24.044554,-6.454986,0.007812,4.657737,4.14673,0.0,0.0
19107,-13.911852,-7.731257,0.007812,23.983387,-6.626791,0.0,4.657737,4.14673,0.0,0.0
19109,-13.986826,-8.860266,-0.003906,23.918001,-7.633082,-0.003906,4.657737,4.14673,0.0,0.0
19126,-14.057963,-7.682169,-0.003906,23.850889,-6.823141,0.003906,4.657737,4.14673,0.0,0.0
19139,-14.126801,-7.48582,-0.003906,23.790489,-6.111374,-0.003906,4.657737,4.14673,0.0,0.0
19141,-14.190078,-6.479529,-0.003906,23.734499,-6.111374,0.0,4.657737,4.14673,0.0,0.0
19149,-14.244343,-6.553161,0.003906,23.670454,-6.970403,0.0,4.657737,4.14673,0.0,0.0
19151,-14.305701,-7.878519,0.003906,23.603535,-6.994947,0.0,4.657737,4.14673,0.0,0.0
19170,-14.365911,-6.258636,-0.007812,23.539108,-6.528617,-0.003906,4.657737,4.14673,0.0,0.0
19173,-14.415956,-5.497783,-0.003906,23.479475,-5.890481,0.0,4.657737,4.14673,0.0,0.0
19182,-14.468304,-6.086831,0.003906,23.428471,-5.129628,0.0,4.657737,4.14673,0.0,0.0
19199,-14.521418,-5.718676,0.003906,23.374971,-6.062287,0.003906,4.657737,4.14673,0.0,0.0
19201,-14.574723,-6.28318,0.003906,23.318214,-5.595957,-0.003906,4.657737,4.14673,0.0,0.0
19213,-14.637041,-7.436733,0.0,23.270086,-4.466949,0.0,4.657737,4.14673,0.0,0.0
19214,-14.699934,-6.160462,-0.003906,23.232121,-3.755182,-0.003906,4.657737,4.14673,0.0,0.0
19233,-14.74998,-5.497783,0.0,23.197414,-3.804269,0.003906,4.657737,4.14673,0.0,0.0
19234,-14.800027,-5.915025,0.007812,23.162708,-3.8779,0.0,4.657737,4.14673,0.0,0.0
19244,-14.858701,-7.436733,0.0,23.130686,-3.558833,-0.003906,4.657737,4.14673,0.0,0.0
19264,-14.915842,-6.553161,0.003906,23.101732,-3.067959,-0.003906,4.657737,4.14673,0.0,0.0
19266,-14.97701,-7.412189,-0.003906,23.075272,-2.601629,0.0,4.657737,4.14673,0.0,0.0
19274,-15.040286,-6.994947,-0.003906,23.049385,-2.748891,0.0,4.657737,4.14673,0.0,0.0
19276,-15.093017,-5.767763,0.0,23.025417,-2.20893,0.0,4.657737,4.14673,0.0,0.0
19295,-15.148432,-6.479529,0.007812,23.003366,-1.742601,-0.003906,4.657737,4.14673,0.0,0.0
19297,-15.2119,-6.872229,-0.003906,22.990135,-1.129009,-0.003906,4.657737,4.14673,0.0,0.0
19308,-15.264247,-5.350521,-0.011719,22.982656,-0.220893,-0.007812,4.657737,4.14673,0.0,0.0
19337,-15.310075,-4.908734,0.0,22.982273,0.441786,-0.003906,4.657737,4.14673,0.0,0.0
19359,-15.424548,-3.976075,0.0,22.98189,-0.343611,0.003906,4.657737,4.14673,0.0,0.0
19369,-15.540938,-5.915025,-0.007812,22.981123,-0.147262,0.0,4.657737,4.14673,0.0,0.0
19370,-15.583507,-4.000618,-0.011719,22.980164,-0.098175,0.003906,4.657737,4.14673,0.0,0.0
19388,-15.61131,-3.166134,0.0,22.979397,0.368155,0.0,4.657737,4.14673,0.0,0.0
19390,-15.640072,-3.509745,0.0,22.978054,-0.343611,0.0,4.657737,4.14673,0.0,0.0
19400,-15.670368,-4.319686,0.003906,22.976137,-0.368155,0.003906,4.657737,4.14673,0.0,0.0
19421,-15.711402,-5.105084,0.003906,22.970194,-0.883572,0.0,4.657737,4.14673,0.0,0.0
19423,-15.75512,-4.835104,0.0,22.956196,-1.889863,0.0,4.657737,4.14673,0.0,0.0
19437,-15.796154,-5.105084,0.0,22.9445,-1.079922,0.0,4.657737,4.14673,0.0,0.0
19441,-15.844666,-5.792307,0.0,22.932228,-1.129009,0.0,4.657737,4.14673,0.0,0.0
19455,-15.898355,-5.718676,0.0,22.92264,-0.834485,0.0,4.657737,4.14673,0.0,0.0
19461,-15.965851,-4.098794,0.0,22.906725,-0.662679,0.0,4.657737,4.14673,0.0,0.0
19480,-16.00746,-5.301434,0.007812,22.906532,0.564505,0.0,4.657737,4.14673,0.0,0.0
19483,-16.06115,-6.872229,0.003906,22.907684,-0.122718,0.003906,4.657737,4.14673,0.0,0.0
19485,-16.112154,-5.154171,-0.011719,22.907875,0.024544,-0.003906,4.657737,4.14673,0.0,0.0
19494,-16.152422,-4.712385,0.0,22.909792,0.073631,-0.003906,4.657737,4.14673,0.0,0.0
19514,-16.189621,-4.07425,0.0,22.912094,-0.049087,0.0,4.657737,4.14673,0.0,0.0
19516,-16.221067,-3.460658,0.0,22.912477,0.024544,0.0,4.657737,4.14673,0.0,0.0
19525,-16.244268,-1.988037,-0.007812,22.912477,0.147262,0.0,4.657737,4.14673,0.0,0.0
19543,-16.253281,-0.073631,-0.007812,22.912668,0.564505,0.0,4.657737,4.14673,0.0,0.0
19545,-16.251747,0.441786,-0.003906,22.912477,0.245437,0.0,4.657737,4.14673,0.0,0.0
19547,-16.251171,-0.245437,0.0,22.912285,0.098175,-0.003906,4.657737,4.14673,0.0,0.0
19558,-16.250788,-0.098175,0.0,22.912285,0.245437,0.003906,4.657737,4.14673,0.0,0.0
19576,-16.248871,0.441786,0.0,22.912285,0.098175,0.0,4.657737,4.14673,0.0,0.0
19577,-16.246185,0.049087,0.0,22.912285,-0.171806,0.003906,4.657737,4.14673,0.0,0.0
19587,-16.240049,1.079922,-0.007812,22.912285,0.0,0.0,4.657737,4.14673,0.0,0.0
19605,-16.209562,4.982366,-0.011719,22.912477,0.343611,0.0,4.657737,4.14673,0.0,0.0
19609,-16.152805,7.682169,-0.003906,22.912668,0.220893,0.0,4.657737,4.14673,0.0,0.0
19620,-16.003626,8.933897,-0.003906,22.916313,1.129009,-0.003906,4.657737,4.14673,0.0,0.0
19642,-15.926159,9.375683,-0.019531,22.931076,3.288852,-0.007812,4.657737,4.14673,0.0,0.0
19644,-15.838531,9.400227,0.007812,22.975946,5.939569,-0.007812,4.657737,4.14673,0.0,0.0
19651,-15.758955,8.663917,0.003906,23.038073,7.48582,0.003906,4.657737,4.14673,0.0,0.0
19653,-15.673628,9.252965,-0.003906,23.096556,6.258636,0.003906,4.657737,4.14673,0.0,0.0
19671,-15.587725,10.431061,-0.011719,23.147751,5.055996,0.003906,4.657737,4.14673,0.0,0.0
19673,-15.494535,9.547489,0.011719,23.193962,5.227802,0.0,4.657737,4.14673,0.0,0.0
19682,-15.415344,8.001237,0.003906,23.23768,5.055996,0.0,4.657737,4.14673,0.0,0.0
19702,-15.348616,8.222131,-0.003906,23.276415,5.252346,-0.007812,4.657737,4.14673,0.0,0.0
19704,-15.283805,6.945859,0.003906,23.3209,5.424152,0.003906,4.657737,4.14673,0.0,0.0
19713,-15.222638,7.21584,0.003906,23.360783,4.295143,0.007812,4.657737,4.14673,0.0,0.0
19715,-15.160512,5.841394,0.007812,23.390696,3.190677,0.003906,4.657737,4.14673,0.0,0.0
19737,-15.112766,5.105084,0.003906,23.413897,2.969784,0.0,4.657737,4.14673,0.0,0.0
19739,-15.073842,5.227802,-0.003906,23.435564,2.896153,0.0,4.657737,4.14673,0.0,0.0
19743,-15.018427,6.675879,-0.007812,23.466053,3.60792,-0.003906,4.657737,4.14673,0.0,0.0
19764,-14.959177,6.332268,0.0,23.509771,5.497783,-0.003906,4.657737,4.14673,0.0,0.0
19766,-14.899927,6.921316,0.007812,23.566912,6.798597,0.0,4.657737,4.14673,0.0,0.0
19767,-14.83339,7.314014,-0.003906,23.632105,8.222131,0.0,4.657737,4.14673,0.0,0.0
19777,-14.770881,6.504073,-0.007812,23.699984,7.387646,0.003906,4.653901,4.14673,0.0,0.0
19794,-14.713357,7.48582,0.0,23.756741,6.945859,-0.003906,4.653901,4.14673,0.0,0.0
19796,-14.637808,7.903063,0.003906,23.822126,7.706713,-0.003906,4.653901,4.14673,0.0,0.0
19807,-14.571847,6.577704,0.003906,23.898251,8.762092,0.0,4.653901,4.14673,0.0,0.0
19825,-14.510679,6.774054,-0.003906,23.973799,8.246674,0.0,4.653901,4.14673,0.0,0.0
19828,-14.449896,6.798597,0.0,24.047623,7.657626,0.0,4.653901,4.14673,0.0,0.0
19829,-14.393331,6.675879,0.0,24.114735,8.099412,-0.003906,4.653901,4.14673,0.0,0.0
19843,-14.334464,7.633082,0.0,24.178778,8.737548,-0.007812,4.653901,4.14673,0.0,0.0
19869,-14.262558,7.608539,0.003906,24.257395,8.811178,0.003906,4.653901,4.14673,0.0,0.0
19870,-14.195639,7.510364,-0.003906,24.329683,8.344849,0.0,4.653901,4.14673,0.0,0.0
19873,-14.119898,8.835722,-0.011719,24.400629,8.271217,0.0,4.653901,4.14673,0.0,0.0
19887,-14.039172,8.860266,0.0,24.471384,7.731257,0.0,4.653901,4.14673,0.0,0.0
19890,-13.959023,10.210168,0.003906,24.53562,8.173043,0.0,4.653901,4.14673,0.0,0.0
19891,-13.872161,9.964731,-0.007812,24.602732,6.872229,0.003906,4.653901,4.14673,0.0,0.0
19900,-13.780505,11.09374,-0.007812,24.661406,6.872229,-0.003906,4.653901,4.14673,0.0,0.0
19920,-13.688083,9.743838,0.007812,24.722572,7.461277,0.0,4.653901,4.14673,0.0,0.0
19923,-13.596428,9.498402,0.0,24.788343,7.583995,0.003906,4.653901,4.14673,0.0,0.0
19931,-13.509375,9.915644,0.0,24.85181,7.191296,0.003906,4.653901,4.14673,0.0,0.0
19951,-13.425389,10.725585,0.003906,24.903584,6.798597,0.003906,4.653901,4.14673,0.0,0.0
19953,-13.33661,9.719295,0.003906,24.955738,6.381355,0.0,4.653901,4.14673,0.0,0.0
19955,-13.249365,9.547489,0.0,25.010195,6.356811,0.0,4.653901,4.14673,0.0,0.0
19962,-13.165188,9.596576,0.0,25.075771,8.148499,-0.003906,4.653901,4.14673,0.0,0.0
19984,-13.0766,9.596576,0.007812,25.142309,6.74951,0.003906,4.653901,4.14673,0.0,0.0
19986,-12.997792,8.025781,0.0,25.205393,6.921316,0.0,4.653901,4.14673,0.0,0.0
19999,-12.927996,9.228421,-0.011719,25.263109,7.387646,-0.003906,4.653901,4.14673,0.0,0.0
20012,-12.848613,8.344849,0.003906,25.325235,6.74951,0.0,4.653901,4.14673,0.0,0.0
20015,-12.776708,7.853975,0.0,25.390238,7.314014,0.003906,4.653901,4.14673,0.0,0.0
20017,-12.709787,6.528617,0.007812,25.455431,6.823141,0.003906,4.653901,4.14673,0.0,0.0
20026,-12.65514,5.571414,-0.019531,25.517557,6.921316,0.0,4.653901,4.14673,0.0,0.0
20047,-12.605093,6.872229,-0.003906,25.573549,7.338558,0.0,4.653901,4.14673,0.0,0.0
20049,-12.540858,7.068578,0.007812,25.641043,7.657626,0.0,4.653901,4.14673,0.0,0.0
20057,-12.487936,5.375064,0.003906,25.707964,7.338558,0.003906,4.653901,4.14673,0.0,0.0
20058,-12.442683,5.743219,0.0,25.769323,5.988656,0.003906,4.653901,4.14673,0.0,0.0
20077,-12.396472,5.129628,0.0,25.822628,5.325977,0.0,4.653901,4.14673,0.0,0.0
20078,-12.360232,4.123337,0.0,25.862703,5.497783,0.003906,4.653901,4.14673,0.0,0.0
20088,-12.32706,3.362483,0.0,25.905848,5.350521,0.0,4.653901,4.14673,0.0,0.0
20108,-12.294462,3.436114,0.0,25.94899,4.957822,0.0,4.653901,4.14673,0.0,0.0
20122,-12.257071,4.663298,0.0,25.987722,4.172424,0.003906,4.653901,4.14673,0.0,0.0
20142,-12.17788,1.178096,0.011719,26.049658,2.552542,0.0,4.653901,4.14673,0.0,0.0
20150,-12.173086,-0.245437,0.007812,26.06423,1.497164,0.003906,4.653901,4.14673,0.0,0.0
20170,-12.170786,0.171806,0.0,26.106031,2.20893,0.003906,4.653901,4.14673,0.0,0.0
20172,-12.168485,0.490873,0.0,26.127316,3.067959,-0.003906,4.653901,4.14673,0.0,0.0
20182,-12.165417,0.392699,-0.003906,26.153967,3.558833,-0.003906,4.653901,4.14673,0.0,0.0
20185,-12.162157,0.417242,0.003906,26.183496,3.534289,0.0,4.653901,4.14673,0.0,0.0
20201,-12.161198,-0.613592,0.003906,26.21456,4.221512,-0.003906,4.653901,4.14673,0.0,0.0
20203,-12.160239,-0.098175,0.0,26.253292,4.663298,-0.003906,4.653901,4.14673,0.0,0.0
20212,-12.159856,0.0,0.0,26.297203,5.252346,-0.003906,4.653901,4.14673,0.0,0.0
20232,-12.159856,-0.26998,0.003906,26.337854,4.196968,0.003906,4.653901,4.14673,0.0,0.0
20233,-12.159856,-0.024544,-0.003906,26.367382,2.896153,0.0,4.653901,4.14673,0.0,0.0
20244,-12.160239,-0.245437,0.0,26.393076,2.67526,0.0,4.653901,4.14673,0.0,0.0
20266,-12.161965,-0.589048,0.003906,26.44063,3.730638,0.0,4.653901,4.14673,0.0,0.0
20268,-12.162157,0.024544,0.0,26.473036,3.804269,0.0,4.653901,4.14673,0.0,0.0
20275,-12.16254,0.049087,-0.003906,26.505058,3.779726,0.0,4.653901,4.14673,0.0,0.0
20293,-12.163691,-0.441786,0.003906,26.533628,3.043416,0.0,4.653901,4.14673,0.0,0.0
20295,-12.165225,-0.441786,0.0,26.558556,3.460658,0.0,4.653901,4.14673,0.0,0.0
20297,-12.166375,-0.024544,0.0,26.586742,3.239765,0.0,4.653901,4.14673,0.0,0.0
20318,-12.166567,-0.294524,0.0,26.61301,3.043416,0.003906,4.653901,4.14673,0.0,0.0
20320,-12.166567,-0.343611,0.007812,26.638321,2.503455,0.003906,4.653901,4.14673,0.0,0.0
20337,-12.166375,-0.024544,0.003906,26.656155,1.889863,0.0,4.653901,4.14673,0.0,0.0
20339,-12.164842,0.196349,-0.003906,26.662674,0.196349,0.0,4.653901,4.14673,0.0,0.0
20342,-12.164074,-0.049087,0.0,26.66114,-0.368155,0.0,4.653901,4.14673,0.0,0.0
20361,-12.163691,-0.245437,0.0,26.658455,-0.171806,-0.003906,4.653901,4.14673,0.0,0.0
20363,-12.160814,0.589048,0.0,26.656729,0.0,0.0,4.653901,4.14673,0.0,0.0
20370,-12.157746,0.245437,0.0,26.655771,0.098175,0.0,4.653901,4.14673,0.0,0.0
20387,-12.156021,0.049087,0.0,26.654238,0.0,0.0,4.653901,4.14673,0.0,0.0
20390,-12.156213,-0.122718,0.0,26.649252,-0.687223,0.0,4.653901,4.14673,0.0,0.0
20402,-12.156596,-0.073631,-0.003906,26.643116,-0.564505,0.0,4.653901,4.14673,0.0,0.0
20404,-12.158514,-0.441786,0.003906,26.633528,-1.767144,0.003906,4.653901,4.14673,0.0,0.0
20421,-12.161198,-0.760854,0.003906,26.610327,-2.822522,0.003906,4.653901,4.14673,0.0,0.0
20423,-12.163882,-0.441786,0.0,26.581564,-3.215221,0.0,4.653901,4.14673,0.0,0.0
20432,-12.1658,-0.417242,0.003906,26.544365,-4.393317,0.0,4.653901,4.14673,0.0,0.0
20454,-12.167142,-0.515417,0.0,26.497004,-6.356811,0.0,4.653901,4.14673,0.0,0.0
20460,-12.17021,-0.73631,0.0,26.354343,-11.241002,0.007812,4.653901,4.14673,0.0,0.0
20462,-12.178264,-1.129009,0.003906,26.240446,-13.057234,0.0,4.653901,4.14673,0.0,0.0
20484,-12.19763,-3.215221,0.003906,26.118111,-13.523563,0.0,4.653901,4.14673,0.0,0.0
20487,-12.233871,-5.08054,0.0,25.991175,-13.744457,0.0,4.653901,4.14673,0.0,0.0
20494,-12.273754,-4.417861,0.0,25.861937,-13.96535,0.003906,4.653901,4.14673,0.0,0.0
20514,-12.320732,-6.0132,0.003906,25.735191,-14.259874,0.0,4.653901,4.14673,0.0,0.0
20516,-12.389953,-8.197587,0.011719,25.601351,-12.811797,0.0,4.653901,4.14673,0.0,0.0
20525,-12.463392,-9.15479,0.007812,25.486879,-12.394555,0.0,4.653901,4.14673,0.0,0.0
20547,-12.550637,-10.676497,0.0,25.370104,-12.517273,0.0,4.62629,4.14673,0.0,0.0
20549,-12.642485,-9.621119,-0.007812,25.251413,-13.30267,0.003906,4.62629,4.14673,0.0,0.0
20551,-12.734139,-10.89739,0.007812,25.131571,-12.983603,0.0,4.62629,4.14673,0.0,0.0
20558,-12.82963,-10.676497,0.0,25.008469,-13.548107,0.0,4.62629,4.14673,0.0,0.0
20582,-12.927229,-11.167371,0.0,24.888243,-12.76271,0.007812,4.62629,4.14673,0.0,0.0
20584,-13.021378,-10.725585,0.007812,24.765333,-13.229039,0.0,4.62629,4.14673,0.0,0.0
20588,-13.118785,-11.29009,0.0,24.645874,-12.541817,0.003906,4.62629,4.14673,0.0,0.0
20607,-13.210824,-10.35743,-0.007812,24.526224,-13.474477,0.0,4.62629,4.14673,0.0,0.0
20609,-13.311874,-10.038363,0.007812,24.391043,-12.320924,0.0,4.62629,4.14673,0.0,0.0
20611,-13.397394,-9.694751,0.007812,24.276377,-12.0264,0.003906,4.62629,4.14673,0.0,0.0
20619,-13.488857,-9.228421,-0.011719,24.160944,-12.370011,-0.011719,4.62629,4.14673,0.0,0.0
20638,-13.572268,-8.933897,0.0,24.052799,-11.241002,0.0,4.62629,4.14673,0.0,0.0
20641,-13.661047,-10.185624,0.0,23.945421,-11.83005,0.0,4.62629,4.14673,0.0,0.0
20650,-13.750977,-10.971022,0.003906,23.838234,-11.486439,-0.003906,4.62629,4.14673,0.0,0.0
20670,-13.848767,-10.89739,-0.007812,23.741209,-10.55378,0.0,4.62629,4.14673,0.0,0.0
20672,-13.944066,-10.971022,0.007812,23.646486,-10.332887,0.0,4.62629,4.14673,0.0,0.0
20681,-14.056622,-11.707332,-0.007812,23.542368,-10.062906,-0.003906,4.62629,4.14673,0.0,0.0
20683,-14.154988,-11.118284,-0.003906,23.453972,-9.302052,0.0,4.62629,4.14673,0.0,0.0
20703,-14.24626,-10.455605,0.003906,23.369028,-9.473858,0.0,4.62629,4.14673,0.0,0.0
20705,-14.341942,-10.35743,-0.007812,23.283701,-8.663917,0.0,4.62629,4.14673,0.0,0.0
20711,-14.433597,-9.719295,-0.003906,23.210644,-8.025781,0.0,4.62629,4.14673,0.0,0.0
20732,-14.523143,-9.547489,0.003906,23.142382,-7.21584,0.003906,4.62629,4.14673,0.0,0.0
20734,-14.608279,-10.35743,0.0,23.074312,-7.142209,0.0,4.62629,4.14673,0.0,0.0
20744,-14.692265,-8.982985,-0.019531,23.005667,-7.387646,-0.007812,4.62629,4.14673,0.0,0.0
20775,-14.763786,-7.903063,0.0,22.944307,-6.062287,-0.007812,4.62629,4.14673,0.0,0.0
20777,-14.834541,-8.516654,0.003906,22.896179,-4.933278,-0.003906,4.62629,4.14673,0.0,0.0
20779,-14.902995,-7.338558,-0.003906,22.851694,-4.957822,0.003906,4.62629,4.14673,0.0,0.0
20781,-14.967614,-7.412189,0.0,22.802797,-5.129628,-0.003906,4.62629,4.14673,0.0,0.0
20794,-15.034917,-7.583995,-0.003906,22.755629,-4.712385,-0.007812,4.62629,4.14673,0.0,0.0
20796,-15.094358,-6.700423,0.003906,22.714594,-4.000618,-0.007812,4.62629,4.14673,0.0,0.0
20805,-15.160895,-8.271217,0.007812,22.681421,-2.87161,0.0,4.62629,4.14673,0.0,0.0
20825,-15.243155,-7.976694,-0.003906,22.652275,-1.865319,0.0,4.62629,4.14673,0.0,0.0
20827,-15.302213,-7.95215,0.0,22.63636,-1.595339,0.0,4.62629,4.14673,0.0,0.0
20829,-15.369325,-7.559451,0.003906,22.626007,-0.93266,-0.003906,4.62629,4.14673,0.0,0.0
20859,-15.430108,-6.356811,0.003906,22.621981,0.147262,0.0,4.62629,4.14673,0.0,0.0
20890,-15.602489,-5.718676,-0.007812,22.620829,-0.073631,0.0,4.62629,4.14673,0.0,0.0
20893,-15.735371,-6.430442,0.003906,22.621405,0.171806,0.0,4.62629,4.14673,0.0,0.0
20898,-15.777939,-5.27689,0.0,22.621405,0.196349,0.0,4.62629,4.14673,0.0,0.0
20900,-15.826259,-5.694132,0.0,22.621405,0.024544,0.0,4.62629,4.14673,0.0,0.0
20923,-15.876113,-5.767763,0.0,22.621405,0.245437,-0.003906,4.62629,4.14673,0.0,0.0
20925,-15.916955,-3.779726,-0.007812,22.621021,-0.024544,0.0,4.62629,4.14673,0.0,0.0
20932,-15.938431,-1.767144,-0.003906,22.621021,-0.073631,0.0,4.62629,4.14673,0.0,0.0
20952,-15.946676,-0.93266,0.0,22.621021,0.343611,0.0,4.62629,4.14673,0.0,0.0
20953,-15.954729,-0.957203,0.0,22.620829,0.0,0.0,4.62629,4.14673,0.0,0.0
20963,-15.964509,-1.398989,0.0,22.620829,0.368155,0.0,4.62629,4.14673,0.0,0.0
20984,-15.977739,-1.93895,0.007812,22.620062,-0.122718,0.0,4.62629,4.14673,0.0,0.0
20986,-16.010145,-2.552542,0.003906,22.617569,-0.098175,0.0,4.62629,4.14673,0.0,0.0
20993,-16.033922,-2.969784,0.0,22.616802,0.245437,0.0,4.62629,4.14673,0.0,0.0
21015,-16.06134,-2.920697,-0.003906,22.617378,0.245437,0.0,4.62629,4.14673,0.0,0.0
21017,-16.085884,-2.454367,-0.003906,22.617952,-0.171806,0.0,4.62629,4.14673,0.0,0.0
21020,-16.095856,-0.539961,-0.003906,22.617762,0.073631,0.0,4.62629,4.14673,0.0,0.0
21024,-16.094513,0.392699,-0.003906,22.616611,-0.343611,0.0,4.62629,4.14673,0.0,0.0
21046,-16.090103,0.638135,-0.003906,22.615845,-0.319068,0.0,4.62629,4.14673,0.0,0.0
21048,-16.08531,0.46633,0.003906,22.615652,0.024544,0.0,4.62629,4.14673,0.0,0.0
21055,-16.081284,0.368155,0.0,22.615269,0.245437,0.0,4.62629,4.14673,0.0,0.0
21077,-16.079174,-0.392699,0.0,22.614885,0.26998,0.0,4.62629,4.14673,0.0,0.0
21079,-16.078407,-0.073631,0.0,22.615076,0.147262,0.0,4.62629,4.14673,0.0,0.0
21081,-16.064026,3.239765,-0.019531,22.615076,0.122718,0.0,4.62629,4.14673,0.0,0.0
21108,-16.020882,6.160462,-0.007812,22.615845,0.392699,0.003906,4.62629,4.14673,0.0,0.0
21110,-15.883207,9.989275,-0.007812,22.616611,0.098175,-0.003906,4.62629,4.14673,0.0,0.0
21116,-15.792511,9.743838,0.003906,22.616611,0.417242,0.0,4.62629,4.14673,0.0,0.0
21141,-15.696254,11.020109,-0.003906,22.616802,-0.098175,0.0,4.62629,4.14673,0.0,0.0
21143,-15.599613,11.142827,-0.007812,22.616995,0.0,0.0,4.62629,4.14673,0.0,0.0
21145,-15.493194,11.756419,0.011719,22.617952,0.196349,0.0,4.62629,4.14673,0.0,0.0
21150,-15.393485,11.265546,0.0,22.620638,0.908116,0.0,4.62629,4.14673,0.0,0.0
21170,-15.296844,9.964731,0.0,22.628883,1.693513,-0.003906,4.62629,4.14673,0.0,0.0
21172,-15.205956,9.842012,0.003906,22.653044,3.411571,-0.007812,4.62629,4.14673,0.0,0.0
21180,-15.12523,9.326595,0.003906,22.68449,4.270599,-0.007812,4.62629,4.14673,0.0,0.0
21183,-15.038368,10.087449,-0.007812,22.724949,5.006909,0.0,4.62629,4.14673,0.0,0.0
21215,-14.93866,10.872847,0.0,22.769241,5.473239,0.003906,4.62629,4.14673,0.0,0.0
21217,-14.833582,12.0264,0.003906,22.817755,5.620501,-0.003906,4.62629,4.14673,0.0,0.0
21219,-14.732915,11.486439,0.0,22.869143,6.111374,0.0,4.62629,4.14673,0.0,0.0
21232,-14.630713,10.82376,0.0,22.926283,6.774054,-0.003906,4.62629,4.14673,0.0,0.0
21234,-14.536949,9.792926,0.003906,22.992819,7.903063,0.003906,4.62629,4.14673,0.0,0.0
21243,-14.450279,9.277509,-0.003906,23.058397,7.068578,0.003906,4.62629,4.14673,0.0,0.0
21245,-14.377223,9.252965,-0.003906,23.113811,7.240384,-0.007812,4.62629,4.047789,0.0,0.0
21265,-14.288253,9.302052,0.003906,23.177664,7.682169,-0.003906,4.62629,4.047789,0.0,0.0
21267,-14.212895,7.436733,0.003906,23.248611,9.081159,0.0,4.62629,4.047789,0.0,0.0
21275,-14.135622,9.179334,-0.007812,23.330486,9.866556,0.0,4.62629,4.047789,0.0,0.0
21294,-14.058923,9.032072,0.0,23.41869,9.42477,0.0,4.62629,4.047789,0.0,0.0
21296,-13.97858,9.498402,0.0,23.507086,10.185624,-0.003906,4.62629,4.047789,0.0,0.0
21304,-13.902841,7.48582,0.003906,23.600084,10.480148,0.003906,4.62629,4.047789,0.0,0.0
21306,-13.843015,7.976694,0.0,23.684645,10.283799,0.003906,4.62629,4.047789,0.0,0.0
21339,-13.769,7.853975,0.0,23.771889,9.302052,0.0,4.62629,4.047789,0.0,0.0
21341,-13.701697,6.454986,0.011719,23.856258,9.375683,0.0,4.62629,4.047789,0.0,0.0
21343,-13.640721,6.994947,0.0,23.937752,8.639373,0.003906,4.62629,4.047789,0.0,0.0
21355,-13.583581,5.571414,0.003906,24.011957,7.878519,0.003906,4.62629,4.047789,0.0,0.0
21357,-13.538903,5.988656,0.0,24.07159,7.314014,0.0,4.62629,4.047789,0.0,0.0
21359,-13.483872,6.234093,0.0,24.132374,7.264927,0.0,4.62629,4.047789,0.0,0.0
21381,-13.420979,6.209549,0.003906,24.198336,7.436733,0.0,4.62629,4.047789,0.0,0.0
21383,-13.368056,5.595957,0.007812,24.263531,6.602248,0.003906,4.62629,4.047789,0.0,0.0
21402,-13.328364,4.736929,0.003906,24.313,5.767763,0.0,4.62629,4.047789,0.0,0.0
21404,-13.27736,6.185006,-0.003906,24.36573,6.528617,-0.003906,4.62629,4.047789,0.0,0.0
21422,-13.228272,5.006909,0.0,24.421146,6.234093,-0.003906,4.62629,4.047789,0.0,0.0
21425,-13.181678,5.006909,0.0,24.478096,6.381355,0.0,4.62629,4.047789,0.0,0.0
21429,-13.127605,6.332268,-0.007812,24.536386,6.430442,0.003906,4.62629,4.047789,0.0,0.0
21433,-13.067588,5.694132,0.0,24.590267,5.939569,0.003906,4.62629,4.047789,0.0,0.0
21452,-13.029047,4.393317,0.003906,24.634752,5.694132,0.0,4.62629,4.047789,0.0,0.0
21454,-12.99204,4.34423,-0.003906,24.688826,6.185006,-0.003906,4.62629,4.047789,0.0,0.0
21461,-12.950047,5.055996,-0.007812,24.750952,7.142209,0.0,4.62629,4.047789,0.0,0.0
21496,-12.902877,4.565123,0.003906,24.814421,7.387646,0.003906,4.62629,4.047789,0.0,0.0
21497,-12.863953,3.926988,0.003906,24.876354,6.553161,0.0,4.62629,4.047789,0.0,0.0
21500,-12.835382,3.117046,0.007812,24.927359,6.504073,-0.007812,4.62629,4.047789,0.0,0.0
21502,-12.809496,2.626173,0.0,24.982775,6.528617,-0.003906,4.62629,4.047789,0.0,0.0
21516,-12.783994,2.626173,-0.003906,25.045668,7.755801,0.0,4.62629,4.047789,0.0,0.0
21518,-12.758492,2.184387,0.003906,25.116613,7.927606,0.003906,4.62629,4.047789,0.0,0.0
21523,-12.740659,1.521708,0.007812,25.182959,7.534907,0.0,4.62629,4.047789,0.0,0.0
21545,-12.733373,0.171806,0.003906,25.239908,7.829432,0.0,4.62629,4.047789,0.0,0.0
21555,-12.733564,-0.26998,0.003906,25.300692,7.044034,0.0,4.62629,4.047789,0.0,0.0
21582,-12.734139,-0.024544,0.003906,25.471539,6.798597,0.003906,4.62629,4.047789,0.0,0.0
21607,-12.734139,-0.245437,0.0,25.621677,7.01949,0.0,4.62629,4.047789,0.0,0.0
21610,-12.733756,0.098175,0.0,25.689363,7.48582,0.003906,4.62629,4.047789,0.0,0.0
21612,-12.733373,-0.049087,0.0,25.754749,6.798597,0.007812,4.62629,4.047789,0.0,0.0
21613,-12.732989,-0.392699,0.0,25.813616,6.381355,0.003906,4.62629,4.047789,0.0,0.0
21618,-12.732606,-0.294524,0.0,25.86673,6.28318,-0.003906,4.62629,4.047789,0.0,0.0
21651,-12.732413,-0.638135,-0.003906,25.91716,6.945859,-0.003906,4.62629,4.047789,0.0,0.0
21652,-12.732222,0.0,0.003906,25.98312,6.504073,0.0,4.62629,4.047789,0.0,0.0
21654,-12.731071,0.122718,0.003906,26.033167,6.258636,0.0,4.62629,4.047789,0.0,0.0
21671,-12.728962,0.024544,0.0,26.085705,5.865938,0.0,4.62629,4.047789,0.0,0.0
21675,-12.724936,0.26998,-0.003906,26.135176,5.350521,0.003906,4.62629,4.047789,0.0,0.0
21682,-12.714773,0.26998,0.0,26.20804,5.08054,0.0,4.62629,4.047789,0.0,0.0
21701,-12.711514,0.245437,0.003906,26.252718,5.252346,0.0,4.62629,4.047789,0.0,0.0
21703,-12.710747,0.0,0.0,26.300846,5.522326,0.0,4.62629,4.047789,0.0,0.0
21711,-12.710171,0.368155,0.0,26.340921,5.006909,0.003906,4.62629,4.047789,0.0,0.0
21712,-12.710554,-0.171806,0.0,26.375244,3.853357,0.003906,4.62629,4.047789,0.0,0.0
21735,-12.710554,0.0,0.0,26.402088,3.33794,-0.003906,4.62629,4.047789,0.0,0.0
21736,-12.71113,-0.589048,0.0,26.424715,3.067959,0.0,4.62629,4.047789,0.0,0.0
21744,-12.712089,-0.417242,0.003906,26.448299,3.190677,0.0,4.62629,4.047789,0.0,0.0
21763,-12.714581,-0.785398,0.0,26.470736,2.699804,0.0,4.62629,4.047789,0.0,0.0
21766,-12.717074,-0.46633,0.003906,26.488758,1.988037,0.0,4.62629,4.047789,0.0,0.0
21767,-12.718608,0.122718,0.0,26.507549,2.012581,0.003906,4.62629,4.047789,0.0,0.0
21777,-12.7188,0.073631,0.0,26.517904,1.055378,0.0,4.62629,4.047789,0.0,0.0
21799,-12.7188,0.0,-0.003906,26.524233,0.711766,0.0,4.62629,4.047789,0.0,0.0
21800,-12.718608,0.122718,0.0,26.525766,0.245437,0.003906,4.62629,4.047789,0.0,0.0
21806,-12.718608,-0.319068,0.0,26.523466,-0.196349,0.0,4.62629,4.047789,0.0,0.0
21825,-12.716882,0.245437,-0.003906,26.523466,-0.049087,0.0,4.62629,4.047789,0.0,0.0
21827,-12.71554,0.0,0.0,26.523466,0.098175,0.0,4.62629,4.047789,0.0,0.0
21830,-12.715732,-0.46633,-0.003906,26.521931,-0.171806,0.0,4.62629,4.047789,0.0,0.0
21838,-12.71554,0.024544,0.003906,26.518671,-0.122718,0.0,4.62629,4.047789,0.0,0.0
21860,-12.715732,-0.122718,0.0,26.515604,-0.441786,0.0,4.62629,4.047789,0.0,0.0
21862,-12.716307,-0.613592,0.003906,26.501989,-1.840775,0.003906,4.62629,4.047789,0.0,0.0
21868,-12.717649,-0.343611,0.0,26.478979,-2.920697,0.003906,4.62629,4.047789,0.0,0.0
21890,-12.718225,0.0,0.0,26.448492,-3.8779,0.003906,4.62629,4.047789,0.0,0.0
21893,-12.718416,-0.196349,0.0,26.407457,-4.221512,0.003906,4.62629,4.047789,0.0,0.0
21901,-12.718991,-0.245437,0.003906,26.35837,-6.037744,0.003906,4.62629,4.047789,0.0,0.0
21920,-12.728195,-1.718057,0.003906,26.200562,-11.682788,0.0,4.62629,4.047789,0.0,0.0
21923,-12.746986,-2.67526,0.0,26.089157,-13.253583,0.003906,4.62629,4.047789,0.0,0.0
21932,-12.772297,-3.166134,0.007812,25.969507,-13.376302,-0.007812,4.62629,4.047789,0.0,0.0
21950,-12.800868,-2.994328,0.003906,25.839502,-12.222749,-0.003906,4.62629,4.047789,0.0,0.0
21952,-12.831931,-4.368774,0.007812,25.723495,-13.081778,0.0,4.62629,4.047789,0.0,0.0
21953,-12.87469,-5.571414,0.0,25.609596,-12.443642,-0.003906,4.62629,4.047789,0.0,0.0
21965,-12.923969,-5.792307,0.0,25.502026,-11.486439,0.003906,4.62629,4.047789,0.0,0.0
21985,-12.971331,-5.252346,0.0,25.39599,-11.780963,0.0,4.62629,4.047789,0.0,0.0
21986,-13.014474,-5.399608,0.003906,25.296282,-11.461895,0.0,4.62629,4.047789,0.0,0.0
22004,-13.067204,-6.700423,0.007812,25.195423,-11.609158,0.0,4.62629,4.047789,0.0,0.0
22006,-13.127797,-7.117665,-0.003906,25.093412,-11.388264,0.0,4.62629,4.047789,0.0,0.0
22025,-13.181486,-6.209549,0.0,24.989868,-11.412807,0.0,4.62629,4.047789,0.0,0.0
22027,-13.234025,-6.037744,-0.003906,24.888435,-11.56007,0.0,4.62629,4.047789,0.0,0.0
22029,-13.283113,-5.522326,0.0,24.784891,-11.780963,0.0,4.62629,4.047789,0.0,0.0
22044,-13.320312,-3.264308,-0.003906,24.681347,-10.872847,0.0,4.62629,4.047789,0.0,0.0
22047,-13.350224,-3.362483,0.0,24.584324,-10.676497,0.007812,4.62629,4.047789,0.0,0.0
22055,-13.386464,-4.196968,0.003906,24.486149,-10.62741,0.0,4.62629,4.047789,0.0,0.0
22076,-13.428841,-4.712385,0.0,24.39315,-10.332887,0.0,4.62629,4.047789,0.0,0.0
22078,-13.469874,-3.902444,-0.007812,24.309933,-8.958441,0.0,4.62629,4.047789,0.0,0.0
22087,-13.497294,-2.67526,-0.007812,24.228249,-8.762092,0.0,4.62629,4.047789,0.0,0.0
22108,-13.513593,-2.012581,-0.003906,24.149824,-7.583995,-0.007812,4.62629,4.047789,0.0,0.0
22111,-13.535835,-2.67526,0.0,24.079836,-6.185006,-0.003906,4.62629,4.047789,0.0,0.0
22112,-13.563447,-3.485202,0.007812,24.019053,-6.675879,0.0,4.62629,4.047789,0.0,0.0
22118,-13.596236,-4.736929,0.007812,23.963446,-6.945859,0.0,4.62629,4.047789,0.0,0.0
22138,-13.643789,-5.473239,0.003906,23.900743,-7.01949,0.0,4.62629,4.047789,0.0,0.0
22140,-13.694027,-6.209549,0.003906,23.843027,-5.792307,0.0,4.62629,4.047789,0.0,0.0
22149,-13.752893,-6.994947,0.0,23.799118,-4.123337,-0.003906,4.62629,4.047789,0.0,0.0
22169,-13.814061,-6.651335,0.0,23.766905,-2.969784,0.0,4.62629,4.047789,0.0,0.0
22171,-13.861231,-5.325977,0.0,23.739101,-3.166134,0.003906,4.62629,4.047789,0.0,0.0
22173,-13.902841,-4.736929,0.003906,23.710529,-3.117046,0.003906,4.62629,4.047789,0.0,0.0
22183,-13.95001,-5.792307,0.0,23.683685,-2.748891,0.0,4.62629,4.047789,0.0,0.0
22200,-13.999673,-5.227802,-0.007812,23.663168,-1.963494,0.0,4.62629,4.047789,0.0,0.0
22202,-14.039364,-4.098794,-0.007812,23.649363,-0.638135,-0.003906,4.62629,4.047789,0.0,0.0
22235,-14.074838,-3.951531,-0.003906,23.649172,0.441786,-0.003906,4.62629,4.047789,0.0,0.0
22245,-14.15959,-3.092503,0.0,23.654732,0.098175,0.0,4.62629,4.047789,0.0,0.0
22265,-14.203116,-1.865319,0.003906,23.654732,0.220893,0.0,4.62629,4.047789,0.0,0.0
22266,-14.22325,-2.969784,0.007812,23.654922,0.245437,0.0,4.62629,4.047789,0.0,0.0
22273,-14.255464,-4.295143,0.003906,23.654732,0.220893,0.0,4.62629,4.047789,0.0,0.0
22295,-14.297648,-5.424152,0.003906,23.655115,0.319068,-0.003906,4.62629,4.047789,0.0,0.0
22297,-14.340983,-4.34423,-0.007812,23.655308,0.490873,0.0,4.62629,4.047789,0.0,0.0
22299,-14.369554,-2.626173,-0.011719,23.655691,0.319068,-0.003906,4.62629,4.047789,0.0,0.0
22307,-14.387386,-2.159843,-0.003906,23.657225,0.319068,0.0,4.62629,4.047789,0.0,0.0
22326,-14.407136,-2.847066,0.003906,23.658951,0.441786,0.0,4.62629,4.047789,0.0,0.0
22329,-14.43283,-3.190677,0.0,23.659908,0.294524,-0.003906,4.62629,4.047789,0.0,0.0
22357,-14.460825,-4.049706,0.0,23.66873,1.693513,-0.003906,4.62629,4.047789,0.0,0.0
22360,-14.524869,-3.411571,0.0,23.72146,4.270599,0.0,4.62629,4.047789,0.0,0.0
22362,-14.553439,-3.288852,0.0,23.758659,4.417861,-0.003906,4.62629,4.047789,0.0,0.0
22368,-14.582009,-3.681551,0.003906,23.799501,5.129628,0.003906,4.62629,4.047789,0.0,0.0
22404,-14.612306,-4.172424,-0.003906,23.839384,5.055996,0.0,4.62629,4.047789,0.0,0.0
22406,-14.647779,-4.098794,0.0,23.884829,5.301434,0.0,4.62629,4.047789,0.0,0.0
22408,-14.682677,-3.804269,-0.007812,23.923754,4.049706,0.003906,4.62629,4.047789,0.0,0.0
22418,-14.708563,-2.994328,0.0,23.961527,4.638754,0.0,4.62629,4.047789,0.0,0.0
22420,-14.732915,-3.264308,0.0,24.004288,5.54687,0.0,4.62629,4.047789,0.0,0.0
22423,-14.769539,-5.571414,0.007812,24.061045,7.21584,0.0,4.62629,4.047789,0.0,0.0
22429,-14.824378,-7.166752,0.011719,24.128731,8.762092,-0.007812,4.62629,4.047789,0.0,0.0
22452,-14.88938,-6.945859,0.0,24.210415,9.596576,-0.003906,4.62629,4.047789,0.0,0.0
22453,-14.950548,-6.577704,-0.003906,24.294209,9.670207,0.0,4.62629,4.047789,0.0,0.0
22461,-15.008073,-6.135918,0.0,24.378771,10.308343,-0.003906,4.62629,4.047789,0.0,0.0
22483,-15.057735,-4.908734,-0.007812,24.47522,11.609158,-0.011719,4.62629,4.047789,0.0,0.0
22485,-15.098769,-5.08054,0.003906,24.584324,12.419099,0.0,4.62629,4.047789,0.0,0.0
22486,-15.148815,-6.258636,0.003906,24.692661,12.76271,-0.003906,4.62629,4.047789,0.0,0.0
22494,-15.207298,-6.405899,-0.003906,24.800615,11.879138,0.0,4.62629,4.047789,0.0,0.0
22514,-15.256769,-5.227802,0.0,24.9032,11.388264,0.003906,4.62629,4.047789,0.0,0.0
22516,-15.300871,-5.105084,0.0,24.996389,11.020109,-0.007812,4.62629,4.047789,0.0,0.0
22523,-15.346699,-4.982366,0.0,25.091112,10.921934,0.0,4.62629,4.047789,0.0,0.0
22545,-15.3908,-4.687841,0.0,25.183918,9.572032,0.003906,4.62629,4.047789,0.0,0.0
22547,-15.420329,-3.264308,0.0,25.258507,8.958441,0.0,4.62629,4.047789,0.0,0.0
22549,-15.451392,-3.583376,0.0,25.333672,7.583995,0.003906,4.62629,4.047789,0.0,0.0
22556,-15.484948,-3.730638,-0.003906,25.401743,7.387646,0.003906,4.62629,4.047789,0.0,0.0
22578,-15.516586,-3.288852,0.0,25.458693,5.792307,0.007812,4.62629,4.047789,0.0,0.0
22580,-15.542281,-2.258018,-0.007812,25.500301,4.295143,0.0,4.62629,4.047789,0.0,0.0
22587,-15.552827,-0.613592,-0.007812,25.535391,3.60792,0.003906,4.62629,4.047789,0.0,0.0
22609,-15.549951,0.343611,0.0,25.57048,4.123337,0.0,4.62629,4.047789,0.0,0.0
22610,-15.549567,-0.245437,0.0,25.607103,4.417861,-0.003906,4.62629,4.047789,0.0,0.0
22612,-15.549759,-0.294524,0.003906,25.640469,3.362483,0.007812,4.62629,4.047789,0.0,0.0
22617,-15.549567,-0.024544,0.0,25.664053,2.159843,0.003906,4.62629,4.047789,0.0,0.0
22650,-15.549567,-0.220893,0.0,25.686296,2.454367,0.003906,4.62629,4.047789,0.0,0.0
22652,-15.549376,-0.245437,0.0,25.702019,1.448077,0.0,4.62629,4.047789,0.0,0.0
22653,-15.549184,0.073631,0.0,25.712948,1.030834,0.0,4.62629,4.047789,0.0,0.0
22654,-15.549376,0.0,-0.003906,25.71966,1.153553,0.0,4.62629,4.047789,0.0,0.0
22673,-15.549184,0.0,0.0,25.727713,0.908116,0.0,4.62629,4.047789,0.0,0.0
22674,-15.549184,-0.171806,0.0,25.731739,0.26998,0.003906,4.62629,4.047789,0.0,0.0
22679,-15.549184,-0.196349,0.0,25.731356,0.294524,0.003906,4.62629,4.047789,0.0,0.0
22705,-15.5488,0.220893,0.0,25.730782,-0.122718,0.003906,4.62629,4.047789,0.0,0.0
22708,-15.548033,0.098175,0.0,25.730972,0.859029,0.0,4.62629,4.047789,0.0,0.0
22711,-15.547649,0.122718,0.0,25.730015,0.245437,-0.003906,4.62629,4.047789,0.0,0.0
22712,-15.547458,0.0,0.0,25.730015,0.368155,0.0,4.62629,4.047789,0.0,0.0
22740,-15.547266,0.196349,-0.003906,25.729822,0.294524,0.0,4.62629,4.047789,0.0,0.0
22742,-15.547074,0.049087,0.003906,25.729439,-0.122718,0.0,4.62629,4.047789,0.0,0.0
22762,-15.547074,-0.392699,0.0,25.729439,-0.122718,0.0,4.62629,4.047789,0.0,0.0
22764,-15.546883,-0.319068,0.0,25.729631,0.26998,0.0,4.62629,4.047789,0.0,0.0
22765,-15.546691,-0.368155,0.0,25.729631,0.294524,0.0,4.62629,4.047789,0.0,0.0
22775,-15.546499,-0.073631,0.0,25.729248,-0.343611,0.0,4.62629,4.047789,0.0,0.0
22777,-15.546499,-0.196349,0.0,25.729248,-0.171806,0.0,4.62629,4.047789,0.0,0.0
22798,-15.546308,0.0,0.0,25.729248,-0.122718,-0.003906,4.62629,4.047789,0.0,0.0
22800,-15.546308,0.0,0.0,25.729439,0.441786,0.0,4.62629,4.047789,0.0,0.0
22809,-15.546308,-0.171806,0.0,25.729248,0.319068,0.0,4.62629,4.047789,0.0,0.0
22836,-15.546116,0.024544,0.0,25.729055,0.294524,0.0,4.62629,4.047789,0.0,0.0
22838,-15.546116,-0.539961,0.0,25.728865,0.024544,0.0,4.62629,4.047789,0.0,0.0
22839,-15.545924,-0.024544,0.0,25.728672,0.245437,0.0,4.62629,4.047789,0.0,0.0
22841,-15.545732,-0.049087,0.003906,25.728865,0.245437,0.0,4.62629,4.047789,0.0,0.0
22861,-15.545732,-0.245437,-0.003906,25.728672,0.073631,0.0,4.62629,4.047789,0.0,0.0
22863,-15.545541,0.122718,0.0,25.728672,0.098175,0.0,4.62629,4.047789,0.0,0.0
22867,-15.545732,-0.46633,0.0,25.728865,0.613592,0.0,4.62629,4.047789,0.0,0.0
22887,-15.545349,0.0,0.0,25.728479,0.319068,0.0,4.62629,4.047789,0.0,0.0
22889,-15.545157,0.122718,0.0,25.728672,0.098175,0.0,4.62629,4.047789,0.0,0.0
22890,-15.545349,-0.368155,0.0,25.728479,-0.122718,0.0,4.62629,4.047789,0.0,0.0
22911,-15.54439,0.024544,0.0,25.728479,-0.171806,0.003906,4.62629,4.047789,0.0,0.0
22912,-15.542089,0.245437,-0.003906,25.728865,0.46633,0.0,4.62629,4.047789,0.0,0.0
22931,-15.53883,0.245437,0.0,25.728672,0.024544,0.0,4.62629,4.047789,0.0,0.0
22933,-15.535378,0.294524,0.0,25.728865,0.441786,0.0,4.62629,4.047789,0.0,0.0
22951,-15.533077,0.245437,0.0,25.728479,-0.196349,0.0,4.62629,4.047789,0.0,0.0
22953,-15.533077,-0.368155,0.0,25.728672,0.122718,-0.003906,4.62629,4.047789,0.0,0.0
22955,-15.533077,-0.245437,0.0,25.728672,0.147262,0.0,4.62629,4.047789,0.0,0.0
22962,-15.533077,-0.245437,0.0,25.728672,0.539961,0.003906,4.62629,4.047789,0.0,0.0
22984,-15.533077,-0.319068,-0.003906,25.728672,0.368155,-0.003906,4.62629,4.047789,0.0,0.0
22986,-15.533077,-0.26998,-0.003906,25.728479,0.392699,0.0,4.62629,4.047789,0.0,0.0
22992,-15.532886,0.0,0.0,25.727905,-0.46633,-0.003906,4.62629,4.047789,0.0,0.0
23013,-15.532886,0.0,0.0,25.728096,0.196349,0.0,4.62629,4.047789,0.0,0.0
23014,-15.533077,-0.245437,0.0,25.728096,0.171806,0.0,4.62629,4.047789,0.0,0.0
23016,-15.532886,0.098175,0.0,25.727905,0.049087,0.003906,4.62629,4.047789,0.0,0.0
23024,-15.533077,-0.245437,0.0,25.728096,0.589048,0.0,4.62629,4.047789,0.0,0.0
23046,-15.532886,0.098175,0.0,25.727713,0.024544,0.003906,4.62629,4.047789,0.0,0.0
23048,-15.532886,0.0,0.0,25.727522,-0.049087,-0.003906,4.62629,4.047789,0.0,0.0
23055,-15.533077,-0.245437,-0.003906,25.727713,0.26998,0.0,4.62629,4.047789,0.0,0.0
23075,-15.532886,0.122718,0.0,25.727139,-0.024544,0.0,4.62629,4.047789,0.0,0.0
23076,-15.532886,0.024544,0.0,25.726372,-0.294524,0.0,4.62629,4.047789,0.0,0.0
23077,-15.532886,0.024544,0.0,25.726179,0.073631,0.0,4.62629,4.047789,0.0,0.0
23088,-15.532886,0.0,0.0,25.725988,0.122718,0.0,4.62629,4.047789,0.0,0.0
23112,-15.533269,-0.73631,0.0,25.725796,-0.171806,0.0,4.62629,4.047789,0.0,0.0
23114,-15.532694,-0.024544,0.0,25.725796,0.0,0.0,4.62629,4.047789,0.0,0.0
23116,-15.53231,0.073631,0.0,25.725796,0.024544,0.0,4.62629,4.047789,0.0,0.0
23118,-15.532118,0.0,0.0,25.725796,0.220893,0.0,4.62629,4.047789,0.0,0.0
23138,-15.531926,-0.368155,0.0,25.725988,0.613592,0.0,4.62629,4.047789,0.0,0.0
23140,-15.531543,0.0,0.0,25.725796,0.343611,0.0,4.62629,4.047789,0.0,0.0
23159,-15.531351,0.147262,0.0,25.725603,0.024544,-0.003906,4.62629,4.047789,0.0,0.0
23161,-15.531351,-0.073631,0.0,25.725603,0.147262,0.0,4.62629,4.047789,0.0,0.0
23180,-15.531351,-0.515417,0.0,25.725603,0.368155,0.0,4.62629,4.047789,0.0,0.0
23181,-15.531159,-0.26998,-0.003906,25.725603,0.711766,0.0,4.62629,4.047789,0.0,0.0
23182,-15.530776,0.049087,0.0,25.725412,0.490873,-0.003906,4.62629,4.047789,0.0,0.0
23204,-15.530584,0.122718,0.0,25.725029,-0.122718,0.0,4.62629,4.047789,0.0,0.0
23206,-15.530393,0.073631,0.0,25.72522,0.343611,0.003906,4.62629,4.047789,0.0,0.0
23211,-15.530201,0.0,0.0,25.725029,0.024544,0.0,4.62629,4.047789,0.0,0.0
23234,-15.529818,-0.049087,0.0,25.724836,-0.147262,0.003906,4.62629,4.047789,0.0,0.0
23236,-15.529818,-0.171806,0.0,25.724836,-0.098175,0.0,4.62629,4.047789,0.0,0.0
23241,-15.529433,-0.049087,0.0,25.724836,0.049087,0.0,4.62629,4.047789,0.0,0.0
23242,-15.529242,-0.147262,-0.003906,25.724836,0.220893,0.0,4.62629,4.047789,0.0,0.0
23266,-15.52905,-0.245437,0.0,25.724836,0.245437,0.0,4.62629,4.047789,0.0,0.0
23270,-15.528858,-0.122718,0.0,25.724836,0.343611,0.0,4.62629,4.047789,0.0,0.0
23275,-15.528666,-0.049087,0.0,25.724453,-0.122718,-0.003906,4.62629,4.047789,0.0,0.0
23297,-15.528666,-0.245437,0.0,25.724262,-0.26998,-0.003906,4.62629,4.047789,0.0,0.0
23300,-15.528475,0.0,0.0,25.724453,0.245437,0.0,4.62629,4.047789,0.0,0.0
23305,-15.528475,-0.024544,0.0,25.72407,-0.171806,0.0,4.62629,4.047789,0.0,0.0
23309,-15.528475,-0.073631,0.0,25.72407,0.024544,0.0,4.62629,4.047789,0.0,0.0
23328,-15.528475,-0.220893,0.0,25.724262,0.343611,0.0,4.62629,4.047789,0.0,0.0
23331,-15.528475,-0.073631,0.0,25.72407,0.245437,0.0,4.62629,4.047789,0.0,0.0
23338,-15.528283,0.122718,0.0,25.723879,0.049087,0.0,4.62629,4.047789,0.0,0.0
23358,-15.528475,-0.171806,0.0,25.723686,-0.122718,0.0,4.62629,4.047789,0.0,0.0
23362,-15.528666,-0.589048,0.0,25.723686,0.073631,-0.003906,4.62629,4.047789,0.0,0.0
23366,-15.528091,0.245437,0.0,25.723879,0.613592,-0.003906,4.62629,4.047789,0.0,0.0
23370,-15.5279,0.0,0.0,25.723495,0.196349,0.0,4.62629,4.047789,0.0,0.0
23389,-15.527516,-0.368155,0.0,25.723495,0.564505,0.0,4.62629,4.047789,0.0,0.0
23394,-15.526558,-0.220893,0.0,25.723303,0.245437,0.0,4.62629,4.047789,0.0,0.0
23401,-15.525023,0.343611,0.0,25.723303,0.490873,0.0,4.62629,4.047789,0.0,0.0
23422,-15.523298,0.073631,0.0,25.722919,-0.122718,0.0,4.62629,4.047789,0.0,0.0
23426,-15.520422,0.171806,0.0,25.722729,-0.122718,-0.003906,4.62629,4.047789,0.0,0.0
23429,-15.514861,0.613592,0.0,25.722729,0.245437,0.003906,4.62629,4.047789,0.0,0.0
23434,-15.504123,1.497164,0.0,25.722536,0.220893,0.0,4.62629,4.047789,0.0,0.0
23451,-15.49281,1.104465,0.0,25.722343,0.196349,0.0,4.62629,4.047789,0.0,0.0
23455,-15.478812,2.037125,-0.003906,25.722153,0.024544,0.0,4.62629,4.047789,0.0,0.0
23461,-15.457911,2.601629,-0.003906,25.722153,0.343611,0.0,4.62629,4.047789,0.0,0.0
23481,-15.430876,3.460658,-0.003906,25.721386,0.098175,0.0,4.62629,4.047789,0.0,0.0
23486,-15.389649,5.522326,-0.007812,25.719469,-0.220893,0.0,4.62629,4.047789,0.0,0.0
23492,-15.279587,6.234093,0.0,25.711224,-0.711766,0.0,4.62629,4.047789,0.0,0.0
23515,-15.216694,7.755801,0.0,25.700676,-1.079922,0.0,4.62629,4.047789,0.0,0.0
23517,-15.156676,6.823141,0.003906,25.691666,-1.153553,0.003906,4.62629,4.047789,0.0,0.0
23524,-15.095893,6.700423,-0.003906,25.681694,-1.251727,0.0,4.62629,4.047789,0.0,0.0
23545,-15.02648,8.933897,-0.011719,25.670572,-0.859029,0.0,4.62629,4.047789,0.0,0.0
23548,-14.951507,8.173043,0.0,25.664246,-0.539961,0.0,4.62629,4.047789,0.0,0.0
23550,-14.872699,9.302052,0.0,25.655807,-1.349902,0.003906,4.62629,4.047789,0.0,0.0
23557,-14.789864,8.320305,0.0,25.646221,-0.613592,0.0,4.62629,4.047789,0.0,0.0
23576,-14.708371,10.136537,-0.011719,25.639702,-0.73631,0.0,4.62629,4.047789,0.0,0.0
23579,-14.606936,10.55378,0.003906,25.632607,-0.687223,0.0,4.62629,4.047789,0.0,0.0
23585,-14.510488,12.0264,-0.003906,25.626087,-0.392699,-0.007812,4.62629,4.047789,0.0,0.0
23607,-14.407711,11.412807,-0.011719,25.625895,0.417242,0.0,4.62629,4.047789,0.0,0.0
23609,-14.293621,13.327214,0.023438,25.626087,0.245437,0.0,4.62629,4.047789,0.0,0.0
23612,-14.17934,12.959059,-0.007812,25.626087,0.245437,0.0,4.62629,4.047789,0.0,0.0
23622,-14.060648,13.03269,0.0,25.626087,0.245437,0.0,4.62629,4.047789,0.0,0.0
23640,-13.95116,14.259874,0.003906,25.626087,0.171806,0.0,4.62629,4.047789,0.0,0.0
23643,-13.833427,13.008146,-0.011719,25.626087,-0.024544,0.0,4.62629,4.047789,0.0,0.0
23647,-13.712818,13.204496,0.003906,25.626087,0.0,0.0,4.62629,4.047789,0.0,0.0
23669,-13.593168,13.400846,-0.003906,25.626278,-0.024544,0.0,4.62629,4.047789,0.0,0.0
23672,-13.475627,13.327214,-0.007812,25.626471,0.0,0.0,4.62629,4.047789,0.0,0.0
23674,-13.353676,13.351758,0.007812,25.626663,0.0,0.0,4.62629,4.047789,0.0,0.0
23681,-13.23345,12.76271,-0.003906,25.627237,-0.122718,0.0,4.62629,4.047789,0.0,0.0
23702,-13.118785,13.03269,0.003906,25.627621,0.196349,0.0,4.62629,4.047789,0.0,0.0
23705,-13.006229,11.952768,0.003906,25.62743,0.0,0.0,4.62629,4.047789,0.0,0.0
23711,-12.901727,11.314633,0.0,25.627813,0.515417,0.0,4.62629,4.047789,0.0,0.0
23733,-12.802977,9.964731,0.011719,25.627813,0.417242,0.007812,4.62629,4.047789,0.0,0.0
23736,-12.718416,10.062906,0.007812,25.627621,0.024544,0.0,4.62629,4.047789,0.0,0.0
23738,-12.639608,8.271217,0.0,25.627813,0.122718,0.0,4.62629,4.047789,0.0,0.0
23744,-12.560416,8.41848,0.003906,25.629154,0.441786,0.0,4.62629,4.047789,0.0,0.0
23764,-12.489278,7.461277,0.011719,25.629154,-0.122718,0.0,4.62629,4.047789,0.0,0.0
23767,-12.432521,6.062287,0.0,25.629347,0.245437,0.003906,4.62629,4.047789,0.0,0.0
23773,-12.3842,5.448695,0.003906,25.629347,0.196349,0.0,4.62629,4.047789,0.0,0.0
23794,-12.33703,5.350521,0.0,25.629539,0.024544,0.0,4.62629,4.047789,0.0,0.0
23797,-12.290819,5.154171,0.0,25.630114,0.343611,0.0,4.62629,4.047789,0.0,0.0
23800,-12.235404,6.945859,0.0,25.630306,0.196349,-0.003906,4.62629,4.047789,0.0,0.0
23806,-12.187276,5.27689,0.007812,25.630497,-0.049087,-0.003906,4.62629,4.047789,0.0,0.0
23826,-12.148927,3.14159,0.003906,25.63069,0.319068,0.0,4.62629,4.047789,0.0,0.0
23829,-12.120164,2.724348,0.0,25.63069,0.343611,0.0,4.62629,4.047789,0.0,0.0
23849,-12.089869,4.07425,-0.007812,25.630497,0.098175,0.0,4.62629,4.047789,0.0,0.0
23851,-12.045766,5.129628,-0.007812,25.63069,0.368155,0.0,4.62629,4.047789,0.0,0.0
23854,-12.001664,4.687841,0.003906,25.63069,0.171806,0.0,4.62629,4.047789,0.0,0.0
23871,-11.965232,3.976075,0.0,25.63088,-0.073631,0.0,4.62629,4.047789,0.0,0.0
23873,-11.928992,3.951531,-0.003906,25.631264,-0.122718,0.0,4.62629,4.047789,0.0,0.0
23890,-11.890067,4.368774,0.003906,25.63203,0.220893,0.0,4.62629,4.047789,0.0,0.0
23892,-11.857087,2.847066,0.007812,25.632414,-0.073631,0.0,4.62629,4.047789,0.0,0.0
23900,-11.842514,0.883572,0.003906,25.63299,0.245437,0.0,4.62629,4.047789,0.0,0.0
23903,-11.837145,0.122718,0.003906,25.633373,0.515417,0.0,4.62629,4.047789,0.0,0.0
23932,-11.83772,-0.196349,0.0,25.633566,0.26998,0.0,4.62629,4.047789,0.0,0.0
23957,-11.838103,-0.024544,0.0,25.638935,0.589048,0.0,4.62629,4.047789,0.0,0.0
23963,-11.839829,-0.46633,0.003906,25.678434,2.969784,0.0,4.62629,4.047789,0.0,0.0
23993,-11.840405,-0.26998,0.003906,25.704321,3.288852,0.0,4.62629,4.047789,0.0,0.0
23996,-11.84098,-0.368155,-0.003906,25.730972,3.411571,0.0,4.62629,4.047789,0.0,0.0
23998,-11.842131,-0.46633,0.003906,25.759735,3.583376,0.0,4.62629,4.047789,0.0,0.0
24000,-11.844048,-0.073631,0.0,25.786579,3.018872,0.003906,4.62629,4.047789,0.0,0.0
24014,-11.847499,-0.662679,0.0,25.815918,3.681551,0.0,4.62629,4.047789,0.0,0.0
24016,-11.852293,-0.859029,0.003906,25.843912,2.969784,-0.003906,4.62629,4.047789,0.0,0.0
24040,-11.859771,-1.153553,0.0,25.874016,4.098794,0.0,4.62629,4.047789,0.0,0.0
24042,-11.867633,-0.687223,-0.003906,25.912941,4.835104,0.0,4.62629,4.047789,0.0,0.0
24056,-11.868591,0.098175,-0.007812,25.954359,4.81056,0.0,4.62629,4.047789,0.0,0.0
24058,-11.867825,-0.171806,0.003906,26.016869,3.117046,0.0,4.62629,4.047789,0.0,0.0
24076,-11.867633,0.122718,0.0,26.044863,3.362483,0.003906,4.62629,4.047789,0.0,0.0
24080,-11.868016,-0.539961,-0.003906,26.074585,3.558833,0.0,4.62629,4.047789,0.0,0.0
24083,-11.867825,-0.343611,-0.007812,26.104881,3.60792,0.003906,4.62629,4.047789,0.0,0.0
24088,-11.867633,0.122718,0.003906,26.133068,3.190677,0.0,4.62629,4.047789,0.0,0.0
24108,-11.867633,0.122718,0.003906,26.160103,2.724348,0.003906,4.62629,4.047789,0.0,0.0
24110,-11.867633,-0.122718,-0.003906,26.184647,2.650717,0.003906,4.62629,4.047789,0.0,0.0
24117,-11.867441,0.294524,0.003906,26.210917,3.14159,0.0,4.62629,4.047789,0.0,0.0
24139,-11.867633,-0.245437,0.0,26.237761,3.60792,0.0,4.62629,4.047789,0.0,0.0
24142,-11.867249,-0.171806,-0.003906,26.271509,4.246056,0.003906,4.62629,4.047789,0.0,0.0
24144,-11.867249,0.0,-0.003906,26.305449,3.828813,0.003906,4.62629,4.047789,0.0,0.0
24151,-11.867249,0.024544,0.0,26.335552,3.190677,0.003906,4.62629,4.047789,0.0,0.0
24183,-11.867249,-0.245437,0.0,26.354919,1.546251,0.0,4.62629,4.047789,0.0,0.0
24185,-11.867249,-0.245437,0.003906,26.366041,1.423533,0.003906,4.62629,4.047789,0.0,0.0
24187,-11.867441,-0.171806,0.0,26.379463,1.963494,0.0,4.62629,4.047789,0.0,0.0
24202,-11.867249,0.0,0.0,26.398254,2.380736,-0.003906,4.62629,4.047789,0.0,0.0
24204,-11.867633,-0.294524,0.003906,26.419922,2.847066,0.0,4.62629,4.047789,0.0,0.0
24206,-11.867825,-0.589048,0.0,26.441973,2.184387,0.0,4.62629,4.047789,0.0,0.0
24212,-11.867633,-0.220893,-0.003906,26.462297,2.233474,0.003906,4.62629,4.047789,0.0,0.0
24236,-11.867441,0.0,-0.003906,26.475529,1.374446,-0.003906,4.62629,4.047789,0.0,0.0
24239,-11.867249,0.0,0.0,26.483006,-0.098175,0.0,4.62629,4.047789,0.0,0.0
24243,-11.867249,0.098175,-0.003906,26.483006,0.171806,0.0,4.62629,4.047789,0.0,0.0
24263,-11.867249,-0.122718,0.0,26.480898,0.0,0.003906,4.62629,4.047789,0.0,0.0
24266,-11.865523,0.073631,-0.003906,26.480898,0.26998,0.0,4.62629,4.047789,0.0,0.0
24268,-11.86303,0.0,0.007812,26.480515,0.122718,-0.003906,4.62629,4.047789,0.0,0.0
24276,-11.863606,0.049087,0.0,26.480322,-0.073631,0.0,4.62629,4.047789,0.0,0.0
24294,-11.863798,0.0,0.0,26.479939,-0.196349,0.0,4.62629,4.047789,0.0,0.0
24297,-11.863798,0.0,-0.003906,26.476679,-0.46633,0.0,4.62629,4.047789,0.0,0.0
24305,-11.86399,0.122718,0.0,26.475336,0.024544,0.0,4.62629,4.047789,0.0,0.0
24325,-11.864182,-0.368155,0.003906,26.47361,-0.343611,0.003906,4.62629,4.047789,0.0,0.0
24327,-11.864373,-0.171806,0.0,26.46805,-0.760854,0.0,4.62629,4.047789,0.0,0.0
24330,-11.867633,-0.662679,0.0,26.457312,-2.037125,0.003906,4.62629,4.047789,0.0,0.0
24342,-11.869934,-0.392699,-0.003906,26.439287,-1.914407,0.0,4.62629,4.047789,0.0,0.0
24357,-11.871084,-0.196349,-0.003906,26.414743,-3.067959,0.003906,4.62629,4.047789,0.0,0.0
24369,-11.87281,-0.46633,0.003906,26.375053,-5.522326,0.011719,4.62629,4.047789,0.0,0.0
24387,-11.923623,-4.368774,0.0,26.228558,-9.645663,0.0,4.62629,4.047789,0.0,0.0
24390,-11.969451,-6.037744,0.003906,26.135176,-11.486439,0.003906,4.62629,4.047789,0.0,0.0
24392,-12.035795,-8.516654,0.007812,26.0324,-11.780963,0.0,4.62629,4.047789,0.0,0.0
24400,-12.119205,-10.111993,0.011719,25.922913,-12.664536,0.0,4.62629,4.047789,0.0,0.0
24420,-12.218914,-12.811797,0.007812,25.813616,-12.100031,0.003906,4.62629,4.047789,0.0,0.0
24423,-12.325717,-12.541817,0.0,25.697226,-12.541817,0.0,4.62629,4.047789,0.0,0.0
24429,-12.433096,-12.050943,0.003906,25.580643,-12.689079,0.0,4.62629,4.047789,0.0,0.0
24451,-12.541242,-12.517273,0.0,25.470005,-11.854594,0.0,4.62629,4.047789,0.0,0.0
24453,-12.658783,-11.314633,-0.007812,25.349396,-11.756419,-0.007812,4.62629,4.047789,0.0,0.0
24456,-12.757341,-11.412807,0.007812,25.246811,-10.62741,0.0,4.62629,4.047789,0.0,0.0
24465,-12.850722,-10.578323,-0.003906,25.150169,-10.89739,0.0,4.62629,4.047789,0.0,0.0
24485,-12.941419,-9.915644,0.0,25.057364,-9.915644,-0.007812,4.62629,4.047789,0.0,0.0
24487,-13.019268,-9.032072,0.003906,24.970694,-8.320305,0.0,4.62629,4.047789,0.0,0.0
24494,-13.097884,-9.351139,0.003906,24.886133,-8.909353,0.003906,4.62629,4.047789,0.0,0.0
24511,-13.173625,-7.510364,-0.007812,24.798122,-9.915644,0.0,4.62629,4.047789,0.0,0.0
24513,-13.244571,-8.614829,0.0,24.706467,-9.940187,0.0,4.62629,4.047789,0.0,0.0
24515,-13.313984,-7.289471,0.003906,24.61903,-9.743838,0.007812,4.62629,4.047789,0.0,0.0
24526,-13.38052,-8.271217,0.007812,24.528334,-9.866556,0.0,4.622647,4.047789,0.0,0.0
24544,-13.457411,-8.786634,-0.003906,24.436869,-9.743838,0.0,4.622647,4.047789,0.0,0.0
24547,-13.529699,-8.271217,0.0,24.350199,-9.130246,0.0,4.622647,4.047789,0.0,0.0
24568,-13.600838,-8.295761,0.007812,24.271391,-8.369392,0.0,4.622647,4.047789,0.0,0.0
24570,-13.675811,-8.393936,0.003906,24.188364,-9.228421,-0.007812,4.622647,4.047789,0.0,0.0
24586,-13.751935,-9.375683,-0.003906,24.110516,-8.173043,-0.003906,4.622647,4.047789,0.0,0.0
24587,-13.830551,-8.123956,-0.007812,24.037268,-8.050324,0.007812,4.622647,4.047789,0.0,0.0
24590,-13.899197,-8.050324,0.003906,23.961527,-8.074868,0.0,4.622647,4.047789,0.0,0.0
24608,-13.975704,-9.449314,0.007812,23.885788,-8.123956,0.0,4.622647,4.047789,0.0,0.0
24611,-14.057388,-9.228421,-0.007812,23.814074,-7.314014,-0.003906,4.622647,4.047789,0.0,0.0
24618,-14.138882,-9.621119,-0.007812,23.750988,-6.970403,0.0,4.622647,4.047789,0.0,0.0
24637,-14.216731,-8.271217,0.007812,23.682919,-7.461277,0.003906,4.622647,4.047789,0.0,0.0
24640,-14.296497,-9.768382,0.0,23.61178,-7.583995,0.0,4.622647,4.047789,0.0,0.0
24651,-14.378757,-8.860266,-0.011719,23.544477,-7.48582,-0.003906,4.622647,4.047789,0.0,0.0
24653,-14.455457,-8.541198,0.0,23.483309,-6.185006,-0.003906,4.622647,4.047789,0.0,0.0
24670,-14.535223,-8.762092,0.0,23.428854,-5.645045,0.003906,4.622647,4.047789,0.0,0.0
24673,-14.610004,-9.228421,0.0,23.372478,-6.675879,0.007812,4.622647,4.047789,0.0,0.0
24680,-14.68843,-8.271217,-0.007812,23.312462,-6.528617,0.0,4.622647,4.047789,0.0,0.0
24702,-14.754391,-7.314014,-0.007812,23.261457,-4.761473,0.0,4.622647,4.047789,0.0,0.0
24704,-14.818818,-7.240384,0.007812,23.219082,-4.295143,0.0,4.622647,4.047789,0.0,0.0
24711,-14.885546,-6.823141,-0.003906,23.175364,-5.08054,0.003906,4.622647,4.047789,0.0,0.0
24713,-14.945562,-7.314014,-0.003906,23.129152,-5.375064,0.007812,4.622647,4.047789,0.0,0.0
24733,-15.007497,-7.363102,0.0,23.082748,-5.27689,-0.003906,4.622647,4.047789,0.0,0.0
24735,-15.064255,-5.669589,-0.003906,23.035963,-4.982366,0.0,4.622647,4.047789,0.0,0.0
24747,-15.113534,-5.473239,0.003906,22.989943,-4.81056,-0.007812,4.622647,4.047789,0.0,0.0
24762,-15.170483,-7.142209,0.003906,22.953127,-3.288852,0.0,4.622647,4.047789,0.0,0.0
24764,-15.228966,-6.160462,-0.007812,22.926666,-2.012581,-0.003906,4.622647,4.047789,0.0,0.0
24775,-15.274601,-5.105084,0.0,22.905191,-2.258018,0.0,4.622647,4.047789,0.0,0.0
24793,-15.315827,-4.516036,-0.003906,22.88851,-1.816232,0.0,4.622647,4.047789,0.0,0.0
24795,-15.356094,-4.835104,0.0,22.876812,-0.73631,-0.003906,4.622647,4.047789,0.0,0.0
24825,-15.392142,-3.853357,-0.003906,22.873169,0.049087,-0.003906,4.622647,4.047789,0.0,0.0
24838,-15.482455,-4.638754,0.003906,22.871826,0.196349,0.0,4.622647,4.047789,0.0,0.0
24859,-15.573536,-2.994328,-0.011719,22.873745,0.245437,0.0,4.622647,4.047789,0.0,0.0
24862,-15.584273,-0.319068,-0.007812,22.874512,0.392699,0.003906,4.622647,4.047789,0.0,0.0
24863,-15.584082,0.294524,-0.003906,22.874512,0.368155,0.003906,4.622647,4.047789,0.0,0.0
24871,-15.584273,-0.049087,0.0,22.874319,0.171806,0.0,4.622647,4.047789,0.0,0.0
24889,-15.584848,-0.319068,0.0,22.874512,0.196349,0.0,4.622647,4.047789,0.0,0.0
24890,-15.585424,-0.392699,0.0,22.874702,0.024544,0.0,4.622647,4.047789,0.0,0.0
24919,-15.585999,-0.294524,0.0,22.874895,0.294524,0.0,4.622647,4.047789,0.0,0.0
24922,-15.587341,-0.245437,0.0,22.875469,0.245437,0.0,4.622647,4.047789,0.0,0.0
24924,-15.589451,-0.515417,0.003906,22.876621,0.0,-0.003906,4.622647,4.047789,0.0,0.0
24942,-15.59482,-1.178096,0.003906,22.879305,0.46633,-0.003906,4.622647,4.047789,0.0,0.0
24944,-15.620706,-2.331649,0.007812,22.882374,0.26998,0.0,4.622647,4.047789,0.0,0.0
24962,-15.647358,-3.436114,0.003906,22.882374,0.319068,0.003906,4.622647,4.047789,0.0,0.0
24964,-15.681489,-4.393317,0.003906,22.882565,0.196349,0.0,4.622647,4.047789,0.0,0.0
24966,-15.724057,-5.203259,0.003906,22.882757,0.490873,0.0,4.622647,4.047789,0.0,0.0
24983,-15.766817,-4.884191,0.0,22.882757,0.024544,-0.003906,4.622647,4.047789,0.0,0.0
24984,-15.808426,-4.835104,0.0,22.882757,0.368155,-0.003906,4.622647,4.047789,0.0,0.0
24993,-15.854829,-5.350521,0.0,22.882565,0.171806,-0.003906,4.622647,4.047789,0.0,0.0
25013,-15.899123,-4.442405,-0.007812,22.882757,0.220893,0.0,4.622647,4.047789,0.0,0.0
25016,-15.926927,-1.93895,-0.007812,22.882565,-0.098175,0.0,4.622647,4.047789,0.0,0.0
25023,-15.933638,0.122718,-0.007812,22.882757,0.196349,0.0,4.622647,4.047789,0.0,0.0
25025,-15.93172,0.049087,0.0,22.882948,0.392699,0.0,4.622647,4.047789,0.0,0.0
25045,-15.931911,0.0,0.0,22.882565,-0.417242,0.0,4.622647,4.047789,0.0,0.0
25047,-15.931911,0.0,0.0,22.882948,0.196349,0.0,4.622647,4.047789,0.0,0.0
25056,-15.931528,0.0,0.0,22.882948,0.319068,0.0,4.622647,4.047789,0.0,0.0
25075,-15.930378,-0.122718,-0.007812,22.882948,0.196349,0.0,4.622647,4.047789,0.0,0.0
25078,-15.928652,0.368155,0.0,22.882757,-0.122718,0.003906,4.622647,4.047789,0.0,0.0
25087,-15.92846,-0.049087,0.0,22.882948,0.245437,0.0,4.622647,4.047789,0.0,0.0
25089,-15.928268,-0.098175,0.0,22.882948,0.073631,0.0,4.622647,4.047789,0.0,0.0
25107,-15.92731,0.0,-0.003906,22.883141,0.147262,0.003906,4.622647,4.047789,0.0,0.0
25109,-15.922132,0.785398,-0.007812,22.885441,0.417242,0.0,4.622647,4.047789,0.0,0.0
25120,-15.914463,0.908116,-0.003906,22.893494,0.981747,-0.003906,4.622647,4.047789,0.0,0.0
25137,-15.901615,1.227184,0.0,22.912285,2.87161,-0.003906,4.622647,4.047789,0.0,0.0
25140,-15.889919,0.93266,0.0,22.946033,4.34423,0.0,4.622647,4.047789,0.0,0.0
25147,-15.880332,0.809941,0.0,22.986683,5.227802,-0.007812,4.622647,4.047789,0.0,0.0
25149,-15.873045,0.589048,0.0,23.034813,5.27689,0.003906,4.622647,4.047789,0.0,0.0
25171,-15.863458,1.644426,-0.007812,23.077572,4.246056,0.003906,4.622647,4.047789,0.0,0.0
25173,-15.835654,3.976075,0.0,23.119564,4.908734,-0.003906,4.622647,4.047789,0.0,0.0
25180,-15.799606,3.853357,0.0,23.166542,5.325977,-0.003906,4.622647,4.047789,0.0,0.0
25201,-15.758763,4.81056,-0.007812,23.220999,6.258636,0.0,4.622647,4.047789,0.0,0.0
25205,-15.715428,5.694132,0.0,23.274879,6.724967,0.0,4.622647,4.047789,0.0,0.0
25213,-15.624349,5.595957,0.0,23.407187,6.651335,0.0,4.622647,4.047789,0.0,0.0
25233,-15.56855,6.994947,-0.003906,23.46797,6.74951,0.0,4.622647,4.047789,0.0,0.0
25234,-15.503164,6.798597,0.003906,23.531246,7.461277,0.0,4.622647,4.047789,0.0,0.0
25244,-15.45446,5.865938,0.007812,23.588387,7.068578,0.0,4.622647,4.047789,0.0,0.0
25262,-15.401155,5.964112,-0.007812,23.652048,6.847685,0.0,4.622647,4.047789,0.0,0.0
25264,-15.338262,6.970403,0.0,23.709955,5.988656,0.0,4.622647,4.047789,0.0,0.0
25266,-15.27882,6.381355,0.0,23.757509,5.424152,0.0,4.622647,4.047789,0.0,0.0
25276,-15.214201,7.608539,0.0,23.805061,5.497783,-0.003906,4.622647,4.047789,0.0,0.0
25295,-15.152842,7.191296,0.003906,23.854342,6.626791,0.0,4.622647,4.047789,0.0,0.0
25296,-15.095893,6.037744,0.0,23.908989,6.086831,0.0,4.622647,4.047789,0.0,0.0
25306,-15.032232,7.363102,-0.011719,23.9575,5.54687,0.0,4.622647,4.047789,0.0,0.0
25326,-14.961094,7.829432,0.003906,24.004095,5.375064,0.003906,4.622647,4.047789,0.0,0.0
25327,-14.887464,8.909353,0.0,24.050116,5.301434,-0.003906,4.622647,4.047789,0.0,0.0
25329,-14.817859,8.099412,0.0,24.088081,4.565123,0.003906,4.612485,4.047789,0.0,0.0
25338,-14.743652,7.731257,0.0,24.134293,5.669589,0.0,4.612485,4.047789,0.0,0.0
25358,-14.660435,9.817469,-0.007812,24.190666,6.700423,0.0,4.612485,4.047789,0.0,0.0
25360,-14.573573,9.277509,0.007812,24.2526,6.700423,0.003906,4.612485,4.047789,0.0,0.0
25373,-14.488245,9.179334,-0.003906,24.307249,5.694132,0.0,4.612485,4.047789,0.0,0.0
25375,-14.41423,8.443024,0.0,24.35672,6.577704,-0.003906,4.612485,4.047789,0.0,0.0
25389,-14.327944,10.504692,0.0,24.415201,6.847685,-0.003906,4.612485,4.047789,0.0,0.0
25391,-14.242425,8.68846,0.007812,24.47426,6.896772,-0.003906,4.612485,4.047789,0.0,0.0
25398,-14.163424,9.375683,-0.003906,24.535236,7.117665,0.003906,4.612485,4.047789,0.0,0.0
25420,-14.081165,9.179334,0.0,24.590076,5.54687,0.003906,4.612485,4.047789,0.0,0.0
25422,-13.99929,9.400227,0.003906,24.635712,4.884191,0.0,4.612485,4.047789,0.0,0.0
25429,-13.922399,8.909353,0.0,24.675787,5.595957,-0.003906,4.612485,4.047789,0.0,0.0
25431,-13.844933,8.933897,-0.007812,24.727558,6.111374,0.0,4.612485,4.047789,0.0,0.0
25453,-13.755386,10.038363,0.003906,24.782207,6.307724,0.003906,4.612485,4.047789,0.0,0.0
25454,-13.666224,10.480148,0.003906,24.833786,6.111374,0.0,4.612485,4.047789,0.0,0.0
25462,-13.57476,10.087449,0.0,24.880957,5.399608,0.0,4.612485,4.047789,0.0,0.0
25482,-13.486556,9.989275,-0.007812,24.922182,4.295143,-0.003906,4.612485,4.047789,0.0,0.0
25484,-13.389149,10.234712,0.003906,24.961298,4.565123,-0.003906,4.612485,4.047789,0.0,0.0
25493,-13.301329,9.719295,-0.003906,25.003099,5.105084,0.0,4.612485,4.047789,0.0,0.0
25495,-13.221178,9.473858,0.0,25.046051,5.792307,0.0,4.612485,4.047789,0.0,0.0
25513,-13.132015,10.504692,0.0,25.098015,6.037744,0.0,4.612485,4.047789,0.0,0.0
25515,-13.04036,9.547489,0.003906,25.144226,4.565123,0.003906,4.612485,4.047789,0.0,0.0
25524,-12.957717,9.15479,0.0,25.185644,4.442405,0.0,4.612485,4.047789,0.0,0.0
25544,-12.873732,9.007528,0.0,25.22917,5.252346,0.0,4.612485,4.047789,0.0,0.0
25546,-12.806236,8.148499,0.007812,25.270588,5.424152,0.0,4.612485,4.047789,0.0,0.0
25547,-12.732413,7.412189,0.007812,25.316223,4.908734,0.0,4.612485,4.047789,0.0,0.0
25556,-12.672588,5.816851,0.0,25.36301,5.252346,0.0,4.612485,4.047789,0.0,0.0
25587,-12.615256,7.21584,-0.007812,25.411713,5.620501,0.0,4.612485,4.047789,0.0,0.0
25588,-12.548719,7.240384,0.003906,25.459267,5.252346,0.0,4.612485,4.047789,0.0,0.0
25591,-12.496181,5.694132,0.007812,25.498192,5.031453,-0.003906,4.612485,4.047789,0.0,0.0
25607,-12.448627,4.982366,0.003906,25.54517,5.350521,-0.007812,4.612485,4.047789,0.0,0.0
25609,-12.402416,4.81056,0.0,25.599627,6.994947,-0.003906,4.612485,4.047789,0.0,0.0
25611,-12.362916,3.730638,0.0,25.657534,6.994947,0.0,4.612485,4.047789,0.0,0.0
25618,-12.329936,3.313396,0.0,25.714867,6.454986,0.0,4.612485,4.047789,0.0,0.0
25638,-12.301366,3.387027,0.0,25.759735,5.767763,0.007812,4.612485,4.047789,0.0,0.0
25640,-12.268193,4.000618,-0.003906,25.810165,5.767763,-0.003906,4.612485,4.047789,0.0,0.0
25649,-12.227735,4.417861,0.0,25.860403,6.062287,0.0,4.612485,4.047789,0.0,0.0
25670,-12.195137,2.429824,0.007812,25.917927,7.314014,-0.003906,4.612485,4.047789,0.0,0.0
25671,-12.178455,1.104465,0.003906,25.98197,8.148499,0.003906,4.612485,4.047789,0.0,0.0
25702,-12.177305,-0.368155,0.0,26.035276,7.093122,0.003906,4.612485,4.047789,0.0,0.0
25704,-12.164266,1.030834,-0.003906,26.176977,5.399608,0.0,4.612485,4.047789,0.0,0.0
25711,-12.156021,0.589048,0.007812,26.224339,5.669589,-0.003906,4.612485,4.047789,0.0,0.0
25713,-12.149885,0.883572,0.0,26.278795,6.430442,0.0,4.612485,4.047789,0.0,0.0
25732,-12.138763,1.66897,0.0,26.333252,5.522326,0.011719,4.612485,4.047789,0.0,0.0
25734,-12.12515,1.325358,0.0,26.377354,4.589667,0.003906,4.612485,4.047789,0.0,0.0
25743,-12.109618,1.988037,-0.003906,26.408993,3.485202,0.003906,4.612485,4.047789,0.0,0.0
25762,-12.082773,3.804269,-0.007812,26.439863,3.411571,0.0,4.612485,4.047789,0.0,0.0
25763,-12.046341,3.853357,0.0,26.467474,2.969784,0.0,4.612485,4.047789,0.0,0.0
25764,-12.012403,3.730638,0.0,26.491827,2.454367,0.0,4.612485,4.047789,0.0,0.0
25780,-11.986516,2.380736,0.003906,26.513302,2.086212,0.003906,4.612485,4.047789,0.0,0.0
25796,-11.969451,1.570795,0.0,26.527876,1.66897,0.0,4.612485,4.047789,0.0,0.0
25799,-11.955836,0.908116,0.007812,26.538422,1.153553,0.003906,4.612485,4.047789,0.0,0.0
25806,-11.954686,-0.564505,0.003906,26.548201,1.693513,0.0,4.612485,4.047789,0.0,0.0
25826,-11.95948,-0.760854,0.0,26.559896,1.251727,0.003906,4.612485,4.047789,0.0,0.0
25829,-11.963123,-0.539961,0.0,26.570444,1.300815,0.0,4.612485,4.047789,0.0,0.0
25855,-11.961972,-0.098175,0.003906,26.583099,1.497164,0.003906,4.612485,4.047789,0.0,0.0
25858,-11.961589,0.0,0.0,26.603807,1.374446,-0.003906,4.612485,4.047789,0.0,0.0
25860,-11.961589,-0.147262,0.003906,26.60956,0.662679,0.0,4.612485,4.047789,0.0,0.0
25870,-11.961589,-0.098175,0.0,26.61071,0.343611,0.0,4.612485,4.047789,0.0,0.0
25889,-11.961397,0.024544,0.0,26.60956,0.073631,0.0,4.612485,4.047789,0.0,0.0
25891,-11.961397,0.098175,0.0,26.608984,0.073631,0.0,4.612485,4.047789,0.0,0.0
25899,-11.961397,0.024544,-0.003906,26.607834,0.294524,0.0,4.612485,4.047789,0.0,0.0
25921,-11.961589,-0.392699,0.0,26.607643,0.0,0.0,4.612485,4.047789,0.0,0.0
25924,-11.961397,0.024544,0.0,26.607258,0.098175,0.0,4.612485,4.047789,0.0,0.0
25926,-11.961589,-0.343611,0.0,26.603615,-0.441786,0.0,4.612485,4.047789,0.0,0.0
25954,-11.961397,-0.024544,0.0,26.599588,-0.662679,0.0,4.612485,4.047789,0.0,0.0
25956,-11.961397,0.294524,-0.003906,26.583099,-1.742601,0.003906,4.612485,4.047789,0.0,0.0
25958,-11.962164,-0.196349,0.0,26.562582,-2.748891,0.0,4.612485,4.047789,0.0,0.0
25977,-11.962932,-0.049087,0.0,26.533819,-3.951531,0.003906,4.612485,4.047789,0.0,0.0
25996,-11.963315,-0.147262,0.0,26.478979,-7.780344,0.007812,4.612485,4.047789,0.0,0.0
25998,-11.995145,-3.288852,0.003906,26.300079,-12.100031,0.0,4.612485,4.047789,0.0,0.0
26014,-12.030809,-4.712385,0.007812,26.196918,-11.044653,0.0,4.612485,4.047789,0.0,0.0
26015,-12.076637,-5.203259,0.003906,26.088007,-12.173662,0.003906,4.612485,4.047789,0.0,0.0
26024,-12.126875,-6.086831,0.011719,25.976984,-13.351758,-0.007812,4.612485,4.047789,0.0,0.0
26027,-12.194945,-9.007528,0.011719,25.86673,-11.56007,0.0,4.612485,4.047789,0.0,0.0
26045,-12.275096,-8.68846,-0.007812,25.755899,-12.590904,0.003906,4.612485,4.047789,0.0,0.0
26048,-12.356205,-10.062906,0.0,25.646221,-11.56007,0.0,4.612485,4.047789,0.0,0.0
26056,-12.441916,-10.062906,0.003906,25.539417,-11.412807,0.003906,4.612485,4.047789,0.0,0.0
26078,-12.539515,-10.455605,0.0,25.423985,-11.167371,0.0,4.612485,4.047789,0.0,0.0
26080,-12.630021,-9.915644,0.0,25.317183,-11.216458,0.0,4.612485,4.047789,0.0,0.0
26087,-12.712472,-9.817469,0.003906,25.209612,-11.118284,0.0,4.612485,4.047789,0.0,0.0
26089,-12.794732,-8.492111,0.0,25.103191,-12.271836,0.0,4.612485,4.047789,0.0,0.0
26108,-12.872773,-9.179334,-0.007812,24.998306,-11.510983,0.0,4.612485,4.047789,0.0,0.0
26110,-12.950047,-8.246674,-0.007812,24.896872,-10.89739,0.003906,4.612485,4.047789,0.0,0.0
26121,-13.016583,-7.731257,0.003906,24.792753,-11.486439,0.0,4.612485,4.047789,0.0,0.0
26138,-13.085612,-8.590285,0.003906,24.687866,-11.584614,0.0,4.612485,4.047789,0.0,0.0
26140,-13.155984,-7.093122,-0.007812,24.587391,-11.216458,0.0,4.612485,4.047789,0.0,0.0
26150,-13.21811,-7.117665,-0.003906,24.481356,-11.437351,0.0,4.612485,4.047789,0.0,0.0
26169,-13.278894,-6.504073,0.0,24.375895,-11.731875,0.0,4.612485,4.047789,0.0,0.0
26171,-13.330282,-4.908734,0.0,24.276953,-10.308343,0.0,4.612485,4.047789,0.0,0.0
26174,-13.38052,-6.504073,0.007812,24.177244,-10.701041,-0.007812,4.612485,4.047789,0.0,0.0
26182,-13.440729,-7.240384,0.0,24.084246,-9.105702,0.0,4.612485,4.047789,0.0,0.0
26202,-13.497678,-5.694132,-0.007812,23.997002,-9.007528,0.0,4.612485,4.047789,0.0,0.0
26204,-13.545423,-5.522326,0.0,23.914165,-8.933897,0.0,4.612485,4.047789,0.0,0.0
26232,-13.597961,-5.890481,0.003906,23.833248,-8.050324,-0.003906,4.612485,4.047789,0.0,0.0
26234,-13.656636,-6.430442,0.003906,23.763069,-7.387646,0.0,4.612485,4.047789,0.0,0.0
26236,-13.715694,-6.823141,0.0,23.694807,-7.633082,0.0,4.612485,4.047789,0.0,0.0
26238,-13.784148,-8.443024,0.0,23.624435,-6.823141,0.0,4.612485,4.047789,0.0,0.0
26245,-13.849726,-6.479529,-0.007812,23.560583,-6.332268,-0.007812,4.612485,4.047789,0.0,0.0
26263,-13.908592,-6.921316,0.007812,23.503252,-5.669589,-0.003906,4.612485,4.047789,0.0,0.0
26264,-13.976471,-8.713004,0.007812,23.457424,-4.442405,0.0,4.612485,4.047789,0.0,0.0
26274,-14.042624,-6.896772,-0.007812,23.415047,-4.933278,0.0,4.612485,4.047789,0.0,0.0
26293,-14.108394,-8.001237,0.0,23.369219,-5.301434,0.003906,4.612485,4.047789,0.0,0.0
26296,-14.17282,-6.921316,0.0,23.321474,-4.638754,-0.007812,4.612485,4.047789,0.0,0.0
26298,-14.229386,-6.798597,0.003906,23.283125,-3.166134,0.0,4.612485,4.047789,0.0,0.0
26310,-14.293621,-8.148499,0.003906,23.256664,-2.626173,0.0,4.612485,4.047789,0.0,0.0
26326,-14.361883,-7.166752,-0.011719,23.235188,-2.552542,0.0,4.612485,4.047789,0.0,0.0
26328,-14.420366,-7.093122,0.0,23.214479,-2.307105,0.0,4.612485,4.047789,0.0,0.0
26337,-14.482301,-7.682169,0.003906,23.191469,-2.110756,0.0,4.612485,4.047789,0.0,0.0
26355,-14.545961,-7.387646,0.0,23.170568,-1.644426,0.0,4.612485,4.047789,0.0,0.0
26358,-14.61058,-8.344849,0.0,23.15523,-1.66897,0.0,4.09726,4.047789,0.0,0.0
26360,-14.681143,-7.534907,0.0,23.14756,-0.687223,0.003906,4.09726,4.047789,0.0,0.0
26370,-14.742694,-6.479529,-0.007812,23.142765,-0.392699,0.003906,4.09726,4.047789,0.0,0.0
26389,-14.80041,-6.430442,0.007812,23.138355,-0.638135,0.003906,4.09726,4.047789,0.0,0.0
26422,-14.863878,-7.363102,0.003906,23.137972,0.098175,-0.003906,4.09726,4.047789,0.0,0.0
26429,-15.022837,-6.381355,0.0,23.138739,0.46633,0.0,4.09726,4.047789,0.0,0.0
26431,-15.122354,-4.270599,0.007812,23.138931,0.245437,-0.003906,4.09726,4.047789,0.0,0.0
26453,-15.169908,-6.185006,0.011719,23.138548,-0.196349,0.0,4.09726,4.047789,0.0,0.0
26455,-15.221104,-5.252346,-0.003906,23.138739,0.245437,0.0,4.09726,4.047789,0.0,0.0
26462,-15.262713,-4.540579,-0.003906,23.138739,0.196349,0.003906,4.09726,4.047789,0.0,0.0
26482,-15.304706,-5.227802,0.003906,23.138548,-0.122718,0.0,4.09726,4.047789,0.0,0.0
26484,-15.345548,-5.08054,0.007812,23.138739,0.392699,0.0,4.09726,4.047789,0.0,0.0
26493,-15.393102,-5.448695,0.0,23.138355,-0.147262,-0.003906,4.09726,4.047789,0.0,0.0
26513,-15.436244,-5.08054,0.0,23.138355,-0.122718,0.0,4.09726,4.047789,0.0,0.0
26515,-15.486674,-6.307724,0.007812,23.138355,0.098175,0.0,4.09726,4.047789,0.0,0.0
26524,-15.546116,-7.240384,0.0,23.138355,0.245437,0.003906,4.09726,4.047789,0.0,0.0
26543,-15.623582,-4.712385,0.0,23.137014,-0.343611,0.0,4.09726,4.047789,0.0,0.0
26546,-15.664999,-4.933278,0.0,23.135862,0.245437,0.0,4.09726,4.047789,0.0,0.0
26548,-15.709292,-5.399608,0.007812,23.133945,0.368155,0.0,4.09726,4.047789,0.0,0.0
26557,-15.753012,-4.81056,0.0,23.132029,-0.220893,0.003906,4.09726,4.047789,0.0,0.0
26577,-15.793278,-4.884191,0.003906,23.131836,0.196349,0.0,4.09726,4.047789,0.0,0.0
26579,-15.839297,-5.571414,0.0,23.131645,-0.220893,0.0,4.09726,4.047789,0.0,0.0
26590,-15.889343,-5.325977,-0.007812,23.131836,-0.122718,0.0,4.09726,4.047789,0.0,0.0
26605,-15.931145,-4.221512,0.0,23.132412,0.147262,-0.007812,4.09726,4.047789,0.0,0.0
26608,-15.955688,-2.699804,0.0,23.133562,0.441786,-0.003906,4.09726,4.047789,0.0,0.0
26610,-15.976589,-3.117046,0.003906,23.134138,0.343611,-0.003906,4.09726,4.047789,0.0,0.0
26620,-15.999215,-2.380736,0.0,23.134138,0.319068,0.0,4.09726,4.047789,0.0,0.0
26639,-16.023375,-3.067959,0.0,23.134329,-0.073631,-0.003906,4.09726,4.047789,0.0,0.0
26640,-16.049837,-3.436114,0.003906,23.134521,0.122718,0.003906,4.09726,4.047789,0.0,0.0
26649,-16.073038,-3.067959,-0.003906,23.134521,0.098175,0.0,4.09726,4.047789,0.0,0.0
26669,-16.090296,-1.079922,-0.007812,23.134712,0.368155,0.0,4.09726,4.047789,0.0,0.0
26672,-16.092213,0.294524,-0.003906,23.134329,0.0,0.003906,4.09726,4.047789,0.0,0.0
26674,-16.088186,0.490873,0.0,23.134329,0.024544,-0.007812,4.130816,4.047789,0.0,0.0
26681,-16.084351,0.785398,0.003906,23.133945,0.0,0.007812,4.130816,4.047789,0.0,0.0
26702,-16.083391,0.26998,0.003906,23.132219,0.073631,0.0,4.130816,4.047789,0.0,0.0
26705,-16.082817,0.171806,-0.003906,23.132412,0.515417,0.0,4.130816,4.047789,0.0,0.0
26711,-16.081667,-0.049087,0.003906,23.132219,0.171806,0.0,4.130816,4.047789,0.0,0.0
26731,-16.079174,0.245437,-0.003906,23.132603,-0.049087,0.0,4.130816,4.047789,0.0,0.0
26733,-16.055973,3.60792,-0.011719,23.133179,0.515417,0.003906,4.130816,4.047789,0.0,0.0
26744,-16.00861,5.620501,-0.011719,23.134138,0.147262,-0.003906,4.130816,4.047789,0.0,0.0
26762,-15.87132,9.228421,-0.003906,23.135096,0.294524,0.0,4.130816,4.047789,0.0,0.0
26764,-15.795004,7.927606,0.011719,23.135096,0.171806,-0.011719,4.130816,4.047789,0.0,0.0
26773,-15.733069,7.633082,0.003906,23.138165,0.245437,-0.003906,4.130816,4.047789,0.0,0.0
26795,-15.66845,6.675879,0.0,23.138548,-0.024544,0.0,4.130816,4.047789,0.0,0.0
26797,-15.610159,6.724967,-0.007812,23.138548,0.26998,-0.007812,4.130816,4.047789,0.0,0.0
26800,-15.54324,7.878519,0.0,23.144684,0.883572,0.0,4.130816,4.047789,0.0,0.0
26817,-15.480538,5.915025,0.011719,23.159065,2.503455,0.0,4.130816,4.047789,0.0,0.0
26818,-15.434711,4.098794,0.003906,23.18265,3.264308,-0.003906,4.130816,4.047789,0.0,0.0
26835,-15.396936,4.736929,-0.003906,23.20796,3.534289,-0.003906,4.130816,4.047789,0.0,0.0
26838,-15.347849,5.375064,0.0,23.240366,4.246056,-0.003906,4.130816,4.047789,0.0,0.0
26857,-15.302213,4.957822,-0.003906,23.278139,4.368774,0.0,4.130816,4.047789,0.0,0.0
26858,-15.254851,5.424152,0.0,23.321283,4.712385,0.003906,4.130816,4.047789,0.0,0.0
26861,-15.199628,6.258636,0.003906,23.3627,4.466949,0.0,4.130816,4.047789,0.0,0.0
26868,-15.150349,4.786016,0.019531,23.396065,3.534289,0.003906,4.130816,4.047789,0.0,0.0
26887,-15.118519,3.411571,0.003906,23.420416,3.14159,0.0,4.130816,4.047789,0.0,0.0
26890,-15.083046,3.976075,-0.003906,23.444386,2.822522,0.003906,4.130816,4.047789,0.0,0.0
26919,-15.031082,6.921316,-0.011719,23.46701,2.748891,0.0,4.130816,4.047789,0.0,0.0
26921,-14.969723,6.307724,0.0,23.495581,3.509745,0.0,4.130816,4.047789,0.0,0.0
26924,-14.912199,6.086831,0.0,23.532206,4.565123,0.0,4.130816,4.047789,0.0,0.0
26925,-14.856784,7.191296,0.0,23.569021,5.08054,0.0,4.130816,4.047789,0.0,0.0
26932,-14.795041,6.479529,0.0,23.613123,5.767763,0.0,4.130816,4.047789,0.0,0.0
26950,-14.737516,6.675879,-0.007812,23.659908,5.497783,0.003906,4.130816,4.047789,0.0,0.0
26952,-14.670022,7.633082,0.0,23.70401,4.368774,0.003906,4.130816,4.047789,0.0,0.0
26953,-14.600609,7.044034,0.011719,23.740442,4.098794,0.003906,4.130816,4.047789,0.0,0.0
26963,-14.549029,6.135918,0.007812,23.772081,4.172424,0.0,4.130816,4.047789,0.0,0.0
26982,-14.489779,6.896772,-0.003906,23.813883,5.154171,-0.003906,4.130816,4.047789,0.0,0.0
26984,-14.432255,6.430442,0.0,23.860861,5.497783,0.0,4.130816,4.047789,0.0,0.0
26993,-14.37243,7.289471,-0.007812,23.90592,5.006909,0.003906,4.130816,4.047789,0.0,0.0
27013,-14.29899,8.516654,0.003906,23.943695,4.319686,0.003906,4.130816,4.047789,0.0,0.0
27015,-14.241275,6.160462,0.003906,23.975142,4.07425,-0.003906,4.130816,4.047789,0.0,0.0
27017,-14.180107,7.166752,-0.003906,24.01004,4.393317,0.003906,4.130816,4.047789,0.0,0.0
27028,-14.11127,7.633082,-0.007812,24.040911,3.288852,0.003906,4.130816,4.047789,0.0,0.0
27045,-14.040707,8.123956,0.0,24.066797,2.40528,0.003906,4.130816,4.047789,0.0,0.0
27049,-13.964199,8.835722,0.003906,24.086931,2.527998,0.0,4.130816,4.047789,0.0,0.0
27056,-13.89402,7.117665,0.0,24.106297,2.601629,0.0,4.130816,4.047789,0.0,0.0
27075,-13.830551,8.762092,-0.011719,24.125088,2.331649,-0.007812,4.130816,4.047789,0.0,0.0
27077,-13.746374,9.473858,0.003906,24.149057,3.092503,-0.007812,4.130816,4.047789,0.0,0.0
27078,-13.668716,8.41848,0.007812,24.177052,3.485202,0.003906,4.130816,4.047789,0.0,0.0
27088,-13.591825,8.148499,0.0,24.205048,2.969784,0.0,4.130816,4.047789,0.0,0.0
27106,-13.521646,7.706713,0.0,24.228823,2.454367,0.0,4.130816,4.047789,0.0,0.0
27108,-13.455493,8.565742,0.007812,24.24704,2.184387,0.0,4.130816,4.047789,0.0,0.0
27119,-13.386272,6.234093,0.007812,24.263531,1.914407,0.0,4.130816,4.047789,0.0,0.0
27137,-13.336226,4.638754,0.011719,24.275993,1.644426,-0.003906,4.130816,4.047789,0.0,0.0
27139,-13.294618,4.540579,0.0,24.290949,2.012581,0.003906,4.130816,4.047789,0.0,0.0
27140,-13.257994,3.313396,0.003906,24.307249,2.478911,0.0,4.130816,4.047789,0.0,0.0
27150,-13.23671,1.865319,0.0,24.326807,2.920697,-0.003906,4.130816,4.047789,0.0,0.0
27167,-13.223288,1.129009,0.003906,24.35787,4.123337,-0.003906,4.130816,4.047789,0.0,0.0
27169,-13.215234,0.441786,0.003906,24.396986,4.712385,-0.003906,4.130816,4.047789,0.0,0.0
27201,-13.213892,-0.368155,0.003906,24.440514,4.712385,0.0,4.130816,4.047789,0.0,0.0
27214,-13.217152,-0.220893,0.003906,24.576269,5.27689,0.0,4.130816,4.047789,0.0,0.0
27232,-13.247064,-3.436114,0.003906,24.691509,6.626791,0.0,4.130816,4.047789,0.0,0.0
27234,-13.281578,-4.393317,0.0,24.748075,6.234093,0.003906,4.130816,4.047789,0.0,0.0
27244,-13.320695,-4.687841,0.007812,24.799656,5.645045,0.0,4.130816,4.047789,0.0,0.0
27263,-13.372467,-7.903063,0.019531,24.840305,4.835104,0.003906,4.130816,4.047789,0.0,0.0
27265,-13.462013,-11.461895,0.007812,24.87808,3.730638,0.0,4.130816,4.047789,0.0,0.0
27267,-13.561913,-11.167371,0.007812,24.906267,2.994328,0.0,4.130816,4.047789,0.0,0.0
27284,-13.673894,-12.639992,0.007812,24.926018,2.159843,0.0,4.130816,4.047789,0.0,0.0
27286,-13.79642,-15.192533,-0.003906,24.944616,2.159843,0.003906,4.130816,4.047789,0.0,0.0
27306,-13.916263,-13.867175,0.007812,24.962641,2.012581,0.0,4.130816,4.047789,0.0,0.0
27309,-14.034762,-12.222749,-0.011719,24.988144,3.60792,0.0,4.130816,4.047789,0.0,0.0
27327,-14.21328,-11.167371,0.003906,25.058706,5.939569,0.0,4.130816,4.047789,0.0,0.0
27331,-14.309729,-11.29009,-0.003906,25.111437,6.160462,0.0,4.130816,4.047789,0.0,0.0
27337,-14.39774,-9.007528,-0.007812,25.159374,5.325977,0.007812,4.130816,4.047789,0.0,0.0
27358,-14.475973,-8.68846,-0.003906,25.204435,5.301434,-0.003906,4.130816,4.047789,0.0,0.0
27362,-14.545194,-7.608539,-0.003906,25.250454,5.154171,0.0,4.130816,4.047789,0.0,0.0
27367,-14.604252,-6.577704,0.0,25.290529,4.393317,0.0,4.130816,4.047789,0.0,0.0
27371,-14.660435,-6.037744,-0.007812,25.322168,3.583376,0.0,4.130816,4.047789,0.0,0.0
27388,-14.702235,-3.460658,-0.007812,25.350739,3.092503,0.0,4.130816,4.047789,0.0,0.0
27390,-14.723328,-1.718057,0.0,25.378349,2.797979,0.0,4.130816,4.047789,0.0,0.0
27403,-14.736558,-1.423533,0.0,25.402317,2.650717,0.0,4.130816,3.910881,0.0,0.0
27434,-14.746912,-1.374446,0.0,25.418808,1.349902,0.0,4.130816,3.910881,0.0,0.0
27435,-14.760335,-1.791688,0.0,25.426861,1.129009,0.0,4.130816,3.910881,0.0,0.0
27437,-14.770306,-1.448077,0.0,25.429354,0.343611,0.003906,4.130816,3.910881,0.0,0.0
27439,-14.781811,-1.251727,0.0,25.428396,0.024544,0.0,4.130816,3.910881,0.0,0.0
27463,-14.790631,-0.981747,-0.003906,25.428396,0.319068,0.0,4.130816,3.910881,0.0,0.0
27464,-14.797917,-0.834485,0.003906,25.428587,0.196349,0.0,4.130816,3.910881,0.0,0.0
27466,-14.808655,-1.300815,0.0,25.42897,0.024544,0.0,4.130816,3.910881,0.0,0.0
27482,-14.817859,-1.030834,0.003906,25.42897,0.0,0.0,4.130816,3.910881,0.0,0.0
27483,-14.829172,-1.47262,0.0,25.429354,0.073631,0.0,4.130816,3.910881,0.0,0.0
27493,-14.839143,-0.809941,-0.003906,25.430504,0.343611,-0.003906,4.130816,3.910881,0.0,0.0
27495,-14.843937,-0.441786,0.0,25.432613,0.196349,0.0,4.130816,3.910881,0.0,0.0
27528,-14.845662,-0.245437,0.0,25.43549,0.908116,0.0,4.130816,3.910881,0.0,0.0
27532,-14.846045,-0.613592,-0.003906,25.438942,0.441786,0.0,4.130816,3.910881,0.0,0.0
27534,-14.846045,-0.024544,0.0,25.445461,0.760854,0.0,4.130816,3.910881,0.0,0.0
27544,-14.846045,0.049087,0.0,25.456583,1.398989,0.003906,4.130816,3.910881,0.0,0.0
27548,-14.846045,0.024544,-0.003906,25.46291,0.785398,0.0,4.130816,3.910881,0.0,0.0
27555,-14.846045,0.098175,0.007812,25.46291,0.0,0.0,4.130816,3.910881,0.0,0.0
27560,-14.846045,0.122718,0.0,25.462719,-0.098175,0.0,4.130816,3.910881,0.0,0.0
27576,-14.846045,0.0,-0.003906,25.462719,0.171806,0.0,4.130816,3.910881,0.0,0.0
27578,-14.846237,-0.245437,0.0,25.462336,0.073631,0.0,4.130816,3.910881,0.0,0.0
27588,-14.846045,0.073631,-0.003906,25.461567,-0.024544,-0.003906,4.130816,3.910881,0.0,0.0
27605,-14.846429,-0.319068,-0.003906,25.4608,0.0,0.0,4.130816,3.910881,0.0,0.0
27608,-14.846237,0.294524,0.0,25.460033,0.0,0.0,4.130816,3.910881,0.0,0.0
27610,-14.846237,-0.220893,0.007812,25.459076,-0.147262,0.0,4.130816,3.910881,0.0,0.0
27628,-14.846237,-0.26998,0.007812,25.458693,0.26998,0.0,4.130816,3.910881,0.0,0.0
27641,-14.846237,-0.245437,0.003906,25.4585,0.392699,0.0,4.130816,3.910881,0.0,0.0
27643,-14.846237,-0.147262,0.0,25.458117,-0.220893,0.0,4.130816,3.910881,0.0,0.0
27649,-14.846237,0.0,0.0,25.458307,0.368155,0.0,4.130816,3.910881,0.0,0.0
27667,-14.846237,-0.196349,0.0,25.457924,0.0,0.0,4.130816,3.910881,0.0,0.0
27669,-14.846237,-0.049087,0.0,25.457924,0.368155,0.0,4.130816,3.910881,0.0,0.0
27671,-14.846237,0.098175,-0.003906,25.457733,0.294524,-0.003906,4.130816,3.910881,0.0,0.0
27682,-14.846429,-0.26998,0.0,25.457733,0.392699,0.0,4.130816,3.910881,0.0,0.0
27700,-14.846429,-0.245437,0.0,25.45735,-0.024544,0.0,4.130816,3.910881,0.0,0.0
27702,-14.847005,-0.539961,0.003906,25.45735,0.0,0.003906,4.130816,3.910881,0.0,0.0
27711,-14.84758,-0.26998,0.0,25.45735,0.0,0.0,4.130816,3.910881,0.0,0.0
27731,-14.848155,-0.319068,0.0,25.45735,0.0,0.0,4.130816,3.910881,0.0,0.0
27733,-14.848347,-0.319068,0.0,25.457541,0.368155,0.0,4.130816,3.910881,0.0,0.0
27735,-14.848347,-0.171806,0.0,25.45735,0.171806,0.0,4.130816,3.910881,0.0,0.0
27744,-14.848347,0.0,0.0,25.457541,0.343611,0.003906,4.130816,3.910881,0.0,0.0
27762,-14.848347,-0.024544,-0.003906,25.45735,0.049087,0.0,4.130816,3.910881,0.0,0.0
27764,-14.848538,-0.196349,0.0,25.45735,0.098175,0.0,4.130816,3.910881,0.0,0.0
27776,-14.848347,0.098175,0.0,25.457541,0.417242,0.0,4.130816,3.910881,0.0,0.0
27793,-14.848538,0.147262,0.0,25.45735,0.049087,0.0,4.130816,3.910881,0.0,0.0
27795,-14.848538,-0.245437,0.0,25.457541,0.368155,0.003906,4.130816,3.910881,0.0,0.0
27796,-14.848538,-0.245437,-0.003906,25.45735,0.122718,0.0,4.130816,3.727953,0.0,0.0
27807,-14.848538,-0.245437,0.0,25.45735,0.024544,0.0,4.130816,3.727953,0.0,0.0
27826,-14.848347,0.0,-0.003906,25.45735,0.196349,0.0,4.130816,3.727953,0.0,0.0
27827,-14.848347,0.024544,-0.003906,25.45735,0.098175,0.0,4.130816,3.727953,0.0,0.0
27838,-14.848155,0.220893,0.0,25.457541,0.589048,0.0,4.130816,3.727953,0.0,0.0
27855,-14.848347,0.122718,-0.007812,25.45735,0.245437,0.003906,4.130816,3.727953,0.0,0.0
27857,-14.848347,-0.098175,0.0,25.45735,0.245437,0.0,4.130816,3.727953,0.0,0.0
27859,-14.848347,-0.122718,0.003906,25.457157,0.245437,0.0,4.130816,3.727953,0.0,0.0
27870,-14.848347,0.0,-0.003906,25.45735,0.245437,0.0,4.130816,3.727953,0.0,0.0
27888,-14.848347,-0.196349,-0.003906,25.45735,0.245437,0.0,4.130816,3.727953,0.0,0.0
27890,-14.848347,0.0,-0.003906,25.457157,-0.122718,0.0,4.130816,3.727953,0.0,0.0
27899,-14.847963,0.490873,-0.003906,25.457157,-0.049087,0.0,4.130816,3.727953,0.0,0.0
27919,-14.848347,-0.245437,-0.003906,25.45735,0.245437,0.0,4.130816,3.727953,0.0,0.0
27920,-14.848347,-0.098175,-0.003906,25.457157,-0.024544,0.0,4.130816,3.727953,0.0,0.0
27922,-14.848538,-0.613592,0.0,25.457157,-0.049087,0.0,4.130816,3.727953,0.0,0.0
27933,-14.848347,0.196349,0.0,25.45735,0.343611,0.0,4.130816,3.727953,0.0,0.0
27952,-14.848538,-0.539961,0.0,25.457157,-0.122718,0.0,4.130816,3.727953,0.0,0.0
27954,-14.848347,-0.122718,0.0,25.45735,0.294524,0.0,4.130816,3.727953,0.0,0.0
27961,-14.848538,-0.564505,0.0,25.45735,0.245437,0.0,4.130816,3.727953,0.0,0.0
27981,-14.848347,-0.196349,0.0,25.457157,-0.049087,0.0,4.130816,3.727953,0.0,0.0
27983,-14.848347,-0.245437,0.0,25.457157,0.024544,-0.003906,4.130816,3.727953,0.0,0.0
27985,-14.848347,-0.245437,-0.003906,25.457157,-0.098175,0.0,4.130816,3.727953,0.0,0.0
27994,-14.848347,-0.196349,0.0,25.457157,-0.098175,0.0,4.130816,3.727953,0.0,0.0
28014,-14.848155,0.122718,0.003906,25.45735,0.245437,0.0,4.130816,3.727953,0.0,0.0
28015,-14.848155,0.171806,0.0,25.45735,0.245437,0.0,4.130816,3.727953,0.0,0.0
28046,-14.848347,-0.098175,0.0,25.45735,0.245437,0.0,4.130816,3.727953,0.0,0.0
28050,-14.848538,-0.490873,0.003906,25.45735,0.196349,0.0,4.130816,3.727953,0.0,0.0
28053,-14.848347,0.0,0.0,25.45735,0.245437,0.0,4.130816,3.727953,0.0,0.0
28057,-14.84873,-0.711766,0.0,25.45735,0.245437,0.0,4.130816,3.727953,0.0,0.0
28068,-14.848347,-0.024544,0.003906,25.45735,0.245437,0.0,4.130816,3.727953,0.0,0.0
28071,-14.848347,-0.024544,0.003906,25.45735,0.26998,0.0,4.130816,3.727953,0.0,0.0
28087,-14.848347,-0.245437,0.0,25.457157,-0.098175,0.0,4.130816,3.727953,0.0,0.0
28090,-14.848347,-0.171806,-0.003906,25.45735,0.245437,0.0,4.130816,3.727953,0.0,0.0
28092,-14.848155,0.26998,0.0,25.457157,-0.073631,-0.003906,4.130816,3.727953,0.0,0.0
28107,-14.848347,-0.245437,0.0,25.45735,0.294524,0.0,4.130816,3.727953,0.0,0.0
28109,-14.848347,0.0,0.0,25.457157,-0.098175,-0.003906,4.130816,3.727953,0.0,0.0
28120,-14.848538,0.0,0.0,25.457157,-0.049087,0.0,4.130816,3.727953,0.0,0.0
28138,-14.848347,-0.196349,0.003906,25.457157,0.0,0.0,4.130816,3.727953,0.0,0.0
28141,-14.848538,-0.368155,0.0,25.457157,-0.024544,0.0,4.130816,3.727953,0.0,0.0
28151,-14.848347,0.073631,0.007812,25.45735,0.343611,0.0,4.130816,3.727953,0.0,0.0
28155,-14.84873,-0.46633,0.0,25.45735,0.368155,0.0,4.130816,3.727953,0.0,0.0
28172,-14.848538,0.073631,0.0,25.457157,0.0,0.0,4.130816,3.727953,0.0,0.0
28175,-14.848538,0.098175,0.0,25.45735,0.368155,0.0,4.130816,3.727953,0.0,0.0
28180,-14.848922,-0.245437,0.0,25.45735,0.368155,0.0,4.130816,3.727953,0.0,0.0
28200,-14.849113,-0.098175,0.007812,25.457157,0.049087,0.0,4.130816,3.727953,0.0,0.0
28203,-14.849305,-0.073631,0.003906,25.456966,-0.049087,0.0,4.130816,3.727953,0.0,0.0
28211,-14.849689,-0.46633,0.0,25.456966,-0.122718,0.0,4.130816,3.727953,0.0,0.0
28213,-14.849881,-0.319068,0.0,25.456774,0.122718,0.0,4.130816,3.727953,0.0,0.0
28238,-14.850073,0.024544,-0.003906,25.456583,-0.122718,-0.003906,4.130816,3.727953,0.0,0.0
28240,-14.850456,-0.294524,0.0,25.456583,0.073631,0.0,4.130816,3.727953,0.0,0.0
28255,-14.850456,0.098175,0.0,25.456583,0.26998,0.0,4.130816,3.727953,0.0,0.0
28257,-14.850456,-0.245437,0.0,25.4562,-0.46633,0.0,4.130816,3.727953,0.0,0.0
28274,-14.850456,-0.171806,0.0,25.45639,0.245437,-0.003906,4.130816,3.727953,0.0,0.0
28275,-14.850456,0.0,-0.003906,25.456583,0.539961,0.0,4.130816,3.727953,0.0,0.0
28278,-14.850456,-0.024544,-0.003906,25.4562,0.0,0.0,4.130816,3.727953,0.0,0.0
28295,-14.850648,-0.319068,0.003906,25.456007,-0.343611,0.0,4.130816,3.727953,0.0,0.0
28297,-14.850648,-0.245437,0.0,25.4562,0.0,-0.003906,4.130816,3.727953,0.0,0.0
28304,-14.85084,-0.539961,-0.003906,25.4562,0.098175,0.0,4.130816,3.727953,0.0,0.0
28325,-14.850648,-0.245437,0.003906,25.4562,0.098175,0.0,4.130816,3.727953,0.0,0.0
28328,-14.850648,-0.245437,0.0,25.456007,-0.049087,0.0,4.130816,3.727953,0.0,0.0
28335,-14.850456,-0.098175,0.0,25.456007,0.245437,0.0,4.130816,3.727953,0.0,0.0
28337,-14.850648,0.0,0.0,25.455816,-0.049087,0.0,4.130816,3.727953,0.0,0.0
28359,-14.85084,-0.196349,-0.003906,25.455816,0.024544,-0.003906,4.130816,3.727953,0.0,0.0
28361,-14.850456,0.417242,0.0,25.455624,-0.245437,0.0,4.130816,3.727953,0.0,0.0
28368,-14.85084,-0.392699,-0.003906,25.455624,-0.171806,-0.003906,4.130816,3.727953,0.0,0.0
28390,-14.85084,-0.343611,0.0,25.455624,0.049087,0.0,4.130816,3.727953,0.0,0.0
28392,-14.850648,0.0,0.0,25.455431,-0.147262,0.0,4.130816,3.727953,0.0,0.0
28397,-14.85084,-0.343611,-0.003906,25.455431,-0.098175,-0.003906,4.130816,3.727953,0.0,0.0
28399,-14.850456,0.343611,0.003906,25.455431,-0.122718,0.0,4.130816,3.727953,0.0,0.0
28447,-14.850648,0.024544,0.0,25.455431,0.0,0.0,4.130816,3.727953,0.0,0.0
28449,-14.850648,0.122718,0.003906,25.45524,0.0,0.0,4.130816,3.727953,0.0,0.0
28451,-14.850648,0.049087,-0.003906,25.455624,0.589048,-0.003906,4.130816,3.727953,0.0,0.0
28453,-14.850648,0.098175,0.0,25.45524,0.0,0.0,4.130816,3.727953,0.0,0.0
28463,-14.85084,-0.245437,0.0,25.45524,-0.098175,0.0,4.130816,3.727953,0.0,0.0
28465,-14.850648,0.147262,0.0,25.455048,-0.417242,0.0,4.130816,3.727953,0.0,0.0
28467,-14.850648,0.0,0.0,25.455048,-0.147262,-0.003906,4.130816,3.727953,0.0,0.0
28484,-14.850648,0.049087,0.0,25.45524,0.073631,0.0,4.130816,3.727953,0.0,0.0
28487,-14.85084,-0.147262,-0.003906,25.455048,-0.122718,0.0,4.130816,3.727953,0.0,0.0
28493,-14.85084,-0.245437,0.003906,25.455048,-0.073631,0.0,4.130816,3.727953,0.0,0.0
28513,-14.85084,-0.26998,0.0,25.455048,0.0,0.0,4.130816,3.727953,0.0,0.0
28527,-14.85084,-0.220893,0.0,25.455048,0.0,0.003906,4.130816,3.727953,0.0,0.0
28548,-14.850648,0.098175,0.0,25.45524,0.46633,0.0,0.0,0.0,0.0,0.0
28555,-14.85084,-0.245437,0.0,25.454857,-0.26998,-0.003906,0.0,0.0,0.0,0.0
28576,-14.850648,0.122718,0.003906,25.455048,0.220893,0.003906,0.0,0.0,0.0,0.0
28578,-14.85084,-0.26998,0.0,25.454857,-0.098175,0.0,0.0,0.0,0.0,0.0
28579,-14.850648,0.098175,-0.003906,25.454857,0.0,0.0,0.0,0.0,0.0,0.0
28588,-14.85084,-0.073631,0.003906,25.455048,0.26998,0.0,0.0,0.0,0.0,0.0
28609,-14.85084,-0.392699,0.0,25.454857,-0.024544,0.0,0.0,0.0,0.0,0.0
28612,-14.85084,-0.098175,0.003906,25.455048,0.368155,0.003906,0.0,0.0,0.0,0.0
28617,-14.85084,-0.245437,0.003906,25.454857,0.098175,0.0,0.0,0.0,0.0,0.0
28643,-14.85084,-0.196349,0.0,25.454857,0.049087,0.003906,0.0,0.0,0.0,0.0
28646,-14.851031,-0.589048,0.003906,25.454857,0.073631,0.0,0.0,0.0,0.0,0.0
28648,-14.85084,-0.147262,0.0,25.454857,0.122718,0.0,0.0,0.0,0.0,0.0
28652,-14.85084,0.0,0.0,25.455048,0.46633,0.0,0.0,0.0,0.0,0.0
28670,-14.85084,-0.171806,0.0,25.454857,0.245437,0.0,0.0,0.0,0.0,0.0
28672,-14.85084,-0.245437,0.003906,25.454857,0.147262,0.0,0.0,0.0,0.0,0.0
28679,-14.85084,0.122718,0.0,25.454857,0.245437,0.0,0.0,0.0,0.0,0.0
28681,-14.850648,0.122718,0.0,25.454857,0.245437,0.0,0.0,0.0,0.0,0.0
28701,-14.850648,0.319068,0.007812,25.454857,0.245437,0.0,0.0,0.0,0.0,0.0
28704,-14.85084,0.0,-0.003906,25.454857,0.171806,0.0,0.0,0.0,0.0,0.0
28712,-14.851031,-0.441786,0.0,25.454857,0.196349,0.0,0.0,0.0,0.0,0.0
28732,-14.851031,-0.343611,-0.003906,25.454857,0.147262,0.0,0.0,0.0,0.0,0.0
28735,-14.851031,-0.245437,0.0,25.454857,0.049087,0.003906,0.0,0.0,0.0,0.0
28743,-14.85084,0.024544,0.0,25.455048,0.490873,0.003906,0.0,0.0,0.0,0.0
28745,-14.85084,0.073631,0.003906,25.454857,0.073631,0.0,0.0,0.0,0.0,0.0
28764,-14.85084,0.0,0.0,25.454664,-0.196349,0.003906,0.0,0.0,0.0,0.0
28767,-14.85084,0.0,0.0,25.454857,0.122718,0.0,0.0,0.0,0.0,0.0
28774,-14.85084,0.0,-0.007812,25.454857,0.196349,0.0,0.0,0.0,0.0,0.0
28795,-14.85084,0.0,0.003906,25.455048,0.441786,0.0,0.0,0.0,0.0,0.0
28798,-14.851031,-0.245437,0.0,25.454857,0.098175,0.0,0.0,0.0,0.0,0.0
28800,-14.85084,0.024544,-0.003906,25.454857,0.073631,-0.003906,0.0,0.0,0.0,0.0
28806,-14.851031,-0.294524,0.0,25.454857,0.171806,-0.003906,0.0,0.0,0.0,0.0
28827,-14.85084,0.0,0.0,25.455048,0.515417,0.0,0.0,0.0,0.0,0.0
28828,-14.851031,-0.294524,0.0,25.455048,0.392699,0.0,0.0,0.0,0.0,0.0
28836,-14.851031,-0.294524,0.0,25.454664,-0.294524,0.0,0.0,0.0,0.0,0.0
28857,-14.851031,-0.245437,0.003906,25.455048,0.46633,0.0,0.0,0.0,0.0,0.0
28860,-14.851031,-0.368155,0.0,25.454857,0.073631,0.0,0.0,0.0,0.0,0.0
28861,-14.851031,-0.368155,-0.003906,25.454857,0.122718,0.0,0.0,0.0,0.0,0.0
28869,-14.851031,-0.368155,-0.003906,25.454857,0.024544,0.0,0.0,0.0,0.0,0.0
28890,-14.85084,0.319068,0.0,25.454857,0.073631,0.0,0.0,0.0,0.0,0.0
28892,-14.851031,-0.417242,0.0,25.454857,0.0,0.003906,0.0,0.0,0.0,0.0
28898,-14.85084,0.122718,0.0,25.454857,0.049087,0.0,0.0,0.0,0.0,0.0
28919,-14.851031,-0.392699,0.0,25.455048,0.368155,0.0,0.0,0.0,0.0,0.0
28921,-14.851031,-0.245437,-0.003906,25.455048,0.098175,0.0,0.0,0.0,0.0,0.0
28924,-14.85084,-0.171806,0.0,25.455048,0.392699,0.0,0.0,0.0,0.0,0.0
28930,-14.85084,0.098175,0.003906,25.454857,-0.024544,0.0,0.0,0.0,0.0,0.0
28955,-14.85084,0.0,0.0,25.454857,-0.122718,0.0,0.0,0.0,0.0,0.0
28956,-14.851031,-0.368155,0.0,25.455048,0.441786,0.0,0.0,0.0,0.0,0.0
28961,-14.85084,-0.024544,0.003906,25.454857,0.0,-0.003906,0.0,0.0,0.0,0.0
28981,-14.851031,-0.368155,-0.003906,25.454857,0.049087,0.003906,0.0,0.0,0.0,0.0
28984,-14.85084,-0.049087,0.0,25.455048,0.343611,0.0,0.0,0.0,0.0,0.0
28986,-14.851031,-0.368155,0.003906,25.454857,0.024544,0.0,0.0,0.0,0.0,0.0
28995,-14.85084,-0.171806,0.003906,25.454857,0.049087,0.0,0.0,0.0,0.0,0.0
29014,-14.85084,-0.147262,0.0,25.454857,0.024544,0.0,0.0,0.0,0.0,0.0
29017,-14.85084,-0.220893,0.003906,25.454664,-0.171806,0.0,0.0,0.0,0.0,0.0
29023,-14.85084,-0.073631,0.0,25.455048,0.368155,0.0,0.0,0.0,0.0,0.0
29048,-14.85084,-0.122718,0.0,25.454857,0.024544,0.0,0.0,0.0,0.0,0.0
29049,-14.85084,-0.122718,0.003906,25.454857,0.024544,0.0,0.0,0.0,0.0,0.0
29051,-14.850648,0.122718,0.003906,25.454857,0.049087,0.0,0.0,0.0,0.0,0.0
29055,-14.850648,0.196349,0.0,25.454857,0.122718,0.0,0.0,0.0,0.0,0.0
29077,-14.85084,-0.26998,0.0,25.454857,0.049087,0.0,0.0,0.0,0.0,0.0
29078,-14.85084,-0.26998,0.0,25.454857,0.098175,0.0,0.0,0.0,0.0,0.0
29086,-14.85084,-0.368155,0.0,25.454857,0.122718,0.0,0.0,0.0,0.0,0.0
29107,-14.850456,-0.122718,-0.003906,25.454857,0.245437,0.0,0.0,0.0,0.0,0.0
29109,-14.850648,-0.073631,0.0,25.454857,0.196349,0.0,0.0,0.0,0.0,0.0
29111,-14.850648,-0.049087,0.003906,25.455048,0.515417,0.0,0.0,0.0,0.0,0.0
29119,-14.850456,-0.171806,0.003906,25.454857,0.049087,0.0,0.0,0.0,0.0,0.0
29140,-14.850648,-0.196349,0.007812,25.454857,0.122718,0.0,0.0,0.0,0.0,0.0
29142,-14.85084,-0.343611,-0.003906,25.454857,0.0,0.0,0.0,0.0,0.0,0.0
29149,-14.850456,0.245437,-0.003906,25.455048,0.46633,0.0,0.0,0.0,0.0,0.0
29151,-14.850456,0.122718,0.007812,25.454857,0.098175,0.0,0.0,0.0,0.0,0.0
29171,-14.850456,0.122718,-0.003906,25.455048,0.343611,0.0,0.0,0.0,0.0,0.0
29173,-14.85084,-0.613592,-0.003906,25.454857,0.392699,0.0,0.0,0.0,0.0,0.0
29182,-14.850456,0.319068,0.003906,25.454857,0.098175,0.0,0.0,0.0,0.0,0.0
29202,-14.850648,-0.245437,0.003906,25.454857,0.073631,0.0,0.0,0.0,0.0,0.0
29204,-14.850648,-0.392699,0.0,25.455048,0.539961,-0.003906,0.0,0.0,0.0,0.0
29211,-14.85084,-0.564505,0.0,25.454857,-0.171806,0.0,0.0,0.0,0.0,0.0
29213,-14.850648,-0.368155,0.0,25.454857,0.171806,0.0,0.0,0.0,0.0,0.0
29232,-14.850456,0.0,0.0,25.454664,-0.26998,0.0,0.0,0.0,0.0,0.0
29234,-14.850456,0.0,0.003906,25.454857,0.073631,0.0,0.0,0.0,0.0,0.0
29243,-14.850648,-0.343611,0.0,25.454857,0.122718,0.0,0.0,0.0,0.0,0.0
29276,-14.850456,0.049087,0.0,25.454857,-0.049087,0.0,0.0,0.0,0.0,0.0
29280,-14.850648,-0.319068,0.003906,25.455048,0.319068,0.0,0.0,0.0,0.0,0.0
29284,-14.850456,0.171806,0.0,25.454664,-0.171806,-0.003906,0.0,0.0,0.0,0.0
29288,-14.850648,-0.245437,-0.003906,25.454857,0.049087,0.003906,0.0,0.0,0.0,0.0
29298,-14.85084,-0.368155,-0.003906,25.454857,0.441786,0.0,0.0,0.0,0.0,0.0
29302,-14.850648,-0.245437,-0.003906,25.454857,0.196349,0.0,0.0,0.0,0.0,0.0
29307,-14.850456,0.196349,0.003906,25.454857,0.073631,0.0,0.0,0.0,0.0,0.0
29326,-14.850456,0.049087,-0.003906,25.454857,0.098175,0.0,0.0,0.0,0.0,0.0
29329,-14.850456,0.122718,0.0,25.454857,0.073631,0.0,0.0,0.0,0.0,0.0
29337,-14.850648,-0.368155,0.0,25.455048,0.26998,0.0,0.0,0.0,0.0,0.0
29339,-14.850648,-0.171806,0.0,25.455048,0.539961,0.0,0.0,0.0,0.0,0.0
29357,-14.850456,0.049087,0.0,25.454664,-0.171806,0.0,0.0,0.0,0.0,0.0
29360,-14.850456,0.049087,0.0,25.454857,0.098175,0.003906,0.0,0.0,0.0,0.0
29380,-14.850456,0.122718,0.003906,25.454664,-0.073631,0.0,0.0,0.0,0.0,0.0
29382,-14.850456,0.024544,0.0,25.454857,0.368155,0.003906,0.0,0.0,0.0,0.0
29399,-14.850648,-0.319068,0.0,25.454664,-0.049087,0.0,0.0,0.0,0.0,0.0
29402,-14.850456,0.098175,0.003906,25.454664,-0.049087,0.003906,0.0,0.0,0.0,0.0
29404,-14.850456,-0.098175,0.003906,25.454664,0.073631,-0.003906,0.0,0.0,0.0,0.0
29423,-14.850648,-0.343611,-0.003906,25.454664,0.0,-0.003906,0.0,0.0,0.0,0.0
29425,-14.850456,-0.073631,0.003906,25.454857,0.441786,0.0,0.0,0.0,0.0,0.0
29432,-14.850456,-0.049087,-0.003906,25.454857,0.343611,0.0,0.0,0.0,0.0,0.0
29450,-14.850456,-0.196349,0.0,25.454664,0.171806,0.0,0.0,0.0,0.0,0.0
29451,-14.850456,-0.245437,0.0,25.454664,0.098175,0.0,0.0,0.0,0.0,0.0
29454,-14.850456,-0.245437,0.0,25.454664,0.171806,0.0,0.0,0.0,0.0,0.0
29462,-14.850456,-0.098175,0.0,25.454473,-0.098175,0.0,0.0,0.0,0.0,0.0
29484,-14.850648,-0.589048,-0.003906,25.454473,0.0,0.0,0.0,0.0,0.0,0.0
29487,-14.850456,-0.245437,0.0,25.454664,0.245437,0.0,0.0,0.0,0.0,0.0
29494,-14.850456,-0.26998,-0.003906,25.454473,-0.122718,0.0,0.0,0.0,0.0,0.0
29512,-14.850456,-0.196349,-0.003906,25.454664,0.245437,0.0,0.0,0.0,0.0,0.0
29514,-14.850456,-0.245437,0.0,25.454664,0.245437,0.0,0.0,0.0,0.0,0.0
29516,-14.850265,0.098175,0.0,25.454664,0.319068,0.0,0.0,0.0,0.0,0.0
29527,-14.850456,-0.171806,0.0,25.454473,-0.024544,0.0,0.0,0.0,0.0,0.0
29544,-14.850456,-0.392699,0.003906,25.454473,-0.122718,0.0,0.0,0.0,0.0,0.0
29547,-14.850265,0.122718,0.0,25.454857,0.564505,0.0,0.0,0.0,0.0,0.0
29555,-14.850265,0.073631,0.003906,25.454473,-0.122718,0.003906,0.0,0.0,0.0,0.0
29574,-14.850456,-0.073631,0.0,25.454473,-0.122718,-0.003906,0.0,0.0,0.0,0.0
29575,-14.850456,-0.245437,0.0,25.454473,0.0,0.0,0.0,0.0,0.0,0.0
29578,-14.850456,-0.245437,0.0,25.454664,0.294524,0.0,0.0,0.0,0.0,0.0
29589,-14.850456,-0.245437,0.007812,25.454664,0.392699,0.0,0.0,0.0,0.0,0.0
29607,-14.850456,-0.294524,0.0,25.454664,-0.049087,0.0,0.0,0.0,0.0,0.0
29608,-14.850456,-0.26998,0.0,25.454664,0.294524,0.0,0.0,0.0,0.0,0.0
29618,-14.850456,-0.245437,0.0,25.454664,0.319068,0.0,0.0,0.0,0.0,0.0
29637,-14.850456,-0.319068,0.0,25.454473,-0.073631,0.0,0.0,0.0,0.0,0.0
29640,-14.850456,-0.26998,0.0,25.454473,-0.024544,0.0,0.0,0.0,0.0,0.0
29642,-14.850456,-0.245437,0.0,25.454473,0.0,0.0,0.0,0.0,0.0,0.0
29651,-14.850456,-0.319068,0.003906,25.454473,0.098175,0.0,0.0,0.0,0.0,0.0
29673,-14.850073,0.245437,0.0,25.454473,0.0,0.003906,0.0,0.0,0.0,0.0
29675,-14.850265,-0.392699,0.003906,25.454473,-0.049087,0.0,0.0,0.0,0.0,0.0
29681,-14.850456,-0.392699,0.0,25.454473,0.0,0.0,0.0,0.0,0.0,0.0
29699,-14.850265,-0.122718,0.0,25.454473,0.0,0.0,0.0,0.0,0.0,0.0
29702,-14.850073,0.171806,0.003906,25.454664,0.368155,0.0,0.0,0.0,0.0,0.0
29703,-14.850073,0.0,0.003906,25.454473,-0.024544,0.0,0.0,0.0,0.0,0.0
29713,-14.850073,0.073631,0.0,25.454473,-0.024544,0.0,0.0,0.0,0.0,0.0
29733,-14.850073,0.098175,0.003906,25.454473,-0.098175,0.0,0.0,0.0,0.0,0.0
29734,-14.850073,-0.122718,0.003906,25.454473,-0.122718,0.003906,0.0,0.0,0.0,0.0
29746,-14.850073,-0.245437,0.0,25.454473,-0.122718,0.0,0.0,0.0,0.0,0.0
29763,-14.850073,0.0,0.0,25.454664,0.220893,-0.003906,0.0,0.0,0.0,0.0
29765,-14.850073,-0.245437,-0.003906,25.454664,0.245437,0.0,0.0,0.0,0.0,0.0
29768,-14.850073,0.0,0.0,25.454664,0.392699,0.0,0.0,0.0,0.0,0.0
29779,-14.850073,0.0,0.0,25.454664,0.294524,0.003906,0.0,0.0,0.0,0.0
29795,-14.850073,-0.024544,-0.003906,25.454664,0.245437,0.0,0.0,0.0,0.0,0.0
29796,-14.850265,-0.245437,-0.003906,25.454473,-0.098175,0.0,0.0,0.0,0.0,0.0
29805,-14.850073,0.0,0.0,25.454473,-0.122718,0.0,0.0,0.0,0.0,0.0
29825,-14.850073,0.049087,0.0,25.454664,0.171806,0.0,0.0,0.0,0.0,0.0
29827,-14.850265,0.0,0.0,25.454857,0.589048,0.003906,0.0,0.0,0.0,0.0
29829,-14.850456,-0.26998,-0.003906,25.454664,0.245437,0.0,0.0,0.0,0.0,0.0
29838,-14.850073,0.392699,0.0,25.454664,0.245437,0.0,0.0,0.0,0.0,0.0
29860,-14.850456,-0.196349,0.0,25.454664,0.147262,0.0,0.0,0.0,0.0,0.0
29862,-14.850456,-0.098175,0.003906,25.454664,0.245437,0.0,0.0,0.0,0.0,0.0
29874,-14.850648,-0.539961,0.0,25.454473,0.0,-0.003906,0.0,0.0,0.0,0.0
29875,-14.850456,-0.220893,0.003906,25.454473,0.073631,0.0,0.0,0.0,0.0,0.0
29889,-14.850456,-0.26998,0.0,25.454664,0.392699,0.0,0.0,0.0,0.0,0.0
29891,-14.850456,-0.024544,0.003906,25.454281,-0.26998,0.0,0.0,0.0,0.0,0.0
29903,-14.850648,-0.368155,0.0,25.454473,-0.024544,0.0,0.0,0.0,0.0,0.0
29920,-14.850265,0.122718,0.003906,25.454473,0.024544,0.003906,0.0,0.0,0.0,0.0
29923,-14.850648,-0.343611,0.0,25.454473,0.294524,0.0,0.0,0.0,0.0,0.0
29931,-14.850648,-0.368155,0.0,25.454473,0.245437,0.0,0.0,0.0,0.0,0.0
29934,-14.850456,0.0,0.0,25.454281,-0.073631,0.0,0.0,0.0,0.0,0.0
29951,-14.850648,-0.564505,0.003906,25.454473,0.343611,0.0,0.0,0.0,0.0,0.0
29953,-14.850456,-0.245437,0.0,25.454473,0.589048,0.0,0.0,0.0,0.0,0.0
29962,-14.850265,-0.196349,0.0,25.453897,-0.26998,0.0,0.0,0.0,0.0,0.0
29982,-14.849881,0.343611,0.003906,25.453514,0.294524,0.0,0.0,0.0,0.0,0.0
29984,-14.850073,-0.245437,-0.003906,25.45294,0.122718,0.0,0.0,0.0,0.0,0.0
29993,-14.849881,-0.196349,0.0,25.452364,0.0,0.0,0.0,0.0,0.0,0.0
29995,-14.849689,0.049087,0.003906,25.451788,0.245437,-0.003906,0.0,0.0,0.0,0.0
30015,-14.849497,0.049087,-0.003906,25.450638,0.073631,0.0,0.0,0.0,0.0,0.0
30018,-14.849305,-0.024544,0.003906,25.448912,-0.294524,0.0,0.0,0.0,0.0,0.0
30026,-14.849113,0.0,0.0,25.447187,-0.073631,0.0,0.0,0.0,0.0,0.0
30044,-14.84873,-0.417242,0.0,25.442585,-0.957203,0.003906,0.0,0.0,0.0,0.0
30046,-14.848347,0.049087,-0.003906,25.43012,-1.644426,0.0,0.0,0.0,0.0,0.0
30055,-14.847772,-0.171806,0.003906,25.411713,-2.699804,0.003906,0.0,0.0,0.0,0.0
30057,-14.847772,-0.024544,-0.003906,25.385252,-2.822522,-0.007812,0.0,0.0,0.0,0.0
30077,-14.843169,0.93266,-0.003906,25.353806,-3.067959,0.0,0.0,0.0,0.0,0.0
30079,-14.832815,1.030834,0.0,25.326962,-3.387027,0.0,0.0,0.0,0.0,0.0
30088,-14.820543,1.055378,-0.003906,25.295706,-3.804269,0.0,0.0,0.0,0.0,0.0
30106,-14.804628,1.595339,-0.003906,25.25985,-3.902444,0.003906,0.0,0.0,0.0,0.0
30108,-14.781043,2.748891,-0.007812,25.224184,-3.828813,-0.007812,0.0,0.0,0.0,0.0
30117,-14.74883,4.025162,-0.007812,25.194464,-2.748891,0.0,0.0,0.0,0.0,0.0
30119,-14.705112,5.939569,-0.007812,25.168577,-2.626173,0.0,0.0,0.0,0.0,0.0
30139,-14.64682,5.939569,0.0,25.143459,-2.503455,0.0,0.0,0.0,0.0,0.0
30141,-14.592748,5.473239,0.007812,25.114506,-2.994328,0.003906,0.0,0.0,0.0,0.0
30150,-14.548262,4.295143,0.003906,25.081524,-3.583376,0.0,0.0,0.0,0.0,0.0
30168,-14.503201,5.375064,-0.003906,25.05027,-3.362483,-0.007812,0.0,0.0,0.0,0.0
30170,-14.460442,3.902444,0.0,25.023617,-2.724348,-0.007812,0.0,0.0,0.0,0.0
30181,-14.423626,3.902444,0.0,24.99658,-2.945241,0.0,0.0,0.0,0.0,0.0
30183,-14.391604,3.976075,0.0,24.97031,-3.411571,0.0,0.0,0.0,0.0,0.0
30201,-14.350187,4.859647,-0.007812,24.939056,-3.362483,0.003906,0.0,0.0,0.0,0.0
30204,-14.30225,5.252346,0.011719,24.903584,-3.828813,0.003906,0.0,0.0,0.0,0.0
30213,-14.265626,3.436114,0.007812,24.864849,-4.123337,0.0,0.0,0.0,0.0,0.0
30231,-14.242425,1.963494,0.003906,24.826309,-3.853357,0.0,0.0,0.0,0.0,0.0
30234,-14.228044,1.129009,0.003906,24.790068,-3.387027,0.0,0.0,0.0,0.0,0.0
30243,-14.223634,0.098175,0.003906,24.758238,-3.485202,0.0,0.0,0.0,0.0,0.0
30245,-14.223825,0.098175,0.0,24.737146,-1.276271,0.0,0.626439,0.0,0.0,0.0
30263,-14.224017,-0.245437,0.0,24.726408,-0.539961,-0.007812,0.626439,0.0,0.0,0.0
30264,-14.224209,-0.26998,0.003906,24.724298,0.245437,0.0,0.626439,0.0,0.0,0.0
30278,-14.224784,-0.392699,0.0,24.724874,0.0,0.0,0.626439,0.730366,0.0,0.0
30294,-14.227468,-0.441786,0.0,24.724298,0.049087,0.0,0.626439,0.730366,0.0,0.0
30296,-14.229195,-0.171806,0.0,24.723341,-0.171806,0.0,0.626439,0.730366,0.0,0.0
30298,-14.229386,-0.343611,0.003906,24.719313,-0.785398,0.0,0.626439,0.730366,0.0,0.0
30309,-14.230345,-0.613592,0.003906,24.708,-1.497164,0.003906,0.626439,0.730366,0.0,0.0
30326,-14.231112,-0.245437,0.0,24.696878,-0.662679,-0.003906,0.626439,0.730366,0.0,0.0
30329,-14.235139,-0.908116,0.0,24.687483,-1.20264,0.0,0.626439,0.730366,0.0,0.0
30338,-14.239932,-0.515417,0.0,24.675211,-1.276271,0.0,0.626439,0.730366,0.0,0.0
30356,-14.244343,-0.539961,0.003906,24.660255,-2.012581,0.003906,0.626439,0.730366,0.0,0.0
30358,-14.253354,-1.595339,0.003906,24.637821,-2.601629,0.0,0.626439,0.730366,0.0,0.0
30369,-14.273871,-2.896153,0.003906,24.610209,-3.117046,0.0,0.626439,0.730366,0.0,0.0
30371,-14.307236,-4.491492,0.003906,24.575695,-3.706095,0.0,0.626439,0.730366,0.0,0.0
30391,-14.340983,-4.172424,0.0,24.544249,-3.706095,0.0,0.626439,0.730366,0.0,0.0
30393,-14.370512,-2.896153,0.0,24.510883,-3.657007,0.0,0.626439,0.730366,0.0,0.0
30400,-14.394289,-2.920697,0.0,24.485765,-2.012581,0.0,0.626439,0.730366,0.0,0.0
30422,-14.421326,-3.14159,0.0,24.464672,-1.93895,0.0,0.626439,0.730366,0.0,0.0
30424,-14.453347,-4.246056,0.003906,24.446457,-1.546251,0.0,0.626439,0.730366,0.0,0.0
30433,-14.492463,-4.81056,0.003906,24.430159,-2.012581,0.0,0.626439,0.730366,0.0,0.0
30435,-14.534265,-4.933278,0.003906,24.413284,-1.865319,0.0,0.626439,0.730366,0.0,0.0
30451,-14.578366,-5.841394,0.003906,24.399286,-0.490873,-0.003906,0.626439,0.730366,0.0,0.0
30453,-14.631864,-6.430442,0.0,24.395069,-0.147262,0.0,0.626439,0.730366,0.0,0.0
30462,-14.688238,-6.234093,-0.003906,24.393534,-0.171806,0.0,0.626439,0.730366,0.0,0.0
30488,-14.731572,-4.614211,0.0,24.39085,-0.46633,0.0,0.626439,0.730366,0.0,0.0
30490,-14.771264,-4.614211,0.0,24.387207,-0.220893,0.0,0.626439,0.730366,0.0,0.0
30503,-14.815558,-5.571414,0.007812,24.383564,-0.171806,0.0,0.626439,0.730366,0.0,0.0
30505,-14.865221,-5.497783,0.007812,24.380878,0.147262,0.0,0.626439,0.730366,0.0,0.0
30508,-14.906255,-4.246056,-0.003906,24.378771,-0.196349,-0.003906,0.626439,0.730366,0.0,0.0
30524,-14.941919,-3.730638,-0.003906,24.376085,-0.122718,0.0,0.626439,0.730366,0.0,0.0
30527,-14.970682,-3.362483,0.0,24.369759,-0.613592,0.0,0.626439,0.730366,0.0,0.0
30544,-14.992541,-2.012581,-0.003906,24.356335,-1.718057,0.003906,0.626439,0.730366,0.0,0.0
30546,-15.008456,-1.398989,0.0,24.342529,-1.300815,0.003906,0.626439,0.730366,0.0,0.0
30555,-15.018235,-0.417242,0.0,24.32719,-1.644426,-0.007812,0.626439,0.730366,0.0,0.0
30558,-15.024563,-0.834485,0.0,24.30744,-2.650717,0.003906,0.626439,0.730366,0.0,0.0
30575,-15.027056,-0.294524,-0.003906,24.279636,-3.043416,0.007812,0.626439,0.730366,0.0,0.0
30577,-15.026864,-0.343611,-0.003906,24.242821,-4.34423,0.0,0.803422,0.730366,0.0,0.0
30590,-15.026672,0.049087,0.0,24.201212,-4.270599,-0.003906,0.803422,0.730366,0.0,0.0
30608,-15.026672,-0.024544,0.0,24.164206,-3.411571,0.0,0.803422,0.730366,0.0,0.0
30610,-15.026672,-0.245437,0.0,24.135443,-2.601629,0.0,0.803422,0.730366,0.0,0.0
30619,-15.02648,0.024544,0.0,24.10994,-2.994328,0.0,0.803422,0.730366,0.0,0.0
30622,-15.026672,-0.392699,0.003906,24.085396,-3.092503,0.003906,0.803422,0.730366,0.0,0.0
30639,-15.02648,0.024544,0.0,24.051266,-3.706095,-0.003906,0.803422,0.730366,0.0,0.0
30641,-15.026672,-0.245437,0.0,24.012533,-4.491492,0.0,0.803422,0.730366,0.0,0.0
30651,-15.02648,0.098175,0.0,23.974758,-3.902444,-0.003906,0.803422,0.730366,0.0,0.0
30668,-15.026864,-0.589048,0.0,23.938902,-4.196968,0.0,0.803422,0.730366,0.0,0.0
30670,-15.026864,-0.26998,0.0,23.903044,-4.025162,0.0,0.803422,0.730366,0.0,0.0
30679,-15.027056,-0.196349,0.0,23.867571,-3.411571,0.0,0.803422,0.730366,0.0,0.0
30681,-15.027439,-0.098175,0.003906,23.83881,-2.67526,0.0,0.803422,0.730366,0.0,0.0
30701,-15.028398,-0.294524,0.007812,23.815224,-2.110756,-0.003906,0.803422,0.730366,0.0,0.0
30704,-15.029932,0.098175,0.0,23.794132,-2.331649,0.003906,0.803422,0.730366,0.0,0.0
30712,-15.033,-0.73631,0.0,23.769588,-3.043416,0.003906,0.803422,0.730366,0.0,0.0
30732,-15.037985,-0.93266,0.0,23.738525,-3.509745,0.003906,0.803422,0.730366,0.0,0.0
30735,-15.045272,-0.809941,0.0,23.696533,-5.154171,0.003906,0.803422,0.730366,0.0,0.0
30743,-15.055051,-1.104465,0.0,23.651279,-4.540579,0.0,0.803422,0.730366,0.0,0.0
30745,-15.06272,-0.785398,-0.007812,23.609097,-4.393317,0.0,0.803422,0.730366,0.0,0.0
30763,-15.070006,-1.079922,0.007812,23.571898,-4.000618,0.0,0.803422,0.730366,0.0,0.0
30766,-15.083621,-1.889863,0.003906,23.538725,-3.657007,-0.003906,0.803422,0.730366,0.0,0.0
30776,-15.103562,-2.797979,0.007812,23.510538,-2.994328,0.0,0.803422,0.730366,0.0,0.0
30796,-15.131557,-3.632463,0.003906,23.486378,-2.920697,0.0,0.803422,0.730366,0.0,0.0
30798,-15.160704,-3.779726,0.003906,23.466436,-2.380736,-0.003906,0.803422,0.730366,0.0,0.0
30806,-15.199053,-3.583376,-0.003906,23.442276,-2.20893,0.0,0.803422,0.730366,0.0,0.0
30823,-15.222062,-1.791688,-0.003906,23.417156,-2.920697,0.0,0.803422,0.730366,0.0,0.0
30825,-15.230499,-0.26998,-0.003906,23.390503,-2.994328,0.003906,0.803422,0.730366,0.0,0.0
30828,-15.228582,-0.368155,0.0,23.360592,-3.583376,0.003906,0.803422,0.730366,0.0,0.0
30839,-15.228582,0.024544,0.0,23.331829,-2.920697,0.0,0.803422,0.730366,0.0,0.0
30858,-15.228582,-0.073631,0.0,23.313038,-2.258018,-0.007812,0.803422,0.730366,0.0,0.0
30861,-15.228582,-0.147262,0.0,23.299616,-0.834485,-0.007812,0.803422,0.730366,0.0,0.0
30867,-15.228582,-0.024544,0.0,23.292521,-0.564505,0.0,0.803422,0.730366,0.0,0.0
30887,-15.228198,-0.196349,0.0,23.282742,-0.613592,0.0,0.803422,0.730366,0.0,0.0
30889,-15.227815,-0.049087,0.0,23.275646,-0.564505,0.0,0.803422,0.730366,0.0,0.0
30892,-15.227815,-0.392699,0.0,23.272196,-0.098175,0.0,0.803422,0.730366,0.0,0.0
30901,-15.22724,-0.196349,0.0,23.269703,0.245437,-0.003906,0.803422,0.730366,0.0,0.0
30932,-15.226665,0.171806,0.0,23.266827,-0.343611,0.0,0.803422,0.730366,0.0,0.0
30934,-15.226089,0.098175,0.0,23.265676,0.0,-0.003906,0.803422,0.730366,0.0,0.0
30937,-15.225898,0.024544,0.0,23.26606,0.147262,0.0,0.803422,1.459198,0.0,0.0
30951,-15.225706,0.098175,0.0,23.266443,0.417242,0.0,0.803422,1.459198,0.0,0.0
30953,-15.225706,-0.196349,0.0,23.266634,0.196349,0.0,0.803422,1.459198,0.0,0.0
30955,-15.225323,0.122718,0.0,23.266634,-0.024544,0.003906,0.803422,1.459198,0.0,0.0
30968,-15.224747,0.122718,0.0,23.266827,-0.122718,0.0,0.803422,1.459198,0.0,0.0
30983,-15.224363,-0.26998,0.0,23.267019,0.196349,0.0,0.803422,1.459198,0.0,0.0
30986,-15.223405,0.0,0.0,23.266827,-0.098175,0.0,0.803422,1.459198,0.0,0.0
30993,-15.22187,0.220893,0.0,23.267019,0.294524,0.0,0.803422,1.459198,0.0,0.0
30995,-15.220337,0.196349,-0.003906,23.266827,0.368155,0.0,0.803422,1.459198,0.0,0.0
31027,-15.217077,0.441786,0.0,23.26606,-0.343611,0.0,0.803422,1.459198,0.0,0.0
31029,-15.209983,0.809941,0.0,23.26491,-0.220893,0.003906,0.803422,1.459198,0.0,0.0
31031,-15.201929,0.809941,0.003906,23.262417,-0.441786,0.0,0.803422,1.459198,0.0,0.0
31044,-15.200396,-0.392699,0.0,23.256472,-0.73631,0.0,0.803422,1.459198,0.0,0.0
31046,-15.200779,0.319068,0.0,23.248802,-0.834485,0.0,0.803422,1.459198,0.0,0.0
31055,-15.200779,-0.368155,0.0,23.234613,-2.307105,0.0,0.803422,1.459198,0.0,0.0
31057,-15.200779,0.0,0.0,23.21352,-3.092503,0.003906,0.803422,1.459198,0.0,0.0
31076,-15.200971,-0.196349,0.0,23.188593,-3.215221,0.003906,0.803422,1.459198,0.0,0.0
31079,-15.200971,-0.319068,0.0,23.160215,-2.650717,-0.003906,0.803422,1.459198,0.0,0.0
31088,-15.200779,-0.171806,0.0,23.134521,-2.797979,0.0,0.803422,1.459198,0.0,0.0
31120,-15.200587,0.122718,-0.003906,23.113237,-2.258018,0.0,0.803422,1.459198,0.0,0.0
31122,-15.200587,0.073631,0.0,23.097706,-0.981747,0.0,0.803422,1.459198,0.0,0.0
31124,-15.200587,0.122718,0.0,23.084091,-1.276271,0.0,0.803422,1.459198,0.0,0.0
31126,-15.200779,-0.392699,0.0,23.073736,-0.319068,0.0,0.803422,1.459198,0.0,0.0
31141,-15.199436,0.294524,0.003906,23.067026,-1.055378,0.0,0.803422,1.459198,0.0,0.0
31143,-15.198094,0.490873,0.003906,23.059547,-0.515417,0.0,0.803422,1.459198,0.0,0.0
31150,-15.195793,0.122718,0.0,23.056671,0.245437,-0.003906,0.803422,1.459198,0.0,0.0
31168,-15.1933,0.441786,0.0,23.058014,0.245437,0.0,0.803422,1.459198,0.0,0.0
31170,-15.189849,0.46633,0.0,23.058014,0.0,0.0,0.803422,1.459198,0.0,0.0
31172,-15.18448,0.638135,-0.003906,23.058205,0.147262,0.0,0.803422,1.459198,0.0,0.0
31181,-15.179495,0.515417,0.0,23.059164,0.589048,0.003906,0.803422,1.459198,0.0,0.0
31201,-15.177385,-0.196349,0.003906,23.05974,-0.147262,0.0,0.803422,1.459198,0.0,0.0
31203,-15.175084,0.294524,0.0,23.059931,0.46633,0.0,0.803422,1.459198,0.0,0.0
31224,-15.172976,0.687223,0.003906,23.060123,0.417242,0.0,0.803422,1.459198,0.0,0.0
31226,-15.169908,0.368155,0.0,23.061657,0.515417,0.0,0.803422,1.459198,0.0,0.0
31241,-15.162045,1.006291,-0.003906,23.0653,1.030834,-0.003906,0.803422,1.459198,0.0,0.0
31243,-15.146897,1.963494,-0.003906,23.080256,3.092503,-0.007812,0.803422,1.459198,0.0,0.0
31246,-15.129641,2.40528,-0.003906,23.117838,5.571414,0.0,0.803422,1.459198,0.0,0.0
31265,-15.105289,3.288852,-0.007812,23.17824,7.755801,-0.003906,0.803422,1.459198,0.0,0.0
31266,-15.070774,4.884191,-0.007812,23.250336,8.344849,0.0,0.803422,1.459198,0.0,0.0
31276,-15.024179,7.117665,-0.011719,23.325884,10.111993,-0.003906,0.803422,1.459198,0.0,0.0
31294,-14.966846,6.185006,0.003906,23.417156,9.8911,0.003906,0.803422,1.459198,0.0,0.0
31296,-14.915075,5.497783,0.007812,23.508429,10.259255,0.0,0.803422,1.459198,0.0,0.0
31297,-14.864645,5.669589,0.007812,23.601234,10.259255,0.003906,0.803422,1.459198,0.0,0.0
31306,-14.816709,4.516036,0.0,23.692698,10.013819,0.011719,0.803422,1.459198,0.0,0.0
31325,-14.782002,3.436114,0.0,23.775341,8.639373,-0.003906,0.803422,1.459198,0.0,0.0
31326,-14.752473,2.699804,-0.003906,23.858175,9.817469,0.0,0.803422,1.459198,0.0,0.0
31347,-14.726204,3.239765,-0.007812,23.932957,9.866556,0.0,0.803422,1.459198,0.0,0.0
31366,-14.687854,4.884191,-0.007812,24.016176,9.252965,0.003906,0.803422,1.459198,0.0,0.0
31367,-14.644711,3.976075,0.007812,24.099777,9.915644,-0.003906,0.803422,1.459198,0.0,0.0
31370,-14.609813,3.436114,0.003906,24.188557,11.09374,0.0,0.803422,1.459198,0.0,0.0
31372,-14.582969,2.920697,0.007812,24.280979,10.62741,0.003906,0.803422,1.459198,0.0,0.0
31402,-14.562835,1.840775,0.003906,24.367649,9.8911,0.0,0.803422,1.459198,0.0,0.0
31405,-14.545578,2.258018,0.0,24.444157,9.105702,0.0,0.803422,1.459198,0.0,0.0
31406,-14.518541,3.239765,-0.003906,24.53121,9.694751,0.0,0.803422,1.459198,0.0,0.0
31417,-14.48652,3.239765,-0.003906,24.613085,8.541198,0.003906,0.803422,1.459198,0.0,0.0
31419,-14.460442,2.356193,0.0,24.687866,8.737548,-0.003906,0.803422,1.459198,0.0,0.0
31421,-14.438582,2.159843,-0.007812,24.764566,8.762092,0.0,0.803422,1.459198,0.0,0.0
31430,-14.415573,2.527998,0.0,24.838005,8.222131,0.0,0.803422,1.459198,0.0,0.0
31451,-14.391988,2.847066,0.0,24.897448,7.142209,0.003906,0.803422,1.459198,0.0,0.0
31452,-14.359583,4.295143,-0.007812,24.955738,6.504073,0.0,0.803422,1.459198,0.0,0.0
31462,-14.317206,4.34423,0.003906,25.012878,6.454986,-0.003906,0.803422,1.459198,0.0,0.0
31481,-14.281349,3.387027,0.007812,25.074047,6.872229,-0.007812,0.803422,1.459198,0.0,0.0
31484,-14.25834,1.791688,0.003906,25.133871,6.185006,0.007812,0.803422,1.459198,0.0,0.0
31485,-14.241658,1.546251,0.0,25.183151,5.178715,0.003906,0.803422,1.459198,0.0,0.0
31494,-14.225935,1.66897,0.003906,25.220924,4.368774,0.003906,0.803422,1.459198,0.0,0.0
31512,-14.206184,2.20893,-0.003906,25.259466,4.246056,0.003906,0.803422,1.459198,0.0,0.0
31514,-14.175696,4.172424,-0.003906,25.29072,3.239765,0.003906,0.803422,1.459198,0.0,0.0
31525,-14.134471,4.786016,0.0,25.315073,2.331649,0.0,0.803422,1.459198,0.0,0.0
31527,-14.095355,4.025162,0.0,25.337124,2.748891,0.003906,0.803422,1.459198,0.0,0.0
31545,-14.06084,4.516036,0.0,25.357641,2.896153,0.0,0.803422,1.459198,0.0,0.0
31547,-14.018272,4.663298,-0.003906,25.380266,2.847066,0.0,0.803422,1.459198,0.0,0.0
31556,-13.967075,5.915025,0.0,25.4027,2.503455,-0.003906,0.803422,1.459198,0.0,0.0
31574,-13.925275,3.534289,0.007812,25.421494,1.963494,0.003906,0.803422,1.459198,0.0,0.0
31576,-13.891719,3.288852,-0.003906,25.434532,0.93266,0.003906,0.803422,1.459198,0.0,0.0
31585,-13.859506,4.368774,0.0,25.439709,0.539961,-0.003906,0.803422,1.459198,0.0,0.0
31587,-13.809459,6.74951,-0.007812,25.445078,1.030834,-0.003906,0.803422,1.459198,0.0,0.0
31607,-13.753085,5.743219,0.003906,25.455816,1.66897,0.0,0.803422,1.459198,0.0,0.0
31609,-13.704382,5.105084,0.011719,25.465403,0.93266,0.0,0.803422,1.459198,0.0,0.0
31622,-13.659513,5.497783,0.0,25.472881,1.374446,0.0,0.803422,1.459198,0.0,0.0
31650,-13.616178,5.055996,-0.003906,25.483234,1.251727,0.0,0.803422,1.459198,0.0,0.0
31652,-13.570926,4.638754,0.0,25.493782,1.423533,-0.003906,0.803422,1.459198,0.0,0.0
31653,-13.523947,5.571414,0.0,25.503944,0.981747,0.0,0.803422,1.459198,0.0,0.0
31656,-13.466231,7.264927,-0.003906,25.508354,0.319068,0.0,0.803422,1.459198,0.0,0.0
31669,-13.403147,6.479529,0.003906,25.506437,0.220893,-0.003906,0.803422,2.451683,0.0,0.0
31670,-13.352908,4.442405,0.007812,25.506821,0.098175,0.003906,0.803422,2.451683,0.0,0.0
31682,-13.315134,5.301434,-0.003906,25.506437,-0.122718,-0.003906,0.803422,2.451683,0.0,0.0
31700,-13.266814,5.350521,-0.007812,25.506628,0.392699,-0.007812,0.803422,2.451683,0.0,0.0
31702,-13.218493,5.055996,0.0,25.506437,-0.049087,0.0,0.803422,2.451683,0.0,0.0
31703,-13.168064,5.939569,0.0,25.506054,0.368155,-0.003906,0.803422,2.451683,0.0,0.0
31723,-13.106896,7.21584,0.003906,25.505478,0.0,0.0,0.803422,2.451683,0.0,0.0
31725,-13.049373,5.350521,0.003906,25.504902,-0.245437,0.0,0.803422,2.451683,0.0,0.0
31743,-13.002778,4.663298,0.0,25.504328,0.024544,0.0,0.803422,2.451683,0.0,0.0
31744,-12.958867,6.430442,-0.007812,25.504328,0.26998,0.0,0.803422,2.451683,0.0,0.0
31763,-12.900385,5.964112,-0.003906,25.502026,-0.343611,0.0,0.803422,2.451683,0.0,0.0
31765,-12.846312,5.497783,0.007812,25.497042,-0.417242,0.003906,0.803422,2.451683,0.0,0.0
31767,-12.7978,5.27689,0.003906,25.488029,-1.055378,0.003906,0.803422,2.451683,0.0,0.0
31775,-12.752547,4.491492,0.007812,25.471155,-1.570795,0.0,0.803422,2.451683,0.0,0.0
31794,-12.723018,2.110756,0.019531,25.446804,-3.043416,0.0,0.803422,2.451683,0.0,0.0
31797,-12.711514,0.171806,0.007812,25.417849,-3.239765,0.0,0.803422,2.451683,0.0,0.0
31805,-12.71228,-0.46633,0.0,25.382759,-4.270599,0.0,2.489265,2.451683,0.0,0.0
31825,-12.712664,-0.171806,0.003906,25.347479,-5.08054,0.0,2.489265,2.451683,0.0,0.0
31827,-12.712664,-0.147262,0.0,25.300501,-5.792307,0.0,2.489265,2.451683,0.0,0.0
31829,-12.713047,-0.392699,-0.003906,25.242208,-6.847685,0.003906,2.489265,2.451683,0.0,0.0
31839,-12.713622,-0.147262,0.0,25.179123,-7.21584,0.003906,2.489265,2.451683,0.0,0.0
31856,-12.714773,-0.589048,0.0,25.114889,-7.387646,0.0,2.489265,2.451683,0.0,0.0
31858,-12.714965,0.024544,0.0,25.048544,-6.332268,0.0,2.489265,2.451683,0.0,0.0
31868,-12.715348,0.098175,-0.003906,24.994854,-5.399608,0.0,2.489265,2.451683,0.0,0.0
31887,-12.715348,0.024544,0.0,24.947493,-4.81056,0.0,2.489265,2.451683,0.0,0.0
31889,-12.71554,0.0,0.0,24.9032,-5.055996,0.0,2.489265,2.451683,0.0,0.0
31891,-12.715157,0.024544,0.0,24.860632,-4.761473,0.0,2.489265,2.451683,0.0,0.0
31911,-12.71554,-0.196349,0.0,24.81979,-3.976075,0.0,2.489265,2.451683,0.0,0.0
31912,-12.71554,-0.122718,0.0,24.786617,-2.87161,-0.007812,2.489265,2.451683,0.0,0.0
31929,-12.716115,-0.392699,0.0,24.76284,-1.816232,-0.007812,2.489265,2.451683,0.0,0.0
31931,-12.716307,-0.147262,0.0,24.751528,0.171806,0.0,2.489265,2.451683,0.0,0.0
31950,-12.716307,-0.245437,0.0,24.753635,0.613592,0.0,2.489265,2.451683,0.0,0.0
31951,-12.716115,0.0,0.0,24.754787,-0.220893,0.0,2.489265,2.451683,0.0,0.0
31953,-12.716115,0.220893,0.003906,24.754595,0.171806,0.0,2.489265,2.451683,0.0,0.0
31962,-12.716307,-0.122718,0.0,24.754404,-0.098175,0.0,2.489265,2.451683,0.0,0.0
31983,-12.71669,-0.245437,0.003906,24.754595,0.26998,0.0,2.489265,2.451683,0.0,0.0
31984,-12.717074,0.122718,0.003906,24.754595,0.368155,0.0,2.489265,2.451683,0.0,0.0
31991,-12.717074,0.196349,0.0,24.754595,-0.049087,0.0,2.489265,2.451683,0.0,0.0
32013,-12.717266,0.0,0.0,24.754787,0.392699,0.0,2.489265,2.451683,0.0,0.0
32017,-12.718991,-0.319068,0.003906,24.754595,0.147262,-0.007812,2.489265,2.451683,0.0,0.0
32020,-12.721101,-0.368155,0.003906,24.754595,-0.098175,0.0,2.489265,2.451683,0.0,0.0
32024,-12.723977,-0.368155,-0.003906,24.754595,-0.073631,0.0,2.489265,2.451683,0.0,0.0
32046,-12.730113,-1.276271,0.003906,24.754787,0.245437,0.0,2.489265,2.451683,0.0,0.0
32048,-12.743918,-1.595339,0.0,24.754787,0.26998,0.0,2.489265,2.451683,0.0,0.0
32053,-12.763476,-2.380736,0.0,24.754595,-0.122718,0.0,2.489265,2.451683,0.0,0.0
32075,-12.787828,-3.043416,0.007812,24.754787,0.245437,0.0,2.489265,2.451683,0.0,0.0
32077,-12.813139,-3.14159,0.0,24.754787,0.147262,0.0,2.489265,2.451683,0.0,0.0
32078,-12.842285,-4.098794,0.003906,24.754787,0.245437,0.0,2.489265,2.451683,0.0,0.0
32086,-12.887154,-5.522326,0.0,24.754595,-0.122718,0.0,2.489265,2.451683,0.0,0.0
32107,-12.943336,-7.559451,0.003906,24.754404,-0.319068,-0.007812,2.489265,2.451683,0.0,0.0
32111,-13.001435,-6.430442,0.007812,24.754787,0.343611,-0.007812,2.489265,2.451683,0.0,0.0
32117,-13.072382,-9.449314,0.011719,24.754595,0.171806,0.003906,2.489265,2.451683,0.0,0.0
32137,-13.156176,-9.522945,-0.003906,24.754404,0.196349,0.0,2.489265,2.451683,0.0,0.0
32139,-13.243421,-10.406517,0.0,24.754211,-0.122718,0.0,2.489265,2.451683,0.0,0.0
32140,-13.333734,-10.332887,0.003906,24.754404,0.073631,0.0,2.489265,2.451683,0.0,0.0
32148,-13.428457,-10.946478,0.003906,24.754211,0.049087,0.0,2.489265,2.451683,0.0,0.0
32170,-13.527015,-11.265546,0.0,24.754211,0.049087,-0.007812,2.489265,2.451683,0.0,0.0
32171,-13.624423,-10.995565,0.007812,24.754211,0.049087,0.003906,2.489265,2.451683,0.0,0.0
32179,-13.719913,-10.872847,-0.003906,24.754404,0.343611,0.0,2.489265,2.451683,0.0,0.0
32199,-13.817704,-10.504692,-0.007812,24.754211,-0.024544,0.0,2.489265,2.451683,0.0,0.0
32201,-13.89958,-9.081159,0.0,24.754595,0.687223,0.0,2.489265,2.451683,0.0,0.0
32202,-13.981648,-9.498402,0.0,24.754404,0.196349,0.0,2.489265,2.451683,0.0,0.0
32210,-14.059306,-8.246674,-0.003906,24.754595,0.490873,0.0,2.489265,2.451683,0.0,0.0
32234,-14.133896,-8.516654,0.0,24.754404,0.245437,0.0,2.489265,2.451683,0.0,0.0
32235,-14.193529,-7.240384,0.0,24.754404,0.171806,0.0,2.489265,2.451683,0.0,0.0
32241,-14.254697,-7.21584,0.003906,24.754404,0.098175,0.0,2.489265,2.451683,0.0,0.0
32307,-14.324684,-8.271217,0.0,24.754404,0.147262,0.0,2.489265,2.451683,0.0,0.0
32311,-14.386235,-6.626791,-0.007812,24.754404,0.171806,0.0,2.489265,2.451683,0.0,0.0
32314,-14.442417,-5.939569,-0.007812,24.754021,0.368155,0.0,2.489265,2.451683,0.0,0.0
32319,-14.496682,-6.234093,0.003906,24.754211,0.171806,0.0,2.489265,2.451683,0.0,0.0
32323,-14.545002,-5.301434,-0.003906,24.753828,-0.515417,0.0,2.489265,2.451683,0.0,0.0
32327,-14.593323,-6.160462,0.0,24.754021,0.392699,0.0,2.489265,2.451683,0.0,0.0
32330,-14.647971,-6.307724,-0.003906,24.753828,-0.122718,0.0,2.489265,2.451683,0.0,0.0
32334,-14.697058,-4.736929,-0.011719,24.753828,0.073631,0.0,2.489265,2.451683,0.0,0.0
32336,-14.730039,-3.632463,0.0,24.753828,0.220893,0.0,2.489265,2.451683,0.0,0.0
32339,-14.75765,-3.902444,0.003906,24.753252,-0.196349,0.003906,2.489265,2.451683,0.0,0.0
32341,-14.793123,-4.34423,0.003906,24.753445,0.245437,0.0,2.489265,2.451683,0.0,0.0
32369,-14.83665,-5.718676,0.003906,24.753445,0.343611,0.0,2.489265,2.451683,0.0,0.0
32373,-14.881136,-4.614211,-0.003906,24.752295,0.0,0.0,2.489265,2.451683,0.0,0.0
32376,-14.916992,-4.246056,0.0,24.750759,0.147262,0.0,2.489265,2.451683,0.0,0.0
32387,-14.953041,-4.540579,0.0,24.747692,-0.638135,0.003906,2.489265,2.451683,0.0,0.0
32392,-14.992733,-5.006909,0.0,24.738489,-1.693513,0.007812,2.489265,2.451683,0.0,0.0
32396,-15.0353,-4.663298,-0.007812,24.718739,-2.40528,0.003906,2.489265,2.451683,0.0,0.0
32399,-15.067898,-3.681551,-0.007812,24.689402,-3.755182,0.003906,2.489265,2.451683,0.0,0.0
32432,-15.099728,-4.196968,0.007812,24.653543,-3.902444,0.003906,2.489265,2.451683,0.0,0.0
32435,-15.144213,-5.841394,0.003906,24.605799,-6.086831,0.003906,2.489265,2.451683,0.0,0.0
32436,-15.200971,-6.798597,0.0,24.545206,-6.994947,0.0,2.489265,2.451683,0.0,0.0
32452,-15.254851,-5.497783,0.0,24.481356,-6.872229,0.0,2.489265,2.451683,0.0,0.0
32454,-15.303555,-5.129628,0.0,24.42057,-6.381355,0.0,2.489265,2.451683,0.0,0.0
32455,-15.349382,-4.957822,0.0,24.364389,-5.841394,0.0,2.489265,2.451683,0.0,0.0
32462,-15.384473,-3.706095,0.0,24.321438,-5.08054,-0.007812,2.489265,2.451683,0.0,0.0
32482,-15.413618,-2.503455,0.0,24.275227,-5.129628,0.003906,2.489265,2.451683,0.0,0.0
32483,-15.441613,-3.583376,0.003906,24.224796,-5.694132,0.0,2.489265,2.451683,0.0,0.0
32493,-15.480347,-4.884191,0.007812,24.172832,-5.522326,0.0,2.489265,2.451683,0.0,0.0
32511,-15.525407,-4.687841,0.0,24.12528,-4.712385,0.0,2.489265,2.451683,0.0,0.0
32513,-15.567017,-4.07425,-0.011719,24.079453,-5.178715,0.003906,2.489265,2.451683,0.0,0.0
32515,-15.590026,-1.570795,-0.007812,24.025955,-6.185006,0.003906,2.489265,2.451683,0.0,0.0
32538,-15.60038,-1.153553,0.0,23.965746,-6.921316,0.003906,2.489265,2.451683,0.0,0.0
32540,-15.608625,-0.687223,0.0,23.899017,-8.001237,0.0,2.489265,2.451683,0.0,0.0
32556,-15.613995,-0.687223,0.0,23.826921,-7.804888,0.0,2.489265,2.451683,0.0,0.0
32558,-15.618979,-0.859029,0.0,23.756741,-7.927606,0.003906,2.489265,2.451683,0.0,0.0
32575,-15.62665,-0.785398,-0.011719,23.681959,-8.443024,0.003906,2.489265,2.451683,0.0,0.0
32577,-15.633361,-0.46633,0.0,23.600275,-9.15479,0.0,2.489265,2.451683,0.0,0.0
32579,-15.635854,-0.245437,0.0,23.520317,-8.982985,0.0,2.489265,2.451683,0.0,0.0
32588,-15.635854,0.0,0.0,23.44611,-7.780344,-0.003906,2.489265,2.451683,0.0,0.0
32606,-15.635662,0.171806,0.0,23.375931,-8.271217,0.0,2.489265,2.451683,0.0,0.0
32609,-15.63547,0.319068,0.0,23.303833,-7.387646,0.0,2.489265,2.451683,0.0,0.0
32619,-15.63547,-0.098175,0.0,23.245543,-5.571414,-0.007812,2.489265,2.451683,0.0,0.0
32637,-15.635279,-0.343611,0.0,23.196072,-5.325977,0.0,2.489265,2.451683,0.0,0.0
32639,-15.634511,-0.245437,-0.007812,23.152546,-4.491492,0.0,2.489265,2.451683,0.0,0.0
32640,-15.633936,-0.245437,-0.007812,23.114964,-3.926988,0.0,2.489265,2.451683,0.0,0.0
32650,-15.633553,-0.049087,0.0,23.083515,-3.681551,0.0,2.489265,2.451683,0.0,0.0
32668,-15.633744,-0.441786,0.0,23.056864,-2.773435,0.0,2.489265,2.451683,0.0,0.0
32670,-15.633361,-0.220893,0.0,23.038647,-1.619882,0.0,2.918588,2.451683,0.0,0.0
32682,-15.632977,-0.024544,0.0,23.025225,-0.93266,0.0,2.918588,2.451683,0.0,0.0
32699,-15.632786,-0.220893,0.0,23.015446,-0.46633,0.0,2.918588,2.451683,0.0,0.0
32701,-15.632594,-0.294524,0.0,23.009693,-0.294524,-0.003906,2.918588,2.451683,0.0,0.0
32703,-15.632211,0.098175,0.0,23.01161,0.392699,0.0,2.918588,2.451683,0.0,0.0
32712,-15.631635,0.0,0.0,23.01161,0.245437,0.0,2.918588,2.451683,0.0,0.0
32730,-15.630676,0.0,0.0,23.011419,-0.024544,0.0,2.918588,2.451683,0.0,0.0
32732,-15.62991,0.049087,-0.007812,23.01161,0.319068,0.0,2.918588,2.451683,0.0,0.0
32744,-15.629334,0.0,-0.003906,23.01161,0.220893,0.0,2.918588,2.451683,0.0,0.0
32761,-15.628375,0.0,0.0,23.01161,0.098175,0.0,2.918588,2.451683,0.0,0.0
32762,-15.627417,-0.220893,0.0,23.01161,0.245437,0.0,2.918588,2.451683,0.0,0.0
32764,-15.62665,-0.245437,0.0,23.01161,0.122718,0.0,2.918588,2.451683,0.0,0.0
32777,-15.624732,0.46633,-0.007812,23.01161,0.245437,0.003906,2.918588,2.451683,0.0,0.0
32794,-15.621472,0.294524,0.0,23.011419,0.122718,0.0,2.918588,2.451683,0.0,0.0
32796,-15.613227,1.644426,-0.007812,23.011419,0.245437,0.0,2.918588,2.451683,0.0,0.0
32805,-15.588684,4.025162,-0.011719,23.011419,0.245437,0.0,2.918588,2.451683,0.0,0.0
32806,-15.538254,6.307724,0.0,23.011419,0.245437,-0.003906,2.918588,2.451683,0.0,0.0
32825,-15.487824,4.835104,0.007812,23.010269,-0.024544,0.0,2.918588,2.451683,0.0,0.0
32827,-15.448708,3.558833,0.007812,23.00931,-0.26998,0.0,2.918588,2.451683,0.0,0.0
32840,-15.415919,3.534289,-0.003906,23.009117,0.049087,0.0,2.918588,2.451683,0.0,0.0
32856,-15.376611,4.442405,-0.007812,23.008926,0.024544,-0.003906,2.918588,2.451683,0.0,0.0
32858,-15.334235,4.540579,0.0,23.009117,0.245437,0.0,2.918588,2.451683,0.0,0.0
32868,-15.302021,3.485202,0.003906,23.008926,-0.122718,0.003906,2.918588,2.451683,0.0,0.0
32869,-15.267123,3.534289,0.003906,23.008926,-0.441786,-0.003906,2.918588,2.451683,0.0,0.0
32888,-15.229733,4.417861,0.0,23.009117,-0.098175,0.0,2.918588,2.451683,0.0,0.0
32891,-15.186589,4.786016,0.007812,23.00931,0.368155,0.0,2.918588,2.451683,0.0,0.0
32898,-15.155143,2.454367,0.007812,23.00931,0.0,0.0,2.918588,2.451683,0.0,0.0
32917,-15.142488,0.490873,0.003906,23.009502,0.245437,0.0,2.918588,2.451683,0.0,0.0
32919,-15.141145,0.0,0.003906,23.009693,0.245437,0.003906,2.918588,2.451683,0.0,0.0
32931,-15.142679,-0.417242,0.003906,23.009886,0.196349,0.0,2.918588,2.451683,0.0,0.0
32933,-15.142488,0.0,-0.003906,23.011227,0.245437,0.0,2.918588,2.451683,0.0,0.0
32963,-15.142104,0.0,0.0,23.011227,0.073631,0.0,2.918588,2.451683,0.0,0.0
32964,-15.141912,-0.245437,0.0,23.012186,0.687223,0.0,2.918588,2.451683,0.0,0.0
32966,-15.140953,-0.122718,-0.003906,23.016979,1.129009,-0.007812,2.918588,2.451683,0.0,0.0
32982,-15.137885,0.343611,-0.003906,23.037306,3.902444,-0.007812,2.918588,2.451683,0.0,0.0
32984,-15.131749,0.809941,0.0,23.080639,6.209549,-0.007812,2.918588,2.451683,0.0,0.0
32985,-15.124271,1.153553,0.0,23.147177,8.541198,0.0,2.918588,2.451683,0.0,0.0
32992,-15.115259,1.644426,-0.007812,23.230204,9.645663,0.0,2.918588,2.451683,0.0,0.0
33015,-15.092442,2.920697,-0.007812,23.327227,11.314633,0.0,2.918588,2.451683,0.0,0.0
33016,-15.054475,4.736929,-0.011719,23.428471,11.854594,-0.003906,2.918588,2.451683,0.0,0.0
33024,-15.003662,5.743219,0.0,23.535656,13.03269,-0.007812,2.918588,2.451683,0.0,0.0
33050,-14.957259,4.417861,0.003906,23.649939,13.523563,0.003906,2.918588,2.451683,0.0,0.0
33052,-14.920444,3.215221,0.003906,23.764603,12.492729,-0.003906,2.918588,2.451683,0.0,0.0
33054,-14.895708,2.233474,0.0,23.87505,12.590904,0.0,2.918588,2.451683,0.0,0.0
33061,-14.875192,2.380736,0.003906,23.972458,12.639992,0.0,2.918588,2.451683,0.0,0.0
33087,-14.854483,1.914407,0.007812,24.078493,12.247293,0.0,2.918588,2.451683,0.0,0.0
33089,-14.844512,0.049087,0.007812,24.183764,12.885428,0.0,2.918588,2.451683,0.0,0.0
33090,-14.843937,-0.589048,-0.011719,24.293442,12.639992,0.0,2.918588,2.451683,0.0,0.0
33106,-14.844129,-0.098175,-0.003906,24.402546,12.860885,0.0,2.918588,2.451683,0.0,0.0
33108,-14.843554,0.0,-0.003906,24.516253,13.229039,0.0,2.918588,2.451683,0.0,0.0
33109,-14.843554,0.073631,0.0,24.630535,12.860885,0.003906,2.918588,2.451683,0.0,0.0
33119,-14.842402,0.196349,0.0,24.74098,12.271836,0.0,2.918588,2.451683,0.0,0.0
33141,-14.840294,0.245437,0.0,24.848551,11.83005,0.0,2.918588,2.451683,0.0,0.0
33142,-14.837033,0.26998,0.003906,24.950178,11.412807,0.003906,2.918588,2.451683,0.0,0.0
33150,-14.833965,0.859029,0.003906,25.037039,11.731875,-0.007812,2.918588,2.451683,0.0,0.0
33180,-14.832048,-0.147262,0.003906,25.13483,10.185624,0.007812,2.918588,2.451683,0.0,0.0
33182,-14.829747,-0.171806,0.0,25.22591,10.16108,-0.003906,2.918588,2.451683,0.0,0.0
33183,-14.826104,0.245437,-0.003906,25.307211,8.835722,0.0,2.918588,2.451683,0.0,0.0
33184,-14.821118,0.785398,0.0,25.377966,7.780344,0.003906,2.918588,2.451683,0.0,0.0
33201,-14.812682,0.957203,-0.003906,25.441818,6.356811,0.003906,2.918588,2.451683,0.0,0.0
33202,-14.798876,1.129009,0.0,25.494356,5.473239,0.003906,2.918588,2.451683,0.0,0.0
33212,-14.782386,2.086212,-0.003906,25.537884,4.614211,0.003906,2.918588,2.451683,0.0,0.0
33230,-14.761868,2.773435,-0.007812,25.575274,4.786016,0.0,2.918588,2.451683,0.0,0.0
33231,-14.728121,4.417861,-0.011719,25.615349,4.81056,0.0,2.918588,2.451683,0.0,0.0
33233,-14.677116,6.847685,0.0,25.650631,3.951531,0.0,2.918588,2.451683,0.0,0.0
33245,-14.617483,6.332268,0.0,25.678434,2.994328,0.003906,2.918588,2.451683,0.0,0.0
33262,-14.563218,5.448695,0.003906,25.697802,2.380736,0.0,2.918588,2.451683,0.0,0.0
33264,-14.514515,6.381355,-0.003906,25.706429,0.46633,0.007812,2.918588,2.451683,0.0,0.0
33276,-14.453922,6.553161,-0.003906,25.704895,-0.147262,0.0,2.918588,2.697502,0.0,0.0
33293,-14.394864,6.258636,-0.003906,25.702978,0.024544,0.0,2.918588,2.697502,0.0,0.0
33295,-14.324109,8.811178,-0.003906,25.703552,0.245437,0.0,2.918588,2.697502,0.0,0.0
33297,-14.250479,7.95215,0.007812,25.703362,0.0,0.0,2.918588,2.697502,0.0,0.0
33307,-14.186626,7.044034,-0.003906,25.703362,0.0,0.0,2.918588,2.697502,0.0,0.0
33327,-14.119706,7.412189,0.0,25.703362,-0.049087,0.0,2.918588,2.697502,0.0,0.0
33328,-14.064292,6.602248,0.003906,25.703362,-0.049087,0.0,2.918588,2.697502,0.0,0.0
33336,-14.004849,6.185006,0.003906,25.703362,0.343611,0.0,2.918588,2.697502,0.0,0.0
33355,-13.946751,5.718676,0.011719,25.703552,0.196349,0.0,2.918588,2.697502,0.0,0.0
33357,-13.905333,4.025162,0.003906,25.704321,0.417242,0.0,2.918588,2.697502,0.0,0.0
33360,-13.877337,3.018872,0.003906,25.704895,-0.122718,-0.003906,2.918588,2.697502,0.0,0.0
33368,-13.848001,3.534289,-0.007812,25.707005,0.294524,0.0,2.918588,2.697502,0.0,0.0
33388,-13.806583,4.835104,0.0,25.711224,0.834485,0.0,2.918588,2.697502,0.0,0.0
33389,-13.763824,4.687841,0.003906,25.71755,1.104465,0.0,2.918588,2.697502,0.0,0.0
33399,-13.728925,3.215221,0.003906,25.726179,1.153553,0.0,2.918588,2.697502,0.0,0.0
33401,-13.700163,2.896153,0.003906,25.733082,0.613592,0.003906,2.918588,2.697502,0.0,0.0
33419,-13.675427,2.724348,-0.003906,25.736341,0.564505,0.0,2.918588,2.697502,0.0,0.0
33420,-13.64168,4.270599,-0.003906,25.740561,0.46633,-0.007812,2.918588,2.697502,0.0,0.0
33432,-13.606782,3.657007,0.0,25.75264,1.718057,0.0,2.918588,2.697502,0.0,0.0
33450,-13.578787,2.650717,0.0,25.765295,1.546251,-0.003906,2.918588,2.697502,0.0,0.0
33452,-13.551558,3.33794,0.0,25.78121,1.93895,0.0,2.918588,2.697502,0.0,0.0
33462,-13.520112,4.000618,0.0,25.797894,1.889863,0.0,2.918588,2.697502,0.0,0.0
33463,-13.482913,4.933278,-0.007812,25.810549,1.030834,0.003906,2.918588,2.697502,0.0,0.0
33481,-13.427882,6.28318,0.003906,25.814192,-0.024544,0.0,2.918588,2.697502,0.0,0.0
33483,-13.379945,4.687841,0.003906,25.812849,-0.098175,0.0,2.918588,2.697502,0.0,0.0
33493,-13.340636,3.681551,0.003906,25.810549,-0.245437,0.0,2.918588,2.697502,0.0,0.0
33512,-13.296343,5.424152,-0.007812,25.808823,0.0,0.0,2.918588,2.697502,0.0,0.0
33514,-13.246105,5.006909,0.0,25.80748,-0.049087,0.003906,2.918588,2.697502,0.0,0.0
33515,-13.202003,5.571414,0.0,25.80537,-0.049087,0.0,2.918588,2.697502,0.0,0.0
33526,-13.150615,5.571414,0.0,25.802687,-0.220893,0.007812,2.918588,2.697502,0.0,0.0
33544,-13.090981,6.185006,0.007812,25.801727,0.294524,0.0,2.918588,2.697502,0.0,0.0
33546,-13.041894,4.638754,0.003906,25.800961,-0.220893,0.003906,2.918588,2.697502,0.0,0.0
33562,-13.004887,3.460658,0.003906,25.79751,-0.147262,-0.007812,2.918588,2.697502,0.0,0.0
33588,-12.968839,4.466949,-0.011719,25.795975,0.073631,0.0,2.918588,2.697502,0.0,0.0
33589,-12.924353,4.736929,-0.003906,25.794441,-0.122718,0.0,2.918588,2.697502,0.0,0.0
33591,-12.888305,3.853357,0.007812,25.790606,-0.343611,0.007812,2.918588,2.697502,0.0,0.0
33593,-12.858008,2.822522,0.007812,25.779869,-1.66897,0.0,2.918588,2.697502,0.0,0.0
33608,-12.838259,1.66897,0.007812,25.759542,-2.601629,0.003906,2.918588,2.697502,0.0,0.0
33610,-12.832506,-0.368155,0.007812,25.731932,-2.945241,0.0,2.918588,2.697502,0.0,0.0
33618,-12.838642,-1.325358,0.0,25.701635,-3.436114,0.0,2.918588,2.697502,0.0,0.0
33640,-12.84401,-0.490873,0.0,25.667122,-3.681551,0.0,2.918588,2.697502,0.0,0.0
33642,-12.843819,-0.343611,0.0,25.630114,-4.614211,0.0,2.918588,2.697502,0.0,0.0
33643,-12.842669,0.073631,0.0,25.597517,-2.969784,0.0,2.918588,2.697502,0.0,0.0
33650,-12.842669,0.46633,0.0,25.570864,-2.478911,0.0,2.918588,2.697502,0.0,0.0
33668,-12.843244,-0.687223,0.0,25.551306,-1.423533,0.003906,2.918588,2.697502,0.0,0.0
33670,-12.843052,0.0,0.0,25.539225,-1.276271,0.0,2.918588,2.697502,0.0,0.0
33681,-12.842669,0.122718,0.0,25.524269,-1.570795,-0.003906,2.918588,2.697502,0.0,0.0
33699,-12.842669,-0.319068,0.0,25.509697,-1.718057,0.003906,2.918588,2.697502,0.0,0.0
33701,-12.842285,0.196349,0.0,25.494932,-1.030834,0.0,2.918588,2.697502,0.0,0.0
33703,-12.842477,0.024544,0.0,25.483044,-1.718057,-0.003906,2.918588,2.697502,0.0,0.0
33713,-12.842285,-0.196349,0.0,25.469238,-1.66897,0.0,2.918588,2.697502,0.0,0.0
33732,-12.84171,0.245437,0.0,25.454857,-1.718057,0.0,2.918588,2.697502,0.0,0.0
33734,-12.841135,-0.049087,0.0,25.442776,-1.227184,0.0,2.918588,2.697502,0.0,0.0
33744,-12.840751,-0.147262,0.0,25.435682,-0.441786,0.0,2.918588,2.697502,0.0,0.0
33761,-12.841135,-0.490873,0.0,25.429354,-0.441786,0.0,2.918588,2.697502,0.0,0.0
33763,-12.840942,0.073631,-0.003906,25.427628,0.196349,0.0,2.918588,2.697502,0.0,0.0
33765,-12.841135,-0.147262,0.0,25.428396,0.196349,0.0,2.918588,2.697502,0.0,0.0
33779,-12.841518,-0.245437,0.0,25.428204,0.073631,0.0,2.918588,2.697502,0.0,0.0
33795,-12.841327,0.024544,0.0,25.428204,0.147262,0.0,2.918588,2.697502,0.0,0.0
33796,-12.841327,0.0,0.0,25.428013,0.245437,0.0,2.918588,2.697502,0.0,0.0
33808,-12.841518,-0.122718,0.0,25.428013,0.392699,0.0,2.918588,2.697502,0.0,0.0
33826,-12.84286,-0.589048,0.0,25.42782,0.171806,-0.003906,2.918588,2.697502,0.0,0.0
33827,-12.843244,-0.564505,0.0,25.427628,-0.122718,0.0,2.918588,2.697502,0.0,0.0
33828,-12.843052,-0.196349,0.0,25.427628,-0.049087,0.0,2.918588,2.697502,0.0,0.0
33840,-12.843435,-0.245437,0.0,25.427437,0.073631,0.0,2.918588,2.697502,0.0,0.0
33862,-12.846312,-0.93266,0.003906,25.427437,0.024544,0.0,2.918588,2.697502,0.0,0.0
33863,-12.858775,-2.429824,0.003906,25.427244,0.26998,0.0,2.918588,2.697502,0.0,0.0
33867,-12.885237,-3.509745,0.007812,25.42667,0.073631,0.0,2.918588,2.697502,0.0,0.0
33887,-12.921476,-5.006909,0.003906,25.424753,-0.638135,0.0,2.918588,2.697502,0.0,0.0
33890,-12.962319,-4.761473,0.0,25.416891,-0.834485,0.0,2.918588,2.697502,0.0,0.0
33891,-13.005078,-5.841394,0.011719,25.399826,-2.40528,0.0,2.918588,2.697502,0.0,0.0
33900,-13.067972,-8.41848,0.019531,25.38065,-2.184387,0.0,2.918588,2.697502,0.0,0.0
33919,-13.148314,-8.933897,-0.003906,25.355915,-3.33794,0.007812,2.918588,2.697502,0.0,0.0
33920,-13.231915,-9.694751,0.0,25.327536,-2.920697,0.0,2.918588,2.697502,0.0,0.0
33933,-13.319928,-9.964731,0.007812,25.298008,-3.411571,0.003906,2.918588,2.697502,0.0,0.0
33952,-13.398736,-10.651954,0.007812,25.269245,-3.288852,-0.003906,2.918588,2.697502,0.0,0.0
33953,-13.508224,-10.651954,0.0,25.234346,-3.215221,0.003906,2.918588,2.697502,0.0,0.0
33955,-13.602372,-10.89739,0.003906,25.207502,-2.67526,-0.003906,2.918588,2.697502,0.0,0.0
33966,-13.699013,-10.381973,0.0,25.187368,-2.233474,0.0,2.918588,2.697502,0.0,0.0
33983,-13.799296,-11.633701,-0.007812,25.16551,-2.331649,0.003906,2.918588,2.697502,0.0,0.0
33984,-13.892486,-10.55378,0.0,25.14039,-2.724348,0.003906,2.918588,2.697502,0.0,0.0
33994,-13.988551,-11.118284,0.007812,25.110094,-3.264308,0.003906,2.918588,2.697502,0.0,0.0
34012,-14.08385,-10.995565,-0.007812,25.077881,-3.117046,-0.007812,2.918588,2.697502,0.0,0.0
34014,-14.180299,-10.455605,0.003906,25.048544,-2.626173,0.0,2.918588,2.697502,0.0,0.0
34015,-14.263517,-10.038363,0.007812,25.025726,-1.718057,0.0,2.918588,2.697502,0.0,0.0
34026,-14.354022,-9.989275,-0.007812,25.006359,-1.767144,0.0,2.918588,2.697502,0.0,0.0
34048,-14.435323,-9.375683,-0.007812,24.986034,-2.061668,0.003906,2.918588,2.697502,0.0,0.0
34052,-14.51739,-8.909353,0.007812,24.964558,-2.601629,0.0,2.918588,2.697502,0.0,0.0
34057,-14.594856,-9.277509,0.0,24.93829,-2.945241,0.003906,2.918588,2.697502,0.0,0.0
34087,-14.676158,-9.522945,0.0,24.907034,-3.632463,0.0,2.918588,2.697502,0.0,0.0
34090,-14.748446,-8.148499,-0.007812,24.875011,-2.773435,0.0,2.918588,2.697502,0.0,0.0
34094,-14.82131,-9.252965,0.007812,24.843758,-3.092503,0.0,2.918588,2.697502,0.0,0.0
34098,-14.89475,-7.903063,-0.003906,24.812502,-3.460658,0.0,2.918588,2.697502,0.0,0.0
34110,-14.962628,-7.878519,-0.003906,24.781822,-3.632463,0.0,2.918588,2.697502,0.0,0.0
34114,-15.030699,-7.436733,0.0,24.749802,-3.264308,0.0,2.918588,2.697502,0.0,0.0
34119,-15.087839,-6.0132,-0.003906,24.721039,-2.994328,0.0,2.918588,2.697502,0.0,0.0
34138,-15.142296,-6.528617,0.003906,24.695538,-2.110756,0.003906,2.918588,2.697502,0.0,0.0
34140,-15.202888,-7.314014,0.0,24.672144,-2.331649,-0.003906,2.918588,2.697502,0.0,0.0
34147,-15.253701,-5.178715,-0.011719,24.643764,-3.387027,0.0,2.918588,2.697502,0.0,0.0
34149,-15.29646,-5.178715,-0.003906,24.608675,-4.34423,0.003906,2.918588,2.697502,0.0,0.0
34172,-15.339412,-5.350521,0.0,24.565723,-4.736929,0.0,2.918588,2.697502,0.0,0.0
34174,-15.380638,-4.859647,-0.003906,24.521238,-4.442405,0.0,2.918588,2.697502,0.0,0.0
34182,-15.409975,-2.527998,-0.011719,24.480204,-4.270599,0.0,2.918588,2.697502,0.0,0.0
34201,-15.432984,-2.920697,0.0,24.443388,-3.411571,0.0,2.918588,2.697502,0.0,0.0
34202,-15.458871,-3.043416,0.003906,24.404465,-4.491492,-0.003906,2.918588,2.697502,0.0,0.0
34212,-15.488016,-3.190677,0.0,24.36573,-4.000618,0.003906,2.918588,2.697502,0.0,0.0
34213,-15.519271,-4.025162,0.0,24.326424,-4.246056,0.003906,2.918588,2.697502,0.0,0.0
34234,-15.546883,-3.043416,-0.007812,24.282513,-5.301434,0.003906,2.918588,2.697502,0.0,0.0
34235,-15.562414,-0.957203,-0.007812,24.230549,-5.988656,0.0,2.918588,2.697502,0.0,0.0
34245,-15.566057,-0.245437,0.0,24.174751,-6.381355,0.0,2.918588,2.697502,0.0,0.0
34262,-15.56855,-0.589048,0.003906,24.125664,-5.27689,-0.007812,2.918588,2.697502,0.0,0.0
34265,-15.576221,-0.785398,0.0,24.080986,-5.129628,0.0,2.918588,2.697502,0.0,0.0
34278,-15.584082,-0.711766,-0.003906,24.030941,-5.669589,0.007812,2.918588,2.697502,0.0,0.0
34293,-15.586575,-0.245437,0.0,23.974182,-6.185006,0.007812,2.918588,2.697502,0.0,0.0
34296,-15.586575,-0.171806,0.0,23.911098,-7.559451,0.0,2.918588,2.697502,0.0,0.0
34298,-15.587725,-0.417242,0.003906,23.842453,-7.657626,-0.003906,2.918588,2.697502,0.0,0.0
34308,-15.59482,-1.767144,0.007812,23.779751,-6.675879,0.0,2.918588,2.697502,0.0,0.0
34324,-15.615336,-3.190677,0.007812,23.718584,-7.093122,0.003906,2.918588,2.697502,0.0,0.0
34327,-15.648126,-4.172424,0.007812,23.650896,-7.534907,0.0,2.918588,2.697502,0.0,0.0
34338,-15.687818,-4.712385,0.0,23.583977,-7.289471,-0.003906,2.918588,2.697502,0.0,0.0
34356,-15.730001,-4.736929,0.0,23.523001,-5.816851,-0.003906,2.918588,2.697502,0.0,0.0
34358,-15.76605,-3.387027,-0.003906,23.474297,-4.786016,-0.003906,2.918588,2.697502,0.0,0.0
34360,-15.794237,-2.748891,0.003906,23.44055,-3.190677,0.003906,2.918588,2.697502,0.0,0.0
34369,-15.820506,-2.822522,0.003906,23.413513,-2.822522,0.0,2.918588,2.697502,0.0,0.0
34388,-15.8439,-2.650717,-0.007812,23.392422,-1.718057,0.003906,2.918588,2.697502,0.0,0.0
34391,-15.863458,-1.865319,-0.007812,23.374205,-1.619882,-0.003906,2.918588,2.697502,0.0,0.0
34400,-15.87362,-1.300815,-0.003906,23.358673,-1.374446,0.0,2.918588,2.697502,0.0,0.0
34420,-15.87688,-0.098175,-0.003906,23.350044,-0.171806,0.0,2.918588,2.697502,0.0,0.0
34422,-15.87573,0.147262,0.0,23.351963,0.490873,0.0,3.033828,2.697502,0.0,0.0
34424,-15.87573,-0.171806,0.0,23.354073,0.220893,0.0,3.033828,2.697502,0.0,0.0
34432,-15.87573,-0.122718,0.0,23.354073,0.0,0.0,3.033828,2.697502,0.0,0.0
34455,-15.87573,-0.26998,0.0,23.35388,-0.392699,0.0,3.033828,2.697502,0.0,0.0
34457,-15.87573,-0.245437,0.0,23.354073,-0.122718,0.0,3.033828,2.697502,0.0,0.0
34462,-15.875538,-0.049087,0.0,23.354263,0.245437,0.0,3.033828,2.697502,0.0,0.0
34479,-15.875538,-0.245437,-0.003906,23.35388,-0.294524,0.0,3.033828,2.697502,0.0,0.0
34482,-15.875154,0.0,0.0,23.354073,0.0,0.0,3.033828,2.697502,0.0,0.0
34484,-15.874579,0.0,0.0,23.354073,0.0,0.0,3.033828,2.697502,0.0,0.0
34493,-15.874196,-0.024544,0.0,23.354263,0.122718,0.0,3.033828,2.697502,0.0,0.0
34512,-15.874196,0.098175,0.0,23.354647,0.441786,0.0,3.033828,2.697502,0.0,0.0
34514,-15.874196,-0.26998,0.003906,23.354839,0.196349,0.0,3.033828,2.697502,0.0,0.0
34523,-15.87362,-0.147262,0.0,23.354839,-0.122718,0.0,3.033828,2.697502,0.0,0.0
34543,-15.869019,1.129009,0.0,23.35503,0.368155,0.0,3.033828,2.697502,0.0,0.0
34545,-15.859048,1.570795,0.0,23.354839,0.122718,0.0,3.033828,2.697502,0.0,0.0
34547,-15.849461,0.73631,0.003906,23.354839,0.122718,0.0,3.033828,2.697502,0.0,0.0
34557,-15.845433,0.26998,0.0,23.354647,-0.073631,0.0,3.033828,2.697502,0.0,0.0
34576,-15.842174,0.049087,0.0,23.354647,-0.147262,0.0,3.033828,2.697502,0.0,0.0
34578,-15.836805,0.441786,0.0,23.354839,0.196349,0.0,3.033828,2.697502,0.0,0.0
34588,-15.829135,0.539961,0.0,23.354839,0.245437,0.003906,3.033828,2.697502,0.0,0.0
34589,-15.822616,0.26998,0.0,23.35503,0.26998,0.0,3.033828,2.697502,0.0,0.0
34607,-15.81763,0.441786,0.0,23.354839,0.245437,0.0,3.033828,2.697502,0.0,0.0
34609,-15.807659,1.595339,0.003906,23.354839,0.368155,0.0,3.033828,2.697502,0.0,0.0
34618,-15.794621,1.104465,0.003906,23.355413,0.490873,0.0,3.033828,2.697502,0.0,0.0
34638,-15.778514,2.110756,0.0,23.355413,0.26998,0.0,3.033828,2.697502,0.0,0.0
34640,-15.759147,2.822522,-0.007812,23.355413,-0.049087,0.0,3.033828,2.697502,0.0,0.0
34642,-15.730385,3.166134,0.0,23.355606,0.171806,0.0,3.033828,2.697502,0.0,0.0
34650,-15.704499,2.258018,0.003906,23.355797,0.245437,0.0,3.033828,2.697502,0.0,0.0
34671,-15.684365,2.20893,0.0,23.356756,0.245437,0.0,3.033828,2.697502,0.0,0.0
34673,-15.667492,1.693513,0.0,23.357332,0.26998,0.0,3.033828,2.697502,0.0,0.0
34702,-15.65081,2.20893,0.0,23.358866,0.417242,0.0,3.033828,2.697502,0.0,0.0
34704,-15.628567,2.40528,0.0,23.363083,0.834485,0.0,3.033828,2.697502,0.0,0.0
34707,-15.603256,3.117046,0.0,23.372864,1.93895,-0.003906,3.033828,2.697502,0.0,0.0
34709,-15.570276,4.295143,-0.007812,23.395298,3.117046,-0.003906,3.033828,2.697502,0.0,0.0
34722,-15.531543,4.025162,0.0,23.433647,5.178715,-0.003906,3.033828,2.697502,0.0,0.0
34725,-15.499905,3.14159,0.003906,23.485994,6.970403,-0.003906,3.033828,2.697502,0.0,0.0
34745,-15.477279,2.650717,0.0,23.541025,7.559451,0.0,3.033828,2.697502,0.0,0.0
34747,-15.452927,2.67526,-0.003906,23.608328,8.173043,0.0,3.033828,2.697502,0.0,0.0
34762,-15.430108,2.527998,0.003906,23.681959,8.074868,0.0,3.033828,2.697502,0.0,0.0
34764,-15.403839,3.313396,-0.003906,23.753481,7.731257,-0.003906,3.033828,2.697502,0.0,0.0
34766,-15.372009,3.730638,0.0,23.828072,8.982985,-0.007812,3.033828,2.697502,0.0,0.0
34775,-15.346507,2.454367,0.007812,23.911673,9.522945,0.003906,3.033828,2.697502,0.0,0.0
34794,-15.329441,2.110756,0.0,23.98588,9.277509,0.003906,3.033828,2.697502,0.0,0.0
34796,-15.312759,1.840775,0.0,24.068331,9.302052,0.0,3.033828,2.697502,0.0,0.0
34815,-15.29531,1.595339,0.0,24.148865,9.375683,0.0,3.033828,2.697502,0.0,0.0
34825,-15.277286,1.93895,0.0,24.239178,10.676497,0.003906,3.033828,2.697502,0.0,0.0
34828,-15.260412,2.184387,0.0,24.327574,10.087449,0.0,3.033828,2.697502,0.0,0.0
34829,-15.242579,2.159843,0.0,24.405615,10.799216,-0.003906,3.033828,2.697502,0.0,0.0
34837,-15.214968,3.117046,0.0,24.495352,10.210168,0.0,3.033828,2.697502,0.0,0.0
34856,-15.187356,2.184387,0.007812,24.586624,9.989275,0.003906,3.033828,2.697502,0.0,0.0
34859,-15.168948,1.718057,0.003906,24.669268,9.056615,0.0,3.033828,2.697502,0.0,0.0
34865,-15.157252,1.104465,0.0,24.749802,9.130246,0.0,3.033828,2.697502,0.0,0.0
34868,-15.148623,0.539961,0.007812,24.820173,8.737548,0.003906,3.033828,2.697502,0.0,0.0
34893,-15.142296,0.638135,-0.003906,24.894955,8.148499,0.003906,3.033828,2.697502,0.0,0.0
34895,-15.131941,1.47262,-0.003906,24.960915,6.994947,0.0,3.033828,2.697502,0.0,0.0
34898,-15.117752,1.546251,0.0,25.027452,7.853975,-0.003906,3.033828,2.697502,0.0,0.0
34918,-15.09781,2.429824,-0.003906,25.101658,8.393936,0.0,3.033828,2.697502,0.0,0.0
34920,-15.071733,2.969784,-0.007812,25.173372,7.682169,0.0,3.033828,2.697502,0.0,0.0
34929,-15.035109,5.178715,-0.003906,25.233006,8.025781,0.003906,3.033828,2.697502,0.0,0.0
34931,-14.987939,5.27689,0.007812,25.294365,6.626791,0.0,3.033828,2.697502,0.0,0.0
34953,-14.947672,4.049706,0.003906,25.347095,5.816851,-0.007812,3.033828,2.697502,0.0,0.0
34955,-14.91124,4.221512,0.003906,25.39484,4.957822,0.007812,3.033828,2.697502,0.0,0.0
34960,-14.875383,4.270599,0.0,25.434916,4.319686,0.003906,3.033828,2.697502,0.0,0.0
34982,-14.840486,4.172424,0.003906,25.459459,2.748891,0.007812,3.033828,2.697502,0.0,0.0
34986,-14.811148,2.773435,0.003906,25.471731,0.785398,0.0,3.033828,2.697502,0.0,0.0
34990,-14.790055,1.816232,-0.003906,25.478058,0.834485,0.0,3.033828,2.697502,0.0,0.0
34993,-14.768771,2.577086,0.0,25.481701,0.46633,0.0,3.033828,2.697502,0.0,0.0
35015,-14.744036,2.527998,0.0,25.481894,-0.049087,0.0,3.033828,2.697502,0.0,0.0
35016,-14.713165,3.779726,-0.007812,25.48151,0.0,0.003906,3.033828,2.697502,0.0,0.0
35034,-14.675007,4.835104,0.0,25.48151,-0.073631,0.0,3.033828,2.697502,0.0,0.0
35044,-14.633015,4.000618,0.007812,25.482084,0.294524,0.003906,3.033828,2.697502,0.0,0.0
35046,-14.602335,2.577086,0.003906,25.481701,-0.073631,0.003906,3.033828,2.697502,0.0,0.0
35048,-14.580284,1.644426,0.003906,25.481318,0.0,0.0,3.033828,2.697502,0.0,0.0
35055,-14.56341,2.037125,-0.003906,25.481318,0.319068,0.0,3.033828,2.697502,0.0,0.0
35076,-14.547112,2.037125,0.0,25.481127,0.098175,0.003906,3.033828,2.697502,0.0,0.0
35079,-14.521034,2.945241,-0.003906,25.481127,0.024544,0.0,3.033828,2.697502,0.0,0.0
35085,-14.490546,3.018872,0.0,25.480934,-0.343611,-0.003906,3.033828,2.697502,0.0,0.0
35106,-14.466194,2.184387,0.0,25.481318,0.343611,0.0,3.033828,2.697502,0.0,0.0
35108,-14.446253,1.595339,0.007812,25.481127,-0.073631,0.003906,3.033828,2.697502,0.0,0.0
35110,-14.425544,2.307105,0.0,25.481318,0.319068,0.0,3.033828,2.697502,0.0,0.0
35117,-14.40426,2.429824,-0.003906,25.481318,0.0,0.0,3.033828,2.697502,0.0,0.0
35139,-14.374538,3.485202,-0.007812,25.48151,-0.122718,0.0,3.033828,2.697502,0.0,0.0
35140,-14.331779,5.301434,0.0,25.48266,0.564505,0.003906,3.033828,2.697502,0.0,0.0
35148,-14.288253,4.196968,0.0,25.484194,0.515417,-0.003906,3.033828,2.697502,0.0,0.0
35170,-14.256039,3.215221,0.003906,25.488029,0.834485,-0.003906,3.033828,2.697502,0.0,0.0
35171,-14.231879,2.724348,0.0,25.499342,2.159843,0.0,3.033828,2.697502,0.0,0.0
35174,-14.209636,3.362483,-0.003906,25.518133,2.356193,0.0,3.033828,2.697502,0.0,0.0
35180,-14.171287,5.129628,-0.019531,25.543827,3.33794,0.003906,3.033828,2.697502,0.0,0.0
35200,-14.122391,5.055996,0.0,25.572397,3.534289,0.0,3.033828,2.697502,0.0,0.0
35202,-14.078864,4.491492,0.003906,25.600777,3.190677,0.0,3.033828,2.697502,0.0,0.0
35209,-14.040132,4.246056,0.0,25.626278,2.601629,0.0,3.033828,2.697502,0.0,0.0
35231,-14.004083,4.712385,0.0,25.645838,2.307105,0.0,3.033828,2.697502,0.0,0.0
35233,-13.961706,4.049706,0.007812,25.660986,1.718057,0.007812,3.033828,2.697502,0.0,0.0
35236,-13.933328,2.282562,0.0,25.671148,1.767144,0.0,3.033828,2.697502,0.0,0.0
35242,-13.917221,1.546251,0.0,25.683228,1.497164,0.003906,3.033828,2.697502,0.0,0.0
35262,-13.904757,1.448077,0.0,25.687254,0.343611,0.003906,3.033828,2.697502,0.0,0.0
35264,-13.886925,2.67526,-0.007812,25.686487,-0.024544,0.0,3.033828,2.697502,0.0,0.0
35273,-13.860656,3.632463,-0.007812,25.686296,0.220893,0.0,3.033828,2.697502,0.0,0.0
35275,-13.82058,5.08054,-0.007812,25.686104,0.26998,0.0,3.033828,2.697502,0.0,0.0
35297,-13.769384,5.743219,0.003906,25.68553,0.049087,0.0,3.033828,2.697502,0.0,0.0
35299,-13.72279,4.81056,0.0,25.684378,0.049087,0.0,3.033828,2.697502,0.0,0.0
35314,-13.68444,4.565123,0.0,25.683037,0.049087,0.0,3.033828,2.697502,0.0,0.0
35316,-13.636887,5.375064,0.0,25.681885,0.073631,0.0,3.033828,2.697502,0.0,0.0
35337,-13.588566,4.81056,0.003906,25.680927,-0.073631,-0.003906,3.033828,2.697502,0.0,0.0
35340,-13.543697,4.835104,0.0,25.680735,0.0,0.0,3.033828,2.697502,0.0,0.0
35342,-13.494418,6.430442,-0.007812,25.677668,-0.245437,0.0,3.033828,2.697502,0.0,0.0
35357,-13.432484,7.240384,0.003906,25.675175,-0.147262,0.0,3.033828,2.697502,0.0,0.0
35360,-13.381095,6.111374,0.007812,25.674215,0.049087,-0.003906,3.033828,2.697502,0.0,0.0
35369,-13.335651,4.295143,0.0,25.674215,0.760854,0.0,3.033828,2.697502,0.0,0.0
35386,-13.291933,5.203259,-0.003906,25.673641,0.049087,0.0,3.033828,2.697502,0.0,0.0
35388,-13.247639,4.319686,0.0,25.673449,0.245437,0.003906,3.033828,2.697502,0.0,0.0
35390,-13.211207,3.436114,0.003906,25.672682,-0.147262,0.003906,3.033828,2.697502,0.0,0.0
35401,-13.179185,3.092503,0.0,25.669806,-0.245437,0.003906,3.033828,2.697502,0.0,0.0
35419,-13.152149,3.436114,0.003906,25.663094,-0.93266,0.0,3.033828,2.697502,0.0,0.0
35421,-13.116292,4.098794,0.0,25.644686,-2.454367,0.0,3.033828,2.697502,0.0,0.0
35430,-13.085612,2.258018,0.007812,25.619375,-2.994328,0.003906,3.033828,2.697502,0.0,0.0
35450,-13.07219,0.589048,0.011719,25.5956,-2.527998,0.0,3.033828,2.697502,0.0,0.0
35451,-13.070081,-0.171806,0.003906,25.573164,-2.307105,-0.003906,3.033828,2.697502,0.0,0.0
35454,-13.070464,0.024544,0.0,25.554756,-1.742601,-0.003906,3.033828,2.697502,0.0,0.0
35463,-13.068739,0.392699,0.0,25.543444,-0.613592,-0.003906,3.033828,2.697502,0.0,0.0
35483,-13.065479,0.490873,-0.003906,25.535965,-0.785398,0.003906,3.033828,2.697502,0.0,0.0
35485,-13.063178,0.294524,0.0,25.525995,-1.227184,-0.003906,3.033828,2.697502,0.0,0.0
35505,-13.062986,0.319068,-0.003906,25.521009,-0.245437,0.0,3.033828,2.697502,0.0,0.0
35506,-13.063178,-0.245437,0.0,25.521009,0.171806,-0.003906,3.033828,2.697502,0.0,0.0
35526,-13.063178,-0.122718,-0.003906,25.521393,-0.122718,0.0,3.033828,2.697502,0.0,0.0
35527,-13.063178,-0.098175,0.0,25.521585,0.319068,0.0,3.033828,2.697502,0.0,0.0
35530,-13.063178,-0.245437,0.0,25.521393,-0.024544,0.0,3.033828,2.697502,0.0,0.0
35545,-13.062986,-0.245437,0.003906,25.521393,0.196349,0.003906,3.033828,2.697502,0.0,0.0
35547,-13.062986,-0.46633,0.003906,25.521202,0.024544,0.0,3.033828,2.697502,0.0,0.0
35556,-13.062795,-0.196349,-0.003906,25.521009,0.098175,0.003906,3.033828,2.697502,0.0,0.0
35575,-13.062795,-0.122718,0.003906,25.519476,-0.441786,0.0,3.033828,2.697502,0.0,0.0
35577,-13.062795,-0.024544,0.0,25.514874,-0.441786,0.003906,3.033828,2.697502,0.0,0.0
35580,-13.063178,-0.26998,0.003906,25.501642,-1.619882,0.0,3.033828,2.697502,0.0,0.0
35586,-13.063178,0.122718,0.003906,25.482084,-2.429824,0.003906,3.033828,2.697502,0.0,0.0
35607,-13.063945,0.073631,-0.003906,25.452171,-3.657007,0.0,3.033828,2.697502,0.0,0.0
35608,-13.064713,-0.441786,0.0,25.418041,-3.902444,0.0,3.033828,2.697502,0.0,0.0
35618,-13.067972,-0.589048,-0.003906,25.385061,-3.657007,-0.003906,3.033828,2.697502,0.0,0.0
35635,-13.069122,0.024544,-0.003906,25.355915,-3.313396,0.0,3.033828,2.697502,0.0,0.0
35637,-13.069122,0.0,0.0,25.327345,-3.387027,-0.003906,3.033828,2.697502,0.0,0.0
35639,-13.069697,-0.343611,-0.003906,25.297239,-3.976075,0.003906,3.033828,2.697502,0.0,0.0
35651,-13.070081,-0.220893,0.003906,25.261,-4.565123,0.0,3.033828,2.697502,0.0,0.0
35668,-13.072765,-0.760854,0.0,25.227636,-4.319686,0.0,3.033828,2.697502,0.0,0.0
35670,-13.079285,-0.834485,0.003906,25.19293,-3.657007,0.0,3.033828,2.697502,0.0,0.0
35684,-13.093666,-2.012581,0.007812,25.159565,-3.853357,0.0,3.033828,2.697502,0.0,0.0
35700,-13.112649,-2.748891,0.0,25.126585,-3.288852,0.0,3.033828,2.697502,0.0,0.0
35701,-13.132975,-2.40528,0.0,25.093029,-3.534289,-0.003906,3.033828,2.697502,0.0,0.0
35702,-13.152916,-2.478911,0.0,25.067142,-2.429824,0.0,3.033828,2.697502,0.0,0.0
35714,-13.181294,-4.295143,0.003906,25.047777,-1.349902,0.0,3.033828,2.697502,0.0,0.0
35731,-13.226931,-5.964112,0.011719,25.036848,-0.564505,0.0,3.033828,2.697502,0.0,0.0
35732,-13.287906,-7.240384,0.007812,25.02956,-0.26998,-0.007812,3.033828,2.697502,0.0,0.0
35744,-13.356168,-8.713004,0.011719,25.030519,0.490873,0.0,3.033828,2.697502,0.0,0.0
35762,-13.443221,-10.82376,0.003906,25.031096,-0.122718,0.0,3.033828,2.697502,0.0,0.0
35764,-13.534877,-10.283799,0.0,25.030136,0.098175,-0.003906,3.033828,2.697502,0.0,0.0
35765,-13.631134,-11.314633,0.003906,25.030329,0.098175,0.0,3.033828,2.697502,0.0,0.0
35775,-13.730076,-12.075487,0.0,25.030329,0.245437,0.0,3.033828,2.697502,0.0,0.0
35794,-13.836304,-11.29009,-0.003906,25.030329,0.0,0.0,3.033828,2.697502,0.0,0.0
35796,-13.93793,-11.756419,0.011719,25.030712,0.613592,0.0,3.033828,2.697502,0.0,0.0
35814,-14.044733,-12.124575,0.0,25.030519,0.220893,0.007812,3.033828,2.697502,0.0,0.0
35824,-14.149427,-11.780963,-0.007812,25.030136,0.049087,0.0,3.033828,2.697502,0.0,0.0
35826,-14.24511,-10.234712,0.0,25.029943,0.196349,0.0,3.033828,2.697502,0.0,0.0
35837,-14.341942,-11.56007,0.0,25.028986,0.122718,0.0,3.033828,2.697502,0.0,0.0
35839,-14.429379,-9.449314,0.0,25.02841,-0.220893,0.0,3.033828,2.697502,0.0,0.0
35857,-14.516623,-9.792926,0.007812,25.026876,0.196349,0.0,3.033828,2.697502,0.0,0.0
35858,-14.600801,-9.866556,0.0,25.021317,-0.73631,0.003906,3.033828,2.697502,0.0,0.0
35868,-14.678842,-9.842012,-0.007812,25.006935,-2.331649,0.007812,3.033828,2.697502,0.0,0.0
35888,-14.755733,-8.148499,0.0,24.979898,-3.117046,0.0,3.033828,2.697502,0.0,0.0
35890,-14.832623,-8.909353,0.003906,24.94174,-4.589667,0.003906,3.033828,2.697502,0.0,0.0
35899,-14.908939,-8.958441,-0.003906,24.891502,-5.915025,-0.003906,3.033828,2.697502,0.0,0.0
35900,-14.985638,-9.15479,-0.007812,24.835129,-5.841394,0.0,3.033828,2.697502,0.0,0.0
35931,-15.070199,-7.976694,-0.007812,24.769936,-6.479529,0.0,3.033828,2.697502,0.0,0.0
35932,-15.135585,-7.559451,0.003906,24.712793,-5.865938,0.0,3.033828,2.697502,0.0,0.0
35934,-15.197135,-8.369392,-0.003906,24.668308,-5.08054,0.0,3.033828,2.697502,0.0,0.0
35952,-15.257728,-6.504073,-0.007812,24.62018,-5.645045,0.0,3.033828,2.697502,0.0,0.0
35954,-15.316402,-6.037744,0.0,24.560163,-6.602248,0.003906,3.033828,2.697502,0.0,0.0
35961,-15.364147,-6.209549,0.0,24.508966,-6.381355,0.0,3.033828,2.697502,0.0,0.0
35963,-15.413043,-5.178715,0.0,24.453552,-5.890481,0.0,3.033828,2.697502,0.0,0.0
35993,-15.461747,-6.675879,0.003906,24.400629,-5.767763,0.0,3.033828,2.697502,0.0,0.0
35995,-15.519463,-6.994947,0.003906,24.350775,-5.424152,-0.003906,3.033828,2.697502,0.0,0.0
35997,-15.578329,-5.890481,-0.007812,24.30418,-4.859647,0.0,3.033828,2.697502,0.0,0.0
36022,-15.619171,-3.902444,0.0,24.25375,-6.062287,0.0,3.033828,2.697502,0.0,0.0
36024,-15.662506,-4.638754,0.0,24.197186,-5.988656,0.0,3.033828,2.697502,0.0,0.0
36035,-15.710252,-5.767763,0.003906,24.141003,-5.988656,-0.003906,3.033828,2.697502,0.0,0.0
36037,-15.749751,-3.804269,-0.007812,24.090382,-5.350521,-0.003906,3.033828,2.697502,0.0,0.0
36039,-15.772761,-2.110756,-0.003906,24.037077,-5.988656,0.011719,3.033828,2.697502,0.0,0.0
36057,-15.786375,-1.349902,-0.003906,23.979361,-6.405899,-0.003906,3.033828,2.697502,0.0,0.0
36058,-15.792703,-0.196349,0.0,23.918575,-6.381355,0.0,3.033828,2.697502,0.0,0.0
36074,-15.798264,-0.73631,-0.003906,23.854342,-6.872229,-0.007812,3.033828,2.697502,0.0,0.0
36076,-15.803824,-0.515417,-0.003906,23.789722,-6.062287,0.0,3.033828,2.697502,0.0,0.0
36088,-15.804783,0.049087,0.0,23.735842,-5.743219,0.003906,3.033828,2.697502,0.0,0.0
36119,-15.804591,-0.245437,0.0,23.683111,-6.626791,0.003906,3.033828,2.697502,0.0,0.0
36122,-15.804208,0.122718,0.0,23.624819,-5.890481,-0.007812,3.033828,2.697502,0.0,0.0
36123,-15.804208,-0.049087,-0.003906,23.574965,-5.055996,-0.007812,3.033828,2.697502,0.0,0.0
36126,-15.804016,0.098175,0.0,23.534506,-3.755182,-0.003906,3.033828,2.697502,0.0,0.0
36139,-15.804208,-0.368155,0.0,23.504593,-3.043416,-0.003906,3.033828,2.697502,0.0,0.0
36140,-15.804016,0.073631,0.0,23.487144,-1.644426,0.0,3.033828,2.697502,0.0,0.0
36149,-15.804208,-0.26998,0.0,23.477749,-0.368155,-0.003906,3.033828,2.697502,0.0,0.0
36167,-15.804016,-0.049087,0.0,23.478899,0.343611,-0.003906,3.033828,2.697502,0.0,0.0
36169,-15.804016,-0.024544,0.0,23.481009,0.049087,0.0,3.033828,2.697502,0.0,0.0
36171,-15.804208,-0.392699,-0.003906,23.481199,0.589048,0.003906,3.033828,2.697502,0.0,0.0
36181,-15.804016,0.0,0.0,23.481585,-0.098175,0.0,3.033828,2.697502,0.0,0.0
36201,-15.804208,-0.441786,0.0,23.481775,-0.098175,0.0,3.033828,2.697502,0.0,0.0
36202,-15.804016,-0.073631,-0.003906,23.481775,-0.220893,0.0,3.033828,2.697502,0.0,0.0
36211,-15.804016,0.0,0.003906,23.481968,0.098175,0.0,3.033828,2.697502,0.0,0.0
36231,-15.804208,-0.343611,0.0,23.481775,-0.220893,-0.003906,3.033828,2.697502,0.0,0.0
36233,-15.804208,-0.392699,0.003906,23.481775,0.147262,-0.003906,3.033828,2.697502,0.0,0.0
36234,-15.804208,-0.319068,0.0,23.481775,0.049087,0.0,3.033828,2.697502,0.0,0.0
36242,-15.804016,-0.024544,0.003906,23.481585,-0.245437,0.0,3.033828,2.697502,0.0,0.0
36262,-15.804016,-0.024544,0.0,23.481775,0.171806,0.0,3.033828,2.697502,0.0,0.0
36263,-15.804208,-0.319068,0.0,23.481775,0.319068,0.0,3.033828,2.697502,0.0,0.0
36273,-15.804208,-0.392699,0.003906,23.481775,0.245437,0.003906,3.033828,2.697502,0.0,0.0
36294,-15.804016,-0.024544,0.0,23.481585,0.122718,0.0,3.033828,2.697502,0.0,0.0
36295,-15.804208,0.343611,-0.003906,23.481585,0.073631,0.0,3.033828,2.697502,0.0,0.0
36297,-15.804016,-0.073631,0.0,23.481585,0.26998,0.0,3.033828,2.697502,0.0,0.0
36307,-15.804016,0.0,0.0,23.481392,0.147262,0.0,3.033828,2.697502,0.0,0.0
36327,-15.804016,-0.049087,0.003906,23.481199,0.343611,0.0,3.033828,2.697502,0.0,0.0
36330,-15.804016,-0.073631,0.0,23.480625,-0.171806,0.0,3.033828,2.697502,0.0,0.0
36338,-15.804016,-0.049087,0.003906,23.480242,-0.049087,0.0,3.033828,2.697502,0.0,0.0
36340,-15.803824,0.171806,0.0,23.480242,0.073631,-0.003906,3.033828,2.697502,0.0,0.0
36358,-15.804016,-0.098175,-0.003906,23.480049,0.024544,-0.003906,3.033828,2.697502,0.0,0.0
36361,-15.804208,-0.196349,0.0,23.480049,0.0,0.0,3.033828,2.697502,0.0,0.0
36369,-15.804016,-0.220893,0.0,23.480242,0.392699,0.0,3.033828,2.697502,0.0,0.0
36386,-15.804016,-0.220893,0.0,23.480242,0.392699,0.0,3.033828,2.697502,0.0,0.0
36390,-15.804016,-0.26998,0.0,23.480049,0.0,0.0,3.033828,2.697502,0.0,0.0
36401,-15.803633,0.049087,0.0,23.480242,0.0,-0.003906,3.033828,2.697502,0.0,0.0
36404,-15.803633,-0.245437,0.0,23.480242,-0.073631,0.0,3.033828,2.697502,0.0,0.0
36422,-15.803441,0.122718,0.0,23.480433,0.490873,0.0,3.033828,2.697502,0.0,0.0
36426,-15.803441,-0.26998,0.0,23.480433,0.147262,0.0,3.033828,2.697502,0.0,0.0
36433,-15.803249,0.0,0.003906,23.480433,-0.171806,0.0,3.033828,2.697502,0.0,0.0
36450,-15.803249,-0.26998,0.0,23.480816,0.122718,0.0,3.033828,2.697502,0.0,0.0
36452,-15.802674,-0.417242,0.003906,23.481009,0.589048,0.0,3.033828,2.697502,0.0,0.0
36463,-15.802674,-0.245437,-0.003906,23.480816,0.147262,0.0,3.033828,2.697502,0.0,0.0
36465,-15.80229,-0.098175,0.0,23.481199,0.490873,0.0,3.033828,2.697502,0.0,0.0
36481,-15.802098,0.122718,0.0,23.481392,0.0,0.0,3.033828,2.697502,0.0,0.0
36483,-15.801907,0.024544,0.0,23.481392,0.0,0.0,3.033828,2.697502,0.0,0.0
36492,-15.801332,0.368155,0.0,23.481585,0.26998,0.0,3.033828,2.697502,0.0,0.0
36512,-15.801332,-0.098175,0.0,23.482925,0.417242,0.0,3.033828,2.697502,0.0,0.0
36514,-15.801332,-0.245437,0.0,23.484268,0.122718,0.0,3.033828,2.697502,0.0,0.0
36516,-15.800756,-0.049087,0.0,23.484268,-0.098175,0.0,3.033828,2.697502,0.0,0.0
36527,-15.799798,-0.26998,0.0,23.484652,0.147262,0.0,3.033828,2.697502,0.0,0.0
36544,-15.797497,-0.049087,0.003906,23.486185,0.564505,0.0,3.033828,2.697502,0.0,0.0
36547,-15.793854,0.368155,0.003906,23.489061,0.883572,0.0,3.033828,2.697502,0.0,0.0
36556,-15.788676,0.392699,-0.007812,23.497499,1.718057,-0.003906,3.033828,2.697502,0.0,0.0
36574,-15.777363,1.521708,0.0,23.521467,3.485202,0.0,3.033828,2.697502,0.0,0.0
36576,-15.762599,1.963494,-0.007812,23.560776,4.908734,0.0,3.033828,2.697502,0.0,0.0
36578,-15.738055,2.577086,-0.003906,23.60948,5.718676,-0.007812,3.033828,2.697502,0.0,0.0
36589,-15.710827,2.650717,0.0,23.665661,6.921316,0.0,3.033828,2.697502,0.0,0.0
36607,-15.688009,2.061668,0.0,23.721077,5.54687,-0.003906,3.033828,2.697502,0.0,0.0
36609,-15.668067,1.693513,0.0,23.771505,5.743219,-0.003906,3.033828,2.697502,0.0,0.0
36618,-15.651002,1.865319,-0.007812,23.820593,6.528617,-0.003906,3.033828,2.697502,0.0,0.0
36638,-15.631635,2.037125,0.0,23.884636,7.804888,-0.003906,3.033828,2.697502,0.0,0.0
36640,-15.612077,1.988037,0.0,23.948872,7.903063,0.0,3.033828,2.697502,0.0,0.0
36642,-15.590793,2.356193,0.0,24.014067,7.633082,-0.003906,3.033828,2.697502,0.0,0.0
36649,-15.563757,3.166134,0.0,24.079643,7.903063,0.0,3.033828,2.697502,0.0,0.0
36668,-15.537295,2.429824,0.003906,24.148098,8.786634,0.0,3.033828,2.697502,0.0,0.0
36671,-15.523298,0.859029,0.011719,24.220387,9.719295,0.0,3.033828,2.697502,0.0,0.0
36680,-15.52464,-0.687223,0.003906,24.304947,10.087449,0.0,3.033828,2.697502,0.0,0.0
36699,-15.529433,-0.26998,-0.003906,24.390083,10.259255,-0.003906,3.033828,2.697502,0.0,0.0
36701,-15.529433,0.26998,0.0,24.480396,10.725585,0.0,3.033828,2.697502,0.0,0.0
36704,-15.529242,-0.049087,0.0,24.576269,10.971022,0.003906,3.033828,2.697502,0.0,0.0
36713,-15.52905,0.245437,0.0,24.667158,9.42477,-0.003906,3.033828,2.697502,0.0,0.0
36734,-15.529433,-0.319068,0.0,24.758814,9.842012,0.0,3.033828,2.697502,0.0,0.0
36736,-15.529433,-0.245437,0.0,24.842224,8.565742,0.003906,3.033828,2.697502,0.0,0.0
36742,-15.529242,0.220893,0.0,24.91221,6.651335,0.007812,3.033828,2.697502,0.0,0.0
36761,-15.529242,0.073631,0.0,24.957272,5.055996,0.003906,3.033828,2.697502,0.0,0.0
36764,-15.529433,-0.220893,0.0,24.991978,3.411571,0.0,3.033828,2.697502,0.0,0.0
36766,-15.529433,-0.220893,0.0,25.016905,2.601629,0.003906,3.033828,2.697502,0.0,0.0
36775,-15.529242,0.073631,0.0,25.034929,2.037125,0.0,3.033828,2.697502,0.0,0.0
36794,-15.529433,-0.245437,0.0,25.049311,1.644426,0.0,3.033828,2.697502,0.0,0.0
36797,-15.529242,-0.294524,-0.003906,25.060432,1.251727,0.007812,3.033828,2.697502,0.0,0.0
36806,-15.529433,-0.392699,0.0,25.064266,-0.049087,0.003906,3.033828,2.697502,0.0,0.0
36825,-15.527325,0.098175,0.0,25.061966,0.049087,0.0,3.033828,2.697502,0.0,0.0
36828,-15.524448,-0.098175,0.0,25.062159,0.490873,0.0,3.033828,2.697502,0.0,0.0
36830,-15.520997,0.589048,0.0,25.062159,0.024544,0.0,3.033828,2.697502,0.0,0.0
36839,-15.519463,-0.245437,0.0,25.062159,0.122718,0.0,3.033828,2.697502,0.0,0.0
36856,-15.516203,0.564505,-0.003906,25.062159,0.171806,0.003906,3.033828,2.697502,0.0,0.0
36859,-15.51256,0.196349,0.0,25.061966,0.049087,-0.003906,3.033828,2.697502,0.0,0.0
36867,-15.508725,0.883572,0.003906,25.062159,0.196349,0.0,3.033828,2.697502,0.0,0.0
36869,-15.507191,0.0,0.003906,25.062349,0.638135,0.0,3.033828,2.697502,0.0,0.0
36887,-15.507191,0.0,0.0,25.062159,0.098175,0.003906,3.033828,2.697502,0.0,0.0
36890,-15.507191,0.0,0.0,25.062159,0.368155,0.0,3.033828,2.697502,0.0,0.0
36900,-15.507382,-0.245437,0.0,25.062159,0.171806,0.0,3.033828,2.697502,0.0,0.0
36919,-15.507191,0.122718,0.0,25.062159,0.368155,0.0,3.033828,2.697502,0.0,0.0
36920,-15.507191,-0.220893,0.0,25.061966,0.098175,0.003906,3.033828,2.697502,0.0,0.0
36929,-15.506041,0.490873,0.003906,25.062159,0.417242,-0.003906,3.033828,2.697502,0.0,0.0
36931,-15.505274,-0.368155,-0.003906,25.062349,0.515417,0.0,3.033828,2.697502,0.0,0.0
36951,-15.503931,0.147262,0.0,25.062349,0.343611,0.0,3.033828,2.697502,0.0,0.0
36953,-15.502781,0.294524,0.0,25.062159,0.024544,0.0,3.033828,2.697502,0.0,0.0
36963,-15.501438,0.220893,0.0,25.062349,0.147262,0.003906,3.033828,2.697502,0.0,0.0
36980,-15.500863,-0.245437,-0.003906,25.062159,-0.049087,0.0,3.033828,2.697502,0.0,0.0
36982,-15.500671,-0.26998,0.0,25.062349,0.049087,0.0,3.033828,2.697502,0.0,0.0
36984,-15.50048,-0.171806,0.0,25.062349,0.0,0.0,3.033828,2.697502,0.0,0.0
36995,-15.50048,0.049087,0.0,25.062349,-0.049087,0.0,3.033828,2.697502,0.0,0.0
37015,-15.500671,-0.368155,0.0,25.062542,-0.122718,0.0,3.033828,2.697502,0.0,0.0
37017,-15.50048,-0.368155,-0.003906,25.062733,0.245437,0.0,3.033828,2.697502,0.0,0.0
37024,-15.500671,-0.245437,0.0,25.062733,0.220893,0.0,3.033828,2.697502,0.0,0.0
37044,-15.500671,-0.171806,0.0,25.062733,0.049087,0.0,3.033828,2.697502,0.0,0.0
37047,-15.500671,-0.122718,0.0,25.062733,0.0,0.003906,3.033828,2.697502,0.0,0.0
37048,-15.500863,-0.245437,0.003906,25.062733,0.049087,0.0,3.033828,2.697502,0.0,0.0
37057,-15.500863,-0.147262,0.0,25.062349,-0.122718,-0.007812,3.033828,2.697502,0.0,0.0
37075,-15.500863,-0.171806,0.0,25.062542,0.220893,0.0,3.033828,2.697502,0.0,0.0
37077,-15.500863,0.122718,0.0,25.062542,0.392699,0.0,3.033828,2.697502,0.0,0.0
37088,-15.501055,-0.171806,0.0,25.062542,0.245437,0.007812,3.033828,2.697502,0.0,0.0
37120,-15.501246,-0.245437,0.003906,25.062349,0.0,0.003906,3.033828,2.697502,0.0,0.0
37122,-15.501438,-0.417242,0.0,25.062349,-0.147262,0.0,3.033828,2.697502,0.0,0.0
37124,-15.501822,-0.073631,0.0,25.062349,-0.147262,0.0,3.033828,2.697502,0.0,0.0
37126,-15.501822,0.122718,0.0,25.062925,0.687223,0.0,3.033828,2.697502,0.0,0.0
37141,-15.502014,0.049087,-0.003906,25.062542,0.294524,0.0,3.033828,2.697502,0.0,0.0
37143,-15.502014,0.098175,0.0,25.062733,0.343611,0.0,3.033828,2.697502,0.0,0.0
37158,-15.502206,-0.294524,0.0,25.062542,0.0,0.0,3.033828,2.697502,0.0,0.0
37160,-15.502014,0.368155,0.0,25.062733,0.245437,0.0,3.033828,2.697502,0.0,0.0
37162,-15.502014,0.049087,0.0,25.062733,0.319068,-0.007812,3.033828,2.697502,0.0,0.0
37181,-15.502206,-0.368155,0.0,25.062733,0.245437,0.0,3.033828,2.697502,0.0,0.0
37183,-15.502014,-0.098175,-0.003906,25.062733,0.122718,0.0,3.033828,2.697502,0.0,0.0
37201,-15.502206,-0.368155,0.0,25.062733,0.294524,0.0,3.033828,2.697502,0.0,0.0
37203,-15.502014,0.0,0.0,25.062733,0.098175,0.003906,3.033828,2.697502,0.0,0.0
37211,-15.502014,0.0,0.0,25.062733,0.245437,0.0,3.033828,2.697502,0.0,0.0
37230,-15.502206,-0.319068,0.0,25.062733,0.46633,0.0,3.033828,2.697502,0.0,0.0
37232,-15.502206,-0.392699,0.0,25.062733,-0.515417,0.0,3.033828,2.697502,0.0,0.0
37233,-15.502206,-0.245437,0.003906,25.062733,0.245437,0.0,3.033828,2.697502,0.0,0.0
37245,-15.502206,-0.220893,-0.003906,25.062733,0.319068,0.0,3.033828,2.697502,0.0,0.0
37275,-15.502206,-0.049087,0.003906,25.062733,0.319068,0.0,3.033828,2.697502,0.0,0.0
37277,-15.502206,-0.147262,0.003906,25.062733,0.245437,0.0,3.033828,2.697502,0.0,0.0
37278,-15.502206,0.0,0.0,25.062733,-0.122718,0.0,3.033828,2.697502,0.0,0.0
37294,-15.502398,-0.245437,0.0,25.062733,0.245437,-0.007812,3.033828,2.697502,0.0,0.0
37295,-15.502398,-0.26998,0.0,25.062733,-0.073631,-0.007812,3.033828,2.697502,0.0,0.0
37298,-15.502589,-0.539961,0.0,25.062733,-0.122718,0.0,3.033828,2.697502,0.0,0.0
37305,-15.502398,-0.049087,0.0,25.062925,0.245437,0.0,3.033828,2.697502,0.0,0.0
37326,-15.502589,-0.245437,0.0,25.063116,0.392699,0.0,3.033828,2.697502,0.0,0.0
37329,-15.502589,-0.196349,0.003906,25.062733,0.147262,0.003906,3.033828,2.697502,0.0,0.0
37336,-15.502589,-0.196349,0.0,25.062542,-0.343611,0.003906,3.033828,2.697502,0.0,0.0
37355,-15.502781,-0.392699,0.0,25.062733,0.26998,-0.007812,3.033828,2.697502,0.0,0.0
37358,-15.502589,0.0,0.0,25.062542,0.122718,0.0,3.033828,2.697502,0.0,0.0
37360,-15.502781,-0.26998,0.0,25.062349,-0.392699,0.0,3.033828,2.697502,0.0,0.0
37368,-15.502781,-0.196349,0.003906,25.062349,0.0,0.0,3.033828,2.697502,0.0,0.0
37390,-15.502781,-0.024544,-0.003906,25.062349,0.0,0.0,3.033828,2.697502,0.0,0.0
37392,-15.502781,0.073631,0.0,25.062733,0.294524,0.0,3.033828,2.697502,0.0,0.0
37398,-15.502973,-0.245437,0.0,25.062349,-0.122718,-0.007812,3.033828,2.697502,0.0,0.0
37417,-15.502781,0.098175,-0.003906,25.062349,0.0,0.0,3.033828,2.697502,0.0,0.0
37419,-15.502973,-0.368155,0.003906,25.062542,0.392699,0.0,3.033828,2.697502,0.0,0.0
37421,-15.502781,0.073631,0.0,25.062349,0.220893,0.0,3.033828,2.697502,0.0,0.0
37430,-15.502781,0.0,0.003906,25.062159,-0.024544,0.0,3.033828,2.697502,0.0,0.0
37453,-15.502973,-0.515417,-0.003906,25.062159,0.245437,0.0,3.033828,2.697502,0.0,0.0
37454,-15.502781,0.0,0.003906,25.062159,0.024544,0.0,3.033828,2.697502,0.0,0.0
37462,-15.502781,-0.073631,0.0,25.061966,-0.122718,0.003906,3.033828,2.697502,0.0,0.0
37464,-15.502781,-0.147262,0.0,25.062159,0.319068,0.0,3.033828,2.697502,0.0,0.0
37481,-15.502781,0.049087,0.0,25.061966,-0.122718,-0.003906,3.033828,2.697502,0.0,0.0
37483,-15.502781,-0.098175,0.0,25.062159,0.245437,0.0,3.033828,2.697502,0.0,0.0
37494,-15.502781,-0.024544,0.0,25.061775,-0.46633,0.0,3.033828,2.697502,0.0,0.0
37512,-15.502781,0.0,0.003906,25.061775,-0.122718,0.0,3.033828,2.697502,0.0,0.0
37515,-15.502781,-0.073631,0.0,25.061775,-0.196349,0.0,3.033828,2.697502,0.0,0.0
37523,-15.502973,-0.368155,0.0,25.061966,0.343611,0.003906,3.033828,2.697502,0.0,0.0
37526,-15.502973,-0.294524,0.0,25.061775,-0.049087,0.0,3.033828,2.697502,0.0,0.0
37545,-15.502973,-0.294524,0.0,25.061775,-0.147262,0.0,3.033828,2.697502,0.0,0.0
37547,-15.502973,-0.539961,0.003906,25.061966,0.343611,0.0,3.033828,2.697502,0.0,0.0
37557,-15.502973,0.245437,0.0,25.061966,0.368155,0.0,3.033828,2.697502,0.0,0.0
37574,-15.502973,0.0,0.0,25.061775,-0.024544,0.0,3.033828,2.697502,0.0,0.0
37576,-15.503164,-0.294524,0.0,25.061775,0.490873,-0.007812,3.033828,2.697502,0.0,0.0
37587,-15.503164,-0.171806,0.0,25.061775,-0.049087,0.0,3.033828,2.697502,0.0,0.0
37589,-15.502973,0.171806,-0.003906,25.061966,0.417242,0.003906,3.033828,2.697502,0.0,0.0
37608,-15.503164,-0.196349,0.0,25.061775,0.049087,0.0,3.033828,2.697502,0.0,0.0
37610,-15.503356,-0.441786,-0.003906,25.061775,-0.073631,0.0,3.033828,2.697502,0.0,0.0
37619,-15.502973,0.343611,0.0,25.061775,-0.171806,0.0,3.033828,2.697502,0.0,0.0
37636,-15.503356,-0.26998,0.0,25.061775,-0.122718,-0.007812,3.033828,2.697502,0.0,0.0
37638,-15.503356,0.098175,0.0,25.061775,0.0,0.0,3.033828,2.697502,0.0,0.0
37650,-15.503356,-0.147262,0.0,25.061775,-0.245437,0.0,3.033828,2.697502,0.0,0.0
37652,-15.503356,-0.294524,-0.003906,25.061966,0.196349,0.0,3.033828,2.697502,0.0,0.0
37682,-15.503356,-0.171806,0.0,25.061966,0.245437,0.0,3.033828,2.697502,0.0,0.0
37683,-15.503164,0.098175,-0.003906,25.062159,0.417242,0.0,3.033828,2.697502,0.0,0.0
37685,-15.503164,0.049087,0.0,25.061966,0.147262,0.0,3.033828,2.697502,0.0,0.0
37700,-15.503356,-0.196349,0.0,25.061966,0.171806,0.0,3.033828,2.697502,0.0,0.0
37702,-15.503356,0.073631,0.003906,25.061775,0.0,0.0,3.033828,2.697502,0.0,0.0
37704,-15.503356,-0.343611,0.0,25.061775,0.0,0.0,3.033828,2.697502,0.0,0.0
37713,-15.503356,-0.368155,0.0,25.061775,-0.171806,0.0,3.033828,2.697502,0.0,0.0
37731,-15.503356,-0.245437,0.0,25.061775,-0.098175,0.0,3.033828,2.697502,0.0,0.0
37733,-15.503356,-0.368155,0.0,25.061775,0.0,0.0,3.033828,2.697502,0.0,0.0
37742,-15.503164,0.049087,0.003906,25.061966,-0.122718,0.0,3.033828,2.697502,0.0,0.0
37762,-15.503164,0.024544,0.0,25.061966,0.343611,-0.003906,3.033828,2.697502,0.0,0.0
37763,-15.503164,-0.122718,-0.003906,25.062159,0.638135,0.0,3.033828,2.697502,0.0,0.0
37766,-15.503164,0.0,0.003906,25.061775,-0.171806,0.0,3.033828,2.697502,0.0,0.0
37775,-15.503164,0.0,0.0,25.061966,0.245437,0.0,3.033828,2.697502,0.0,0.0
37794,-15.503164,-0.024544,0.0,25.061966,0.294524,0.0,3.033828,2.697502,0.0,0.0
37797,-15.503356,-0.294524,0.0,25.061966,0.122718,0.0,3.033828,2.697502,0.0,0.0
37806,-15.503356,0.122718,0.0,25.061966,0.220893,0.0,3.033828,2.697502,0.0,0.0
37824,-15.503356,-0.368155,0.003906,25.061775,-0.147262,0.0,3.033828,2.697502,0.0,0.0
37826,-15.503164,0.122718,0.0,25.061583,-0.539961,-0.003906,3.033828,2.697502,0.0,0.0
37827,-15.503356,-0.220893,0.0,25.061775,-0.245437,0.0,3.033828,2.697502,0.0,0.0
37839,-15.503356,-0.368155,0.0,25.061775,-0.26998,0.0,3.033828,2.697502,0.0,0.0
37857,-15.503356,-0.26998,0.0,25.061775,-0.024544,0.0,3.033828,2.697502,0.0,0.0
37859,-15.503356,-0.196349,0.0,25.061966,0.171806,0.0,3.033828,2.697502,0.0,0.0
37868,-15.503548,-0.098175,0.0,25.061775,-0.049087,0.0,3.033828,2.697502,0.0,0.0
37888,-15.503548,-0.46633,0.0,25.061775,0.024544,-0.003906,3.033828,2.697502,0.0,0.0
37890,-15.503356,-0.073631,-0.003906,25.062159,0.441786,0.0,3.033828,2.697502,0.0,0.0
37892,-15.503548,-0.294524,0.0,25.061775,-0.122718,0.0,3.033828,2.697502,0.0,0.0
37901,-15.503548,-0.368155,0.007812,25.061775,-0.147262,0.0,3.033828,2.697502,0.0,0.0
37919,-15.503356,-0.368155,0.0,25.061966,0.368155,-0.007812,3.033828,2.697502,0.0,0.0
37920,-15.503548,-0.343611,0.0,25.062159,0.441786,-0.003906,3.033828,2.697502,0.0,0.0
37930,-15.503548,-0.220893,-0.003906,25.061966,0.26998,0.0,3.033828,2.697502,0.0,0.0
37950,-15.503548,-0.26998,0.0,25.061775,0.0,0.0,3.033828,2.697502,0.0,0.0
37952,-15.503548,-0.245437,0.0,25.062159,0.319068,0.0,3.033828,2.697502,0.0,0.0
37954,-15.503548,-0.245437,0.0,25.061583,-0.294524,0.0,3.033828,2.697502,0.0,0.0
37977,-15.503548,-0.196349,0.0,25.061775,-0.024544,0.003906,3.033828,2.697502,0.0,0.0
37980,-15.503548,-0.122718,0.0,25.061775,-0.024544,0.0,3.033828,2.697502,0.0,0.0
37993,-15.503739,-0.46633,0.0,25.061966,0.392699,0.0,3.033828,2.697502,0.0,0.0
37997,-15.503548,-0.073631,0.0,25.061966,0.392699,0.003906,3.033828,2.697502,0.0,0.0
38012,-15.503548,0.0,0.003906,25.061775,0.171806,0.003906,3.033828,2.697502,0.0,0.0
38016,-15.503548,-0.024544,0.0,25.061966,0.319068,0.0,3.033828,2.697502,0.0,0.0
38020,-15.503548,-0.024544,0.0,25.061775,0.0,0.0,3.033828,2.697502,0.0,0.0
38026,-15.503548,0.0,0.0,25.061775,0.245437,0.003906,3.033828,2.697502,0.0,0.0
38046,-15.503548,-0.024544,-0.003906,25.062159,0.613592,0.0,3.033828,2.697502,0.0,0.0
38050,-15.503548,0.0,0.0,25.061966,0.319068,-0.003906,3.033828,2.697502,0.0,0.0
38054,-15.503548,0.0,0.0,25.061775,0.098175,0.0,3.033828,2.697502,0.0,0.0
38076,-15.503548,-0.024544,0.003906,25.062159,0.539961,0.0,3.033828,2.697502,0.0,0.0
38079,-15.503548,0.0,0.003906,25.061775,0.073631,0.0,3.033828,2.697502,0.0,0.0
38083,-15.503548,-0.024544,0.0,25.061775,0.245437,0.0,3.033828,2.697502,0.0,0.0
38088,-15.503548,0.0,-0.003906,25.061775,0.147262,0.0,3.033828,2.697502,0.0,0.0
38110,-15.503548,-0.024544,0.0,25.061775,0.073631,-0.007812,3.033828,2.697502,0.0,0.0
38113,-15.503548,0.024544,0.003906,25.061775,0.368155,0.003906,3.033828,2.697502,0.0,0.0
38117,-15.503548,-0.098175,0.003906,25.061775,0.196349,0.0,3.033828,2.697502,0.0,0.0
38140,-15.503739,-0.368155,0.007812,25.061775,0.049087,0.0,3.033828,2.697502,0.0,0.0
38144,-15.503548,-0.073631,0.003906,25.061775,0.220893,0.0,3.033828,2.697502,0.0,0.0
38148,-15.503548,0.0,0.0,25.061775,0.196349,0.0,3.033828,2.697502,0.0,0.0
38151,-15.503739,-0.343611,0.0,25.061775,0.0,0.0,3.033828,2.697502,0.0,0.0
38169,-15.503548,-0.024544,0.0,25.061392,-0.368155,0.0,3.033828,2.697502,0.0,0.0
38173,-15.503548,-0.073631,0.0,25.061775,0.0,0.0,3.033828,2.697502,0.0,0.0
38180,-15.503548,-0.098175,0.0,25.061775,0.319068,0.003906,3.033828,2.697502,0.0,0.0
38199,-15.503356,0.319068,0.0,25.061775,0.294524,0.0,3.033828,2.697502,0.0,0.0
38203,-15.503548,-0.098175,0.0,25.061775,0.171806,0.0,3.033828,2.697502,0.0,0.0
38207,-15.503548,-0.098175,0.0,25.061966,0.564505,0.003906,3.033828,2.697502,0.0,0.0
38214,-15.503548,-0.171806,-0.003906,25.061583,-0.122718,0.0,3.033828,2.697502,0.0,0.0
38234,-15.503548,-0.220893,0.0,25.061583,-0.049087,-0.007812,3.033828,2.697502,0.0,0.0
38237,-15.503548,-0.245437,0.003906,25.061775,0.245437,0.0,3.033828,2.697502,0.0,0.0
38241,-15.503548,-0.319068,0.0,25.061775,0.343611,0.003906,3.033828,2.697502,0.0,0.0
38245,-15.503548,-0.196349,0.0,25.061775,0.245437,0.0,3.033828,2.697502,0.0,0.0
38269,-15.503548,-0.245437,0.0,25.061775,0.147262,0.0,3.033828,2.697502,0.0,0.0
38272,-15.503548,-0.245437,0.003906,25.061775,0.147262,0.0,3.033828,2.697502,0.0,0.0
38276,-15.503548,-0.196349,0.0,25.061775,0.0,0.0,3.033828,2.697502,0.0,0.0
38307,-15.503548,-0.245437,0.0,25.061966,0.26998,0.0,3.033828,2.697502,0.0,0.0
38311,-15.503548,-0.147262,-0.003906,25.061775,0.245437,0.003906,3.033828,2.697502,0.0,0.0
38315,-15.503548,-0.245437,0.0,25.061775,0.196349,0.0,3.033828,2.697502,0.0,0.0
38318,-15.503548,-0.122718,-0.003906,25.061966,0.0,-0.007812,3.033828,2.697502,0.0,0.0
38327,-15.503548,-0.147262,0.0,25.061966,0.368155,0.0,3.033828,2.697502,0.0,0.0
38330,-15.503548,-0.245437,-0.003906,25.061775,0.171806,0.0,3.033828,2.697502,0.0,0.0
38336,-15.503739,-0.539961,-0.003906,25.061775,0.319068,0.007812,3.033828,2.697502,0.0,0.0
38359,-15.503548,-0.245437,0.0,25.061775,0.122718,0.0,3.033828,2.697502,0.0,0.0
38361,-15.503548,-0.220893,0.0,25.061775,0.122718,0.0,3.033828,2.697502,0.0,0.0
38367,-15.503548,-0.26998,0.0,25.061775,0.122718,0.0,3.033828,2.697502,0.0,0.0
38369,-15.503356,0.122718,0.0,25.061775,0.049087,0.0,3.033828,2.697502,0.0,0.0
38389,-15.503356,0.098175,0.0,25.061775,0.319068,0.0,3.033828,2.697502,0.0,0.0
38392,-15.503548,-0.294524,0.0,25.061775,0.245437,0.0,3.033828,2.697502,0.0,0.0
38398,-15.503356,0.122718,0.0,25.061775,0.294524,0.003906,3.033828,2.697502,0.0,0.0
38418,-15.503548,0.122718,0.0,25.061775,0.220893,0.0,3.033828,2.697502,0.0,0.0
38420,-15.503356,0.024544,0.003906,25.061775,0.245437,-0.007812,3.033828,2.697502,0.0,0.0
38423,-15.503356,0.0,0.0,25.061775,0.0,0.0,3.033828,2.697502,0.0,0.0
38431,-15.503548,-0.343611,0.0,25.061775,0.26998,0.0,3.033828,2.697502,0.0,0.0
38451,-15.503548,-0.46633,-0.003906,25.061583,-0.049087,0.0,3.033828,2.697502,0.0,0.0
38453,-15.503356,-0.196349,0.0,25.061583,-0.220893,0.0,3.033828,2.697502,0.0,0.0
38462,-15.503164,0.024544,0.0,25.061966,0.098175,0.003906,3.033828,2.697502,0.0,0.0
38496,-15.503164,-0.098175,0.0,25.061775,0.0,0.0,3.033828,2.697502,0.0,0.0
38498,-15.502973,0.122718,-0.003906,25.061966,0.613592,0.0,3.033828,2.697502,0.0,0.0
38501,-15.502781,0.46633,0.0,25.061775,-0.26998,0.0,3.033828,2.697502,0.0,0.0
38502,-15.503356,-0.662679,-0.003906,25.061966,0.26998,-0.007812,3.033828,2.697502,0.0,0.0
38513,-15.502781,0.343611,0.0,25.062159,-0.147262,0.0,3.033828,2.697502,0.0,0.0
38515,-15.503164,-0.392699,-0.003906,25.061966,0.171806,0.0,3.033828,2.697502,0.0,0.0
38524,-15.502781,0.220893,0.003906,25.061966,0.368155,0.0,3.033828,2.697502,0.0,0.0
38550,-15.502781,0.024544,0.0,25.061775,0.122718,0.0,3.033828,2.697502,0.0,0.0
38552,-15.502781,0.073631,0.003906,25.062159,0.539961,0.0,3.033828,2.697502,0.0,0.0
38554,-15.502781,0.024544,0.0,25.061966,0.196349,0.0,3.033828,2.697502,0.0,0.0
38557,-15.502781,-0.073631,0.003906,25.062159,0.539961,0.0,3.033828,2.697502,0.0,0.0
38579,-15.502781,-0.049087,0.0,25.061966,0.122718,0.0,3.033828,2.697502,0.0,0.0
38580,-15.502781,-0.122718,0.0,25.061775,-0.171806,0.0,3.033828,2.697502,0.0,0.0
38587,-15.502781,-0.073631,0.003906,25.062159,0.441786,0.0,3.033828,2.697502,0.0,0.0
38618,-15.502781,-0.098175,0.0,25.062159,0.368155,0.0,3.033828,2.697502,0.0,0.0
38620,-15.502589,0.220893,0.0,25.061966,-0.098175,0.0,3.033828,2.697502,0.0,0.0
38622,-15.502781,-0.098175,-0.003906,25.062159,0.245437,0.0,3.033828,2.697502,0.0,0.0
38624,-15.502781,-0.024544,0.0,25.061966,-0.098175,0.0,3.033828,2.694626,0.0,0.0
38639,-15.502781,-0.073631,0.0,25.061775,-0.147262,0.003906,3.033828,2.694626,0.0,0.0
38640,-15.502973,-0.368155,0.0,25.061775,0.0,0.0,3.033828,2.694626,0.0,0.0
38651,-15.502781,-0.073631,-0.019531,25.061583,-0.245437,0.003906,3.033828,2.694626,0.0,0.0
38668,-15.502781,-0.147262,0.003906,25.061966,0.319068,0.0,3.033828,2.694626,0.0,0.0
38669,-15.502589,0.294524,0.0,25.061775,0.0,0.0,3.033828,2.694626,0.0,0.0
38672,-15.502781,-0.122718,0.003906,25.061966,0.441786,0.0,3.033828,2.694626,0.0,0.0
38681,-15.502781,0.26998,-0.003906,25.061583,-0.098175,-0.003906,3.033828,2.694626,0.0,0.0
38701,-15.502589,0.122718,0.0,25.061775,0.122718,0.0,3.033828,2.694626,0.0,0.0
38703,-15.502781,-0.049087,0.0,25.061775,0.073631,0.0,3.033828,2.694626,0.0,0.0
38712,-15.502781,-0.098175,0.0,25.061966,0.319068,0.0,3.033828,2.694626,0.0,0.0
38730,-15.502589,0.220893,0.003906,25.062159,0.294524,0.0,3.033828,2.694626,0.0,0.0
38731,-15.502781,-0.245437,0.0,25.062159,0.245437,0.0,3.033828,2.694626,0.0,0.0
38734,-15.502781,-0.245437,0.0,25.061966,-0.220893,0.0,3.033828,2.694626,0.0,0.0
38745,-15.502398,0.343611,0.0,25.062349,0.392699,0.0,3.033828,2.694626,0.0,0.0
38763,-15.502589,-0.122718,0.003906,25.062159,-0.122718,0.0,3.033828,2.694626,0.0,0.0
38764,-15.502398,0.024544,0.0,25.062349,0.245437,-0.007812,3.033828,2.694626,0.0,0.0
38784,-15.502398,0.171806,0.0,25.062159,0.024544,0.0,3.033828,2.694626,0.0,0.0
38796,-15.502206,0.0,0.003906,25.062349,0.245437,0.0,3.033828,2.694626,0.0,0.0
38798,-15.502206,-0.049087,0.0,25.062349,0.319068,0.007812,3.033828,2.694626,0.0,0.0
38799,-15.502206,-0.245437,0.0,25.062349,0.245437,0.0,3.033828,2.694626,0.0,0.0
38807,-15.502014,0.0,0.0,25.062349,0.245437,0.0,3.033828,2.41947,0.0,0.0
38824,-15.501822,0.122718,0.0,25.062349,0.294524,0.0,3.033828,2.41947,0.0,0.0
38827,-15.502014,-0.343611,0.0,25.062349,0.294524,0.003906,3.033828,2.41947,0.0,0.0
38836,-15.501822,-0.171806,0.0,25.062349,0.245437,0.0,3.033828,2.41947,0.0,0.0
38838,-15.501631,0.0,-0.003906,25.062349,0.368155,0.003906,3.033828,2.41947,0.0,0.0
38858,-15.501631,0.049087,-0.003906,25.062159,0.294524,0.0,3.033828,2.41947,0.0,0.0
38860,-15.501438,0.220893,0.0,25.061966,0.0,0.0,3.033828,2.41947,0.0,0.0
38868,-15.501631,-0.245437,0.0,25.062159,0.368155,0.0,3.033828,2.41947,0.0,0.0
38911,-15.501438,-0.245437,-0.003906,25.062159,0.46633,0.0,3.033828,2.41947,0.0,0.0
38912,-15.501246,0.073631,0.0,25.061775,-0.024544,0.0,3.033828,2.41947,0.0,0.0
38915,-15.501246,0.0,0.0,25.061392,-0.122718,0.0,3.033828,2.41947,0.0,0.0
38916,-15.501246,-0.220893,0.0,25.061392,0.049087,0.0,3.033828,2.41947,0.0,0.0
38919,-15.501246,-0.245437,0.0,25.061392,0.589048,0.0,3.033828,2.41947,0.0,0.0
38921,-15.501246,-0.245437,-0.003906,25.060816,-0.122718,0.0,3.033828,2.41947,0.0,0.0
38941,-15.501055,0.0,0.0,25.061007,0.343611,0.0,3.033828,2.41947,0.0,0.0
38943,-15.501055,-0.147262,0.0,25.060623,-0.294524,0.0,3.033828,2.41947,0.0,0.0
38960,-15.501055,-0.220893,0.003906,25.060816,0.220893,0.0,3.033828,2.41947,0.0,0.0
38961,-15.500863,-0.368155,0.0,25.060816,0.024544,0.0,3.033828,2.41947,0.0,0.0
38964,-15.500863,-0.26998,0.0,25.060816,0.073631,0.0,3.033828,2.41947,0.0,0.0
38983,-15.50048,0.0,-0.003906,25.061007,0.392699,0.0,3.033828,2.41947,0.0,0.0
38985,-15.500096,0.319068,0.0,25.061007,0.245437,0.0,3.033828,2.41947,0.0,0.0
39008,-15.499713,-0.245437,-0.003906,25.060816,0.024544,0.0,3.033828,2.41947,0.0,0.0
39011,-15.498563,0.220893,0.007812,25.060623,-0.46633,0.0,3.033828,2.41947,0.0,0.0
39034,-15.497028,0.147262,0.0,25.061007,0.098175,0.0,3.033828,2.41947,0.0,0.0
39036,-15.49281,0.392699,0.0,25.061007,0.245437,0.0,3.033828,2.41947,0.0,0.0
39038,-15.484948,1.423533,-0.003906,25.061199,0.294524,0.0,3.033828,2.41947,0.0,0.0
39040,-15.471334,1.570795,0.003906,25.061199,-0.098175,0.0,3.033828,2.41947,0.0,0.0
39057,-15.453502,2.159843,-0.003906,25.061583,0.26998,0.0,3.033828,2.41947,0.0,0.0
39059,-15.432026,2.503455,-0.007812,25.061583,0.024544,0.0,3.033828,2.41947,0.0,0.0
39076,-15.400004,4.295143,-0.011719,25.061775,0.196349,0.003906,3.033828,2.41947,0.0,0.0
39078,-15.356286,5.031453,-0.007812,25.061966,-0.122718,0.0,3.033828,2.41947,0.0,0.0
39079,-15.312184,4.786016,0.0,25.062349,0.245437,0.0,3.033828,2.41947,0.0,0.0
39091,-15.270766,4.957822,0.0,25.062349,0.46633,0.0,3.033828,2.41947,0.0,0.0
39113,-15.214584,7.264927,-0.003906,25.062349,-0.122718,0.0,3.033828,2.41947,0.0,0.0
39115,-15.154951,5.571414,0.003906,25.062733,0.245437,0.0,3.033828,2.41947,0.0,0.0
39120,-15.104713,5.375064,0.0,25.062542,0.049087,0.0,3.033828,2.41947,0.0,0.0
39138,-15.050832,7.117665,-0.011719,25.062925,0.441786,0.003906,3.033828,2.41947,0.0,0.0
39140,-14.985638,7.117665,0.0,25.062733,0.024544,0.0,3.033828,2.41947,0.0,0.0
39142,-14.931949,6.724967,0.003906,25.062925,0.539961,0.0,3.033828,2.41947,0.0,0.0
39151,-14.871164,7.461277,0.0,25.063116,0.0,0.0,3.033828,2.41947,0.0,0.0
39170,-14.807696,6.675879,0.0,25.063692,0.245437,0.0,3.033828,2.41947,0.0,0.0
39173,-14.750556,6.258636,-0.007812,25.064075,-0.122718,0.0,3.033828,2.41947,0.0,0.0
39194,-14.685362,7.95215,-0.007812,25.064651,0.26998,0.0,3.033828,2.41947,0.0,0.0
39196,-14.620551,7.264927,0.003906,25.065418,0.46633,0.0,3.033828,2.41947,0.0,0.0
39198,-14.558233,5.964112,0.007812,25.066759,0.319068,0.0,3.033828,2.41947,0.0,0.0
39212,-14.497641,6.626791,0.0,25.070595,0.883572,0.0,3.033828,2.41947,0.0,0.0
39213,-14.439925,5.988656,0.0,25.080183,1.66897,-0.003906,3.033828,2.41947,0.0,0.0
39233,-14.387002,5.841394,0.0,25.093796,1.914407,0.0,3.033828,2.41947,0.0,0.0
39234,-14.333888,6.896772,-0.003906,25.106644,1.988037,0.0,3.033828,2.41947,0.0,0.0
39263,-14.275022,5.645045,0.0,25.117956,0.981747,0.0,3.033828,2.41947,0.0,0.0
39266,-14.232263,4.049706,0.007812,25.122366,0.834485,0.0,3.033828,2.41947,0.0,0.0
39270,-14.196214,3.828813,-0.003906,25.126202,0.687223,0.0,3.033828,2.41947,0.0,0.0
39272,-14.150769,5.399608,0.0,25.131187,0.687223,0.0,3.033828,2.41947,0.0,0.0
39275,-14.112803,3.926988,0.0,25.135214,0.294524,0.0,3.033828,2.41947,0.0,0.0
39294,-14.074838,4.172424,0.0,25.140007,0.539961,0.0,3.033828,2.41947,0.0,0.0
39296,-14.038022,3.804269,0.003906,25.148252,1.595339,-0.003906,3.033828,2.41947,0.0,0.0
39303,-13.99603,5.105084,0.003906,25.165894,2.307105,0.0,3.033828,2.41947,0.0,0.0
39305,-13.958831,3.951531,0.007812,25.185068,2.626173,0.0,3.033828,2.41947,0.0,0.0
39327,-13.926808,2.773435,0.003906,25.210571,3.166134,0.0,3.033828,2.41947,0.0,0.0
39329,-13.897663,3.14159,-0.003906,25.238949,2.994328,0.003906,3.033828,2.41947,0.0,0.0
39336,-13.864299,3.60792,-0.007812,25.262917,2.626173,0.0,3.033828,2.41947,0.0,0.0
39356,-13.81943,5.522326,-0.007812,25.28746,3.043416,0.0,3.033828,2.41947,0.0,0.0
39358,-13.770343,5.129628,0.003906,25.312004,3.190677,0.0,3.033828,2.41947,0.0,0.0
39360,-13.734677,4.049706,0.011719,25.335014,3.485202,0.0,3.033828,2.41947,0.0,0.0
39369,-13.698438,4.172424,0.003906,25.361284,3.117046,0.0,3.033828,2.41947,0.0,0.0
39393,-13.658937,5.105084,0.0,25.383335,2.626173,0.0,3.033828,2.41947,0.0,0.0
39395,-13.611959,4.933278,0.0,25.402317,2.233474,0.0,3.033828,2.41947,0.0,0.0
39404,-13.574569,4.319686,0.0,25.417658,1.889863,0.0,3.033828,2.41947,0.0,0.0
39418,-13.532001,5.252346,0.0,25.433764,2.061668,0.003906,3.033828,2.41947,0.0,0.0
39420,-13.48253,6.160462,0.0,25.448338,1.865319,0.0,3.033828,2.41947,0.0,0.0
39422,-13.424047,6.160462,0.003906,25.463869,1.398989,0.003906,3.033828,2.41947,0.0,0.0
39441,-13.37937,5.252346,0.003906,25.474415,1.227184,0.0,3.033828,2.41947,0.0,0.0
39444,-13.33661,4.638754,0.0,25.48707,1.251727,0.003906,3.033828,2.41947,0.0,0.0
39461,-13.28829,5.497783,-0.007812,25.498959,1.423533,0.0,3.033828,2.41947,0.0,0.0
39462,-13.235368,5.595957,0.0,25.516216,2.258018,-0.003906,3.033828,2.41947,0.0,0.0
39482,-13.185897,5.767763,0.0,25.534624,2.061668,0.003906,3.033828,2.41947,0.0,0.0
39484,-13.138726,6.405899,0.0,25.551113,2.135299,0.0,3.033828,2.41947,0.0,0.0
39486,-13.080244,5.816851,0.003906,25.574699,2.969784,0.0,3.033828,2.41947,0.0,0.0
39495,-13.0348,4.07425,0.003906,25.59886,3.018872,0.0,3.033828,2.41947,0.0,0.0
39515,-12.996642,4.589667,0.0,25.621485,2.822522,0.0,3.033828,2.41947,0.0,0.0
39516,-12.953499,5.571414,-0.011719,25.643728,2.356193,0.0,3.033828,2.41947,0.0,0.0
39522,-12.907863,5.350521,0.003906,25.662519,2.724348,0.0,3.033828,2.41947,0.0,0.0
39524,-12.86261,4.565123,0.003906,25.685913,2.67526,0.0,3.033828,2.41947,0.0,0.0
39545,-12.825027,3.411571,0.003906,25.711607,2.797979,0.0,3.033828,2.41947,0.0,0.0
39548,-12.792814,3.239765,0.0,25.73826,2.896153,-0.007812,3.033828,2.41947,0.0,0.0
39554,-12.7583,3.534289,0.0,25.765488,2.650717,0.0,3.033828,2.41947,0.0,0.0
39576,-12.735098,2.331649,0.003906,25.787539,2.822522,0.0,3.033828,2.41947,0.0,0.0
39578,-12.719375,1.153553,0.0,25.812273,2.626173,0.003906,3.033828,2.41947,0.0,0.0
39585,-12.707103,1.178096,0.003906,25.835093,2.380736,0.0,3.033828,2.41947,0.0,0.0
39587,-12.697132,1.374446,-0.003906,25.861744,3.657007,-0.003906,3.033828,2.41947,0.0,0.0
39607,-12.681601,1.914407,0.0,25.896067,4.442405,-0.003906,3.033828,2.41947,0.0,0.0
39609,-12.664727,2.380736,-0.007812,25.934418,5.227802,0.003906,3.033828,2.41947,0.0,0.0
39616,-12.642292,2.724348,0.0,25.978136,5.055996,0.0,3.033828,2.41947,0.0,0.0
39638,-12.611805,4.246056,-0.007812,26.018785,4.442405,0.0,3.033828,2.41947,0.0,0.0
39639,-12.572305,4.295143,-0.003906,26.057903,4.638754,0.003906,3.033828,2.41947,0.0,0.0
39642,-12.538749,2.945241,0.007812,26.093184,4.07425,0.0,3.033828,2.41947,0.0,0.0
39650,-12.520149,1.718057,0.011719,26.119837,3.043416,0.003906,3.033828,2.41947,0.0,0.0
39670,-12.511904,0.0,0.011719,26.140545,2.061668,0.003906,3.033828,2.41947,0.0,0.0
39673,-12.515739,-0.687223,0.0,26.15646,1.619882,0.0,3.033828,2.41947,0.0,0.0
39682,-12.517656,0.147262,-0.003906,26.165472,1.055378,0.0,3.033828,2.41947,0.0,0.0
39699,-12.515356,0.0,0.0,26.175251,1.178096,-0.003906,3.033828,2.41947,0.0,0.0
39701,-12.514972,-0.245437,0.0,26.18503,1.251727,0.0,3.033828,2.41947,0.0,0.0
39703,-12.51478,0.098175,0.0,26.196535,2.233474,0.0,3.033828,2.41947,0.0,0.0
39713,-12.51478,-0.220893,0.003906,26.215902,2.233474,0.0,3.033828,2.41947,0.0,0.0
39738,-12.51478,-0.26998,0.0,26.239487,2.626173,0.0,3.033828,2.167706,0.0,0.0
39740,-12.51478,-0.098175,0.0,26.267673,3.485202,0.003906,3.033828,2.167706,0.0,0.0
39744,-12.514972,-0.245437,0.003906,26.296436,3.067959,0.0,3.033828,2.167706,0.0,0.0
39762,-12.515164,-0.196349,0.003906,26.322514,2.920697,0.003906,3.033828,2.167706,0.0,0.0
39764,-12.515356,-0.196349,-0.003906,26.342455,1.963494,0.0,3.033828,2.167706,0.0,0.0
39766,-12.516123,-0.245437,0.0,26.35511,1.521708,0.0,3.033828,2.167706,0.0,0.0
39774,-12.517465,-0.245437,0.0,26.367765,1.718057,-0.007812,3.033828,2.167706,0.0,0.0
39795,-12.517848,0.0,0.003906,26.387325,2.258018,0.0,3.033828,2.167706,0.0,0.0
39797,-12.517848,-0.073631,0.0,26.40995,2.601629,-0.003906,3.033828,2.167706,0.0,0.0
39804,-12.518231,-0.245437,0.0,26.432961,2.527998,0.003906,3.033828,2.167706,0.0,0.0
39826,-12.519382,-0.687223,0.003906,26.457695,2.552542,0.0,3.033828,2.167706,0.0,0.0
39827,-12.519958,-0.220893,0.0,26.480898,2.331649,0.0,3.033828,2.167706,0.0,0.0
39828,-12.520149,-0.196349,0.0,26.500647,2.748891,0.0,3.033828,2.167706,0.0,0.0
39838,-12.519958,-0.147262,0.0,26.517521,1.448077,-0.003906,3.033828,2.167706,0.0,0.0
39857,-12.519958,-0.171806,0.0,26.528833,1.079922,0.0,3.033828,2.167706,0.0,0.0
39861,-12.519958,-0.245437,0.0,26.533052,0.0,0.0,3.033828,2.167706,0.0,0.0
39866,-12.519382,-0.098175,0.003906,26.533052,0.171806,0.0,3.033828,2.167706,0.0,0.0
39888,-12.519382,-0.319068,0.003906,26.533052,0.245437,0.003906,3.033828,2.167706,0.0,0.0
39890,-12.519191,0.024544,0.0,26.532862,0.319068,0.0,3.033828,2.167706,0.0,0.0
39894,-12.519382,-0.392699,0.0,26.532286,-0.171806,0.0,3.033828,2.167706,0.0,0.0
39900,-12.519191,0.0,0.0,26.531902,0.245437,0.007812,3.033828,2.167706,0.0,0.0
39921,-12.519191,0.0,0.0,26.531902,0.441786,0.007812,3.033828,2.167706,0.0,0.0
39924,-12.519382,-0.245437,0.0,26.531326,0.073631,0.0,3.033828,2.167706,0.0,0.0
39929,-12.519382,-0.098175,0.0,26.530943,0.0,0.0,3.033828,2.167706,0.0,0.0
39950,-12.519574,-0.171806,0.003906,26.529985,0.294524,0.0,3.033828,2.167706,0.0,0.0
39952,-12.519958,-0.319068,0.003906,26.529026,0.196349,0.0,3.033828,2.167706,0.0,0.0
39955,-12.519958,-0.245437,0.003906,26.528643,0.0,0.0,3.033828,2.167706,0.0,0.0
39962,-12.519958,-0.294524,0.0,26.527876,0.049087,0.0,3.033828,2.167706,0.0,0.0
39980,-12.520533,0.147262,0.003906,26.52634,0.368155,0.0,3.033828,2.167706,0.0,0.0
39983,-12.522834,-0.26998,0.003906,26.525,-0.539961,0.0,3.033828,2.167706,0.0,0.0
39992,-12.532038,-1.693513,0.007812,26.521931,-0.638135,0.0,3.033828,2.167706,0.0,0.0
39994,-12.552747,-2.061668,-0.003906,26.509659,-1.988037,0.003906,3.033828,2.167706,0.0,0.0
40019,-12.57288,-2.012581,-0.003906,26.477638,-4.246056,0.007812,3.033828,2.167706,0.0,0.0
40021,-12.592629,-2.429824,0.003906,26.428167,-6.037744,0.003906,3.033828,2.167706,0.0,0.0
40024,-12.610462,-2.159843,0.0,26.362972,-8.467567,0.003906,3.033828,2.167706,0.0,0.0
40044,-12.627528,-1.865319,0.0,26.278412,-9.719295,0.003906,3.033828,2.167706,0.0,0.0
40046,-12.651304,-3.485202,0.0,26.183689,-10.946478,0.003906,3.033828,2.167706,0.0,0.0
40054,-12.694448,-5.743219,0.019531,26.079378,-12.345468,0.003906,3.033828,2.167706,0.0,0.0
40077,-12.758492,-8.050324,0.007812,25.962221,-12.959059,0.0,3.033828,2.167706,0.0,0.0
40080,-12.830397,-8.173043,0.003906,25.836433,-14.333505,0.007812,3.033828,2.167706,0.0,0.0
40082,-12.907671,-8.860266,-0.003906,25.702595,-14.480767,0.0,3.033828,2.167706,0.0,0.0
40087,-12.981111,-7.191296,-0.007812,25.57163,-13.425389,0.0,3.033828,2.167706,0.0,0.0
40108,-13.040744,-7.240384,0.0,25.451597,-13.253583,0.0,3.033828,2.167706,0.0,0.0
40111,-13.104595,-7.412189,-0.003906,25.337507,-12.76271,0.0,3.033828,2.167706,0.0,0.0
40117,-13.16001,-5.473239,-0.011719,25.225718,-12.590904,0.003906,3.033828,2.167706,0.0,0.0
40138,-13.20392,-4.957822,0.0,25.114889,-12.909972,0.0,3.033828,2.167706,0.0,0.0
40139,-13.247255,-4.908734,0.0,25.005209,-11.633701,0.0,3.033828,2.167706,0.0,0.0
40142,-13.288097,-4.34423,0.0,24.899172,-12.345468,0.003906,3.033828,2.167706,0.0,0.0
40149,-13.321462,-3.387027,0.0,24.791027,-12.468185,0.0,3.033828,2.167706,0.0,0.0
40170,-13.355018,-4.295143,0.007812,24.683073,-11.682788,0.0,3.033828,2.167706,0.0,0.0
40173,-13.402187,-5.669589,0.0,24.579721,-11.658244,0.003906,3.033828,2.167706,0.0,0.0
40180,-13.454343,-6.405899,-0.007812,24.472151,-10.946478,0.0,3.033828,2.167706,0.0,0.0
40200,-13.497678,-4.000618,-0.011719,24.36554,-10.995565,0.0,3.033828,2.167706,0.0,0.0
40202,-13.532192,-3.706095,0.0,24.257969,-11.142827,0.0,3.033828,2.167706,0.0,0.0
40204,-13.564214,-3.779726,0.0,24.160177,-10.234712,0.0,3.033828,2.167706,0.0,0.0
40222,-13.600454,-4.663298,0.003906,24.07044,-9.375683,0.0,3.033828,2.167706,0.0,0.0
40223,-13.642447,-5.129628,0.0,23.983004,-9.866556,0.0,3.033828,2.167706,0.0,0.0
40245,-13.676003,-3.8779,-0.003906,23.905537,-9.989275,-0.003906,3.033828,2.167706,0.0,0.0
40247,-13.720297,-5.178715,0.003906,23.810047,-8.909353,-0.007812,3.033828,2.167706,0.0,0.0
40262,-13.764974,-5.154171,-0.003906,23.733349,-8.295761,0.003906,3.033828,2.167706,0.0,0.0
40264,-13.808884,-4.098794,0.0,23.653772,-8.762092,0.0,3.033828,2.167706,0.0,0.0
40266,-13.843015,-3.239765,-0.011719,23.575924,-8.246674,0.0,3.033828,2.167706,0.0,0.0
40273,-13.870051,-3.190677,0.0,23.505169,-7.461277,-0.003906,3.033828,2.167706,0.0,0.0
40296,-13.904757,-4.417861,0.007812,23.444576,-6.234093,0.0,3.033828,2.167706,0.0,0.0
40297,-13.952311,-6.28318,0.007812,23.386093,-6.28318,0.0,3.033828,2.167706,0.0,0.0
40304,-14.006384,-5.964112,0.0,23.321283,-6.921316,0.0,3.033828,2.167706,0.0,0.0
40326,-14.047418,-5.27689,-0.003906,23.268169,-6.111374,0.0,3.033828,2.167706,0.0,0.0
40328,-14.094587,-5.399608,-0.003906,23.216589,-5.27689,0.0,3.033828,2.167706,0.0,0.0
40337,-14.14425,-6.037744,0.0,23.164818,-5.424152,-0.003906,3.033828,2.167706,0.0,0.0
40339,-14.194488,-4.933278,0.0,23.106142,-5.939569,0.0,3.033828,2.167706,0.0,0.0
40372,-14.233796,-5.325977,0.007812,23.057821,-6.798597,0.0,3.033828,2.167706,0.0,0.0
40373,-14.289978,-7.142209,0.007812,23.002214,-6.332268,-0.007812,3.033828,2.167706,0.0,0.0
40376,-14.350187,-6.037744,-0.007812,22.949484,-5.178715,0.0,3.033828,2.167706,0.0,0.0
40390,-14.403685,-5.301434,-0.003906,22.900589,-4.565123,0.0,3.033828,2.167706,0.0,0.0
40393,-14.44376,-5.055996,0.0,22.863773,-4.393317,0.003906,3.033828,2.167706,0.0,0.0
40397,-14.491696,-5.890481,0.003906,22.818521,-4.884191,0.0,3.033828,2.167706,0.0,0.0
40399,-14.537716,-5.252346,-0.003906,22.77346,-4.565123,-0.003906,3.033828,2.167706,0.0,0.0
40424,-14.583544,-5.915025,0.003906,22.732618,-4.246056,0.0,3.033828,2.167706,0.0,0.0
40426,-14.635699,-6.209549,0.0,22.695803,-4.025162,0.0,3.033828,2.167706,0.0,0.0
40430,-14.687662,-5.154171,-0.007812,22.66378,-2.87161,-0.007812,3.033828,2.167706,0.0,0.0
40450,-14.726396,-4.196968,0.0,22.63962,-2.086212,0.0,3.033828,2.167706,0.0,0.0
40452,-14.761102,-4.319686,0.003906,22.623514,-1.546251,-0.003906,3.033828,2.167706,0.0,0.0
40462,-14.799451,-4.368774,0.003906,22.609133,-1.423533,0.0,3.033828,2.167706,0.0,0.0
40464,-14.845854,-5.424152,0.007812,22.601271,-0.049087,0.0,3.033828,2.167706,0.0,0.0
40496,-14.890723,-4.687841,-0.003906,22.599161,0.147262,0.0,3.033828,2.167706,0.0,0.0
40498,-14.928497,-4.417861,0.0,22.59897,0.245437,0.0,3.033828,2.167706,0.0,0.0
40500,-14.966271,-4.442405,0.0,22.599737,-0.392699,0.0,3.033828,2.463955,0.0,0.0
40518,-15.001937,-4.123337,0.0,22.602806,0.638135,0.0,3.033828,2.463955,0.0,0.0
40521,-15.031849,-3.190677,-0.011719,22.607599,0.417242,0.0,3.033828,2.463955,0.0,0.0
40523,-15.046039,-1.006291,-0.007812,22.613159,0.564505,0.003906,3.033828,2.463955,0.0,0.0
40526,-15.049873,-0.392699,0.0,22.613735,-0.098175,0.0,3.033828,2.463955,0.0,0.0
40545,-15.049298,0.294524,-0.003906,22.613352,0.024544,0.0,3.033828,2.463955,0.0,0.0
40547,-15.049682,-0.638135,0.0,22.613543,0.294524,0.0,3.033828,2.463955,0.0,0.0
40555,-15.049298,0.0,0.0,22.613735,0.26998,0.0,3.033828,2.463955,0.0,0.0
40576,-15.049298,-0.098175,0.0,22.614119,0.613592,0.0,3.033828,2.463955,0.0,0.0
40578,-15.049298,-0.26998,0.0,22.614309,0.171806,0.0,3.033828,2.463955,0.0,0.0
40585,-15.049107,0.049087,0.0,22.614885,0.196349,0.0,3.033828,2.463955,0.0,0.0
40587,-15.049107,-0.049087,0.0,22.616035,0.122718,0.0,3.033828,2.463955,0.0,0.0
40607,-15.049107,0.0,0.0,22.617569,0.392699,0.0,3.033828,2.463955,0.0,0.0
40610,-15.048915,0.098175,0.0,22.618528,0.147262,0.0,3.033828,2.463955,0.0,0.0
40619,-15.049107,-0.196349,-0.003906,22.619678,0.245437,-0.003906,3.033828,2.463955,0.0,0.0
40640,-15.049107,-0.171806,0.0,22.623131,0.46633,0.0,3.033828,2.463955,0.0,0.0
40642,-15.049107,0.073631,0.0,22.632526,1.93895,0.0,3.033828,2.463955,0.0,0.0
40644,-15.049682,-0.171806,0.0,22.648441,2.061668,0.0,3.033828,2.463955,0.0,0.0
40649,-15.0516,-0.711766,0.0,22.666466,2.503455,0.0,3.033828,2.463955,0.0,0.0
40671,-15.0539,-0.245437,0.0,22.679504,1.47262,-0.003906,3.033828,2.463955,0.0,0.0
40673,-15.058694,-0.73631,0.0,22.690817,1.030834,0.003906,3.033828,2.463955,0.0,0.0
40678,-15.066555,-1.055378,0.003906,22.694843,0.662679,0.0,3.033828,2.463955,0.0,0.0
40700,-15.085731,-2.896153,0.007812,22.694843,0.245437,-0.003906,3.033828,2.463955,0.0,0.0
40702,-15.123313,-5.424152,0.007812,22.697145,0.834485,-0.007812,3.033828,2.463955,0.0,0.0
40704,-15.183138,-8.148499,0.007812,22.706348,1.914407,0.0,3.033828,2.463955,0.0,0.0
40711,-15.251208,-7.314014,-0.003906,22.722839,1.693513,0.0,3.033828,2.463955,0.0,0.0
40733,-15.319087,-7.927606,-0.007812,22.738945,1.791688,0.0,3.033828,2.463955,0.0,0.0
40735,-15.388691,-7.95215,0.0,22.748341,0.908116,0.003906,3.033828,2.463955,0.0,0.0
40742,-15.449859,-7.01949,0.003906,22.750834,0.368155,0.0,3.033828,2.463955,0.0,0.0
40764,-15.506232,-7.240384,-0.003906,22.749683,0.049087,0.0,3.033828,2.463955,0.0,0.0
40766,-15.564332,-5.522326,-0.011719,22.747383,0.098175,-0.003906,3.033828,2.463955,0.0,0.0
40769,-15.59712,-2.40528,-0.019531,22.744698,-0.368155,0.0,3.033828,2.463955,0.0,0.0
40772,-15.606708,-0.343611,-0.011719,22.742205,-0.343611,0.0,3.033828,2.463955,0.0,0.0
40795,-15.600956,0.785398,0.0,22.740288,-0.049087,0.0,3.033828,2.463955,0.0,0.0
40797,-15.593286,1.227184,-0.003906,22.740097,0.319068,0.0,3.033828,2.463955,0.0,0.0
40805,-15.57948,1.889863,-0.007812,22.740288,0.098175,0.0,3.033828,2.463955,0.0,0.0
40826,-15.558004,2.454367,0.0,22.74048,0.171806,0.003906,3.033828,2.463955,0.0,0.0
40828,-15.533269,2.699804,0.0,22.74048,-0.049087,0.0,3.033828,2.463955,0.0,0.0
40830,-15.510642,2.307105,0.0,22.740671,0.024544,0.0,3.033828,2.463955,0.0,0.0
40847,-15.493194,2.159843,0.0,22.740864,0.024544,0.0,3.033828,2.463955,0.0,0.0
40849,-15.462131,4.246056,-0.007812,22.743357,0.343611,0.0,3.033828,2.463955,0.0,0.0
40870,-15.419562,5.27689,-0.003906,22.750643,1.325358,-0.003906,3.033828,2.463955,0.0,0.0
40873,-15.364531,6.086831,-0.011719,22.770393,3.067959,-0.003906,3.033828,2.463955,0.0,0.0
40887,-15.309116,6.062287,-0.003906,22.803373,4.147881,0.0,3.033828,2.463955,0.0,0.0
40890,-15.251783,6.332268,0.0,22.843256,4.393317,-0.003906,3.033828,2.463955,0.0,0.0
40892,-15.184288,7.314014,0.0,22.886591,5.399608,-0.007812,3.033828,2.463955,0.0,0.0
40901,-15.130024,5.595957,0.007812,22.932995,6.185006,-0.007812,3.033828,2.463955,0.0,0.0
40923,-15.075184,6.602248,-0.003906,22.992819,6.553161,0.0,3.033828,2.463955,0.0,0.0
40925,-15.008073,8.025781,-0.007812,23.048042,5.645045,0.003906,3.033828,2.463955,0.0,0.0
40956,-14.940578,6.994947,0.003906,23.094063,4.957822,0.0,3.033828,2.463955,0.0,0.0
40958,-14.877685,7.412189,0.003906,23.136629,4.663298,0.003906,3.033828,2.463955,0.0,0.0
40961,-14.821694,6.454986,0.003906,23.170954,4.246056,0.0,3.033828,2.463955,0.0,0.0
40962,-14.768771,5.694132,0.0,23.207384,3.976075,0.0,3.033828,2.463955,0.0,0.0
40976,-14.714315,6.504073,-0.011719,23.23979,4.246056,0.0,3.033828,2.463955,0.0,0.0
40978,-14.645862,7.731257,0.003906,23.273922,4.246056,0.0,3.033828,2.463955,0.0,0.0
40992,-14.583544,6.430442,0.007812,23.314381,4.638754,0.0,3.033828,2.463955,0.0,0.0
40995,-14.535606,5.915025,0.003906,23.354073,4.761473,0.0,3.033828,2.463955,0.0,0.0
41014,-14.482109,5.473239,0.0,23.396255,4.663298,0.003906,3.033828,2.463955,0.0,0.0
41016,-14.438199,4.246056,0.003906,23.438633,5.448695,-0.007812,3.033828,2.463955,0.0,0.0
41019,-14.398699,4.368774,0.003906,23.486952,5.497783,0.0,3.033828,2.463955,0.0,0.0
41031,-14.357857,5.399608,-0.003906,23.541601,6.332268,0.0,3.033828,2.463955,0.0,0.0
41047,-14.315097,5.006909,0.0,23.595482,7.191296,0.0,3.033828,2.463955,0.0,0.0
41048,-14.275598,3.387027,0.007812,23.659334,7.338558,0.0,3.033828,2.463955,0.0,0.0
41053,-14.252779,1.889863,0.011719,23.722034,6.626791,0.003906,3.033828,2.463955,0.0,0.0
41055,-14.241082,1.227184,0.0,23.776875,6.111374,0.0,3.033828,2.463955,0.0,0.0
41077,-14.230153,1.47262,-0.003906,23.826921,6.307724,-0.003906,3.033828,2.463955,0.0,0.0
41079,-14.216348,1.595339,-0.003906,23.885788,7.044034,0.0,3.033828,2.463955,0.0,0.0
41086,-14.19142,3.362483,-0.007812,23.940052,5.718676,0.003906,3.033828,2.463955,0.0,0.0
41106,-14.152112,4.565123,-0.003906,23.991249,5.645045,0.003906,3.033828,2.463955,0.0,0.0
41108,-14.112803,4.270599,0.0,24.041487,5.424152,0.007812,3.033828,2.463955,0.0,0.0
41117,-14.075796,4.246056,0.0,24.086546,4.417861,0.0,3.033828,2.463955,0.0,0.0
41119,-14.035721,4.736929,0.0,24.129114,4.957822,0.0,3.033828,2.463955,0.0,0.0
41139,-13.991236,5.964112,-0.003906,24.169382,5.620501,-0.007812,3.033828,2.463955,0.0,0.0
41142,-13.940806,4.687841,0.003906,24.217127,5.792307,0.0,3.033828,2.463955,0.0,0.0
41148,-13.897471,4.761473,0.0,24.259886,4.466949,0.0,3.033828,2.463955,0.0,0.0
41170,-13.85126,5.890481,-0.007812,24.292292,3.460658,0.0,3.033828,2.463955,0.0,0.0
41172,-13.790859,6.872229,0.0,24.321054,3.755182,-0.007812,3.033828,2.463955,0.0,0.0
41174,-13.737554,6.454986,0.003906,24.352692,4.565123,-0.003906,3.033828,2.463955,0.0,0.0
41179,-13.68118,6.356811,0.003906,24.397753,5.595957,-0.003906,3.033828,2.463955,0.0,0.0
41201,-13.619821,6.675879,0.0,24.446264,5.178715,0.0,3.033828,2.463955,0.0,0.0
41203,-13.564022,5.865938,0.0,24.496311,5.743219,0.003906,3.033828,2.463955,0.0,0.0
41212,-13.504964,7.166752,-0.007812,24.545973,4.712385,0.003906,3.033828,2.463955,0.0,0.0
41242,-13.432675,8.41848,0.0,24.591034,4.712385,0.003906,3.033828,2.463955,0.0,0.0
41244,-13.372084,6.74951,0.007812,24.62574,4.319686,0.0,3.033828,2.463955,0.0,0.0
41246,-13.316477,6.356811,0.0,24.670227,5.227802,-0.003906,3.033828,2.463955,0.0,0.0
41253,-13.26087,6.0132,0.0,24.724298,6.454986,0.0,3.033828,2.463955,0.0,0.0
41265,-13.209673,5.497783,0.003906,24.781631,6.479529,0.0,3.033828,2.463955,0.0,0.0
41267,-13.162887,5.669589,0.0,24.828226,5.620501,0.0,3.033828,2.463955,0.0,0.0
41274,-13.101336,7.044034,0.003906,24.877314,5.375064,0.003906,3.033828,2.463955,0.0,0.0
41294,-13.049564,4.687841,0.003906,24.923716,5.473239,0.0,3.033828,2.463955,0.0,0.0
41296,-13.012174,3.902444,0.0,24.970694,4.835104,0.0,3.033828,2.463955,0.0,0.0
41298,-12.979001,4.025162,-0.003906,25.01959,6.062287,0.0,3.033828,2.463955,0.0,0.0
41305,-12.940652,5.841394,-0.007812,25.071362,7.142209,0.0,3.033828,2.463955,0.0,0.0
41325,-12.895016,4.565123,0.0,25.130804,6.430442,0.003906,3.033828,2.463955,0.0,0.0
41326,-12.856667,3.534289,0.003906,25.184109,5.497783,0.0,3.033828,2.463955,0.0,0.0
41336,-12.824069,3.239765,0.003906,25.236073,5.252346,0.0,3.033828,2.463955,0.0,0.0
41337,-12.79454,3.411571,0.0,25.2819,5.178715,0.0,3.033828,2.463955,0.0,0.0
41357,-12.765203,3.411571,0.003906,25.315264,3.681551,0.0,3.033828,2.463955,0.0,0.0
41360,-12.738934,2.307105,0.0,25.346903,3.583376,0.0,3.033828,2.463955,0.0,0.0
41366,-12.723594,1.055378,0.003906,25.37394,2.896153,0.0,3.033828,2.463955,0.0,0.0
41390,-12.71113,1.423533,0.003906,25.395798,2.159843,0.0,3.033828,2.463955,0.0,0.0
41392,-12.703076,1.251727,0.0,25.410179,1.374446,0.003906,3.033828,2.463955,0.0,0.0
41398,-12.691571,1.448077,0.0,25.414015,-0.098175,0.003906,3.033828,2.463955,0.0,0.0
41399,-12.67489,1.93895,-0.007812,25.412096,-0.073631,-0.003906,3.033828,2.673918,0.0,0.0
41420,-12.654372,2.331649,-0.003906,25.413055,0.245437,0.0,3.033828,2.673918,0.0,0.0
41421,-12.62887,3.362483,-0.007812,25.413631,0.024544,0.003906,3.033828,2.673918,0.0,0.0
41429,-12.590713,4.614211,0.0,25.413822,-0.196349,0.003906,3.033828,2.673918,0.0,0.0
41464,-12.550637,4.049706,0.007812,25.415165,0.490873,0.0,3.033828,2.673918,0.0,0.0
41466,-12.523792,2.307105,0.007812,25.417082,0.638135,0.0,3.033828,2.673918,0.0,0.0
41468,-12.506536,0.711766,0.007812,25.421684,1.227184,0.0,3.033828,2.673918,0.0,0.0
41470,-12.501933,0.0,0.007812,25.430504,1.47262,0.0,3.033828,2.673918,0.0,0.0
41481,-12.502316,-0.613592,0.0,25.438175,0.809941,0.0,3.104774,2.673918,0.0,0.0
41483,-12.502508,0.122718,0.0,25.445461,1.276271,-0.003906,3.104774,2.673918,0.0,0.0
41493,-12.503084,-0.319068,-0.003906,25.45735,2.110756,0.0,3.104774,2.673918,0.0,0.0
41512,-12.504234,-0.392699,0.0,25.469622,1.521708,0.0,3.104774,2.673918,0.0,0.0
41514,-12.504809,-0.441786,0.0,25.484961,1.914407,0.003906,3.104774,2.673918,0.0,0.0
41516,-12.504618,-0.073631,0.0,25.506245,3.067959,0.0,3.104774,2.673918,0.0,0.0
41523,-12.504618,-0.098175,0.0,25.535582,3.828813,0.003906,3.104774,2.673918,0.0,0.0
41557,-12.504426,0.122718,0.0,25.569138,4.368774,-0.003906,3.104774,2.673918,0.0,0.0
41559,-12.504426,0.122718,0.0,25.605186,4.123337,0.0,3.104774,2.673918,0.0,0.0
41561,-12.504618,-0.220893,0.003906,25.637209,4.123337,0.0,3.104774,2.673918,0.0,0.0
41573,-12.505384,-0.589048,0.003906,25.668463,3.166134,0.0,3.104774,2.673918,0.0,0.0
41576,-12.506727,-0.245437,0.0,25.697033,3.092503,0.003906,3.104774,2.673918,0.0,0.0
41578,-12.509412,-0.46633,-0.003906,25.720043,2.601629,0.0,3.104774,2.673918,0.0,0.0
41597,-12.511904,-0.392699,0.0,25.740561,2.503455,0.0,3.104774,2.673918,0.0,0.0
41599,-12.512863,0.343611,0.0,25.760311,2.282562,0.0,3.104774,2.673918,0.0,0.0
41616,-12.513055,-0.122718,0.0,25.77335,1.791688,0.0,3.104774,2.673918,0.0,0.0
41619,-12.514013,-0.46633,0.0,25.790031,2.282562,0.0,3.104774,2.673918,0.0,0.0
41639,-12.515356,-0.46633,0.0,25.808823,1.791688,0.0,3.104774,2.673918,0.0,0.0
41642,-12.51804,-0.368155,-0.003906,25.825888,2.282562,0.0,3.104774,2.673918,0.0,0.0
41645,-12.520724,-0.589048,0.0,25.840652,1.816232,0.0,3.104774,2.673918,0.0,0.0
41651,-12.523409,-0.098175,-0.003906,25.858294,2.331649,0.0,3.104774,2.673918,0.0,0.0
41669,-12.526669,-0.319068,0.0,25.875935,2.012581,-0.003906,3.104774,2.673918,0.0,0.0
41671,-12.531271,-0.589048,0.0,25.89185,1.840775,0.0,3.104774,2.673918,0.0,0.0
41678,-12.538749,-1.129009,0.0,25.908339,1.791688,0.0,3.104774,2.673918,0.0,0.0
41700,-12.543351,-0.392699,-0.003906,25.92061,2.061668,0.0,3.104774,2.673918,0.0,0.0
41703,-12.542775,0.196349,-0.003906,25.931541,0.638135,0.003906,3.104774,2.673918,0.0,0.0
41705,-12.541433,0.245437,0.0,25.931541,-0.171806,0.0,3.104774,2.673918,0.0,0.0
41713,-12.542392,-0.245437,0.0,25.929432,0.122718,-0.003906,3.104774,2.673918,0.0,0.0
41733,-12.542583,-0.319068,0.0,25.929239,-0.049087,-0.007812,3.104774,2.673918,0.0,0.0
41735,-12.542583,-0.171806,0.0,25.928665,0.098175,0.0,3.104774,2.673918,0.0,0.0
41746,-12.542967,-0.368155,0.0,25.926746,-0.368155,0.0,3.104774,2.673918,0.0,0.0
41764,-12.542775,0.049087,0.0,25.923296,-0.147262,0.0,3.104774,2.673918,0.0,0.0
41766,-12.545651,-1.178096,0.0,25.922146,-0.196349,0.0,3.104774,2.673918,0.0,0.0
41768,-12.558498,-2.037125,0.003906,25.918886,-0.883572,0.003906,3.104774,2.673918,0.0,0.0
41773,-12.580166,-2.258018,0.0,25.906998,-2.356193,0.003906,3.104774,2.673918,0.0,0.0
41795,-12.601067,-2.626173,0.0,25.881495,-3.657007,0.007812,3.104774,2.673918,0.0,0.0
41797,-12.625419,-3.067959,-0.003906,25.832024,-6.553161,0.011719,3.104774,2.673918,0.0,0.0
41803,-12.656865,-4.614211,0.007812,25.757818,-8.909353,0.003906,3.104774,2.673918,0.0,0.0
41826,-12.707486,-6.724967,0.011719,25.665779,-10.431061,0.0,3.104774,2.673918,0.0,0.0
41828,-12.776324,-8.860266,0.007812,25.562428,-10.82376,0.003906,3.104774,2.673918,0.0,0.0
41830,-12.851681,-9.572032,0.0,25.4562,-11.609158,0.0,3.104774,2.673918,0.0,0.0
41836,-12.932023,-9.105702,0.0,25.347479,-11.805507,-0.007812,3.104774,2.673918,0.0,0.0
41857,-13.013132,-8.074868,0.007812,25.230703,-11.216458,0.011719,3.104774,2.673918,0.0,0.0
41859,-13.085612,-8.762092,0.007812,25.129845,-10.062906,0.0,3.104774,2.673918,0.0,0.0
41866,-13.155217,-6.872229,-0.011719,25.037806,-9.817469,-0.007812,3.104774,2.673918,0.0,0.0
41890,-13.208906,-5.595957,-0.003906,24.954588,-9.130246,0.0,3.104774,2.673918,0.0,0.0
41892,-13.261253,-6.160462,0.0,24.876354,-8.173043,0.003906,3.104774,2.673918,0.0,0.0
41894,-13.308423,-4.712385,0.003906,24.800999,-8.271217,0.0,3.104774,2.673918,0.0,0.0
41899,-13.348882,-5.227802,0.003906,24.730818,-7.682169,-0.003906,3.104774,2.673918,0.0,0.0
41919,-13.40027,-6.185006,0.0,24.669842,-6.234093,0.0,3.104774,2.673918,0.0,0.0
41921,-13.457986,-6.258636,-0.007812,24.612127,-6.332268,0.003906,3.104774,2.673918,0.0,0.0
41931,-13.505923,-3.828813,-0.007812,24.549618,-6.528617,0.0,3.104774,2.673918,0.0,0.0
41950,-13.545614,-4.589667,0.0,24.490942,-5.54687,0.0,3.104774,2.673918,0.0,0.0
41952,-13.589525,-5.105084,0.003906,24.444731,-3.926988,-0.003906,3.104774,2.673918,0.0,0.0
41954,-13.637845,-5.325977,0.0,24.403889,-4.147881,0.0,3.104774,2.673918,0.0,0.0
41972,-13.682906,-4.786016,0.003906,24.36899,-3.092503,0.0,3.104774,2.673918,0.0,0.0
41974,-13.731226,-6.037744,0.003906,24.340996,-2.503455,-0.003906,3.104774,2.673918,0.0,0.0
41993,-13.783381,-5.890481,0.0,24.318369,-2.012581,0.003906,3.104774,2.673918,0.0,0.0
41995,-13.826141,-5.055996,-0.007812,24.297468,-2.503455,0.003906,3.104774,2.673918,0.0,0.0
42014,-13.863149,-3.828813,0.0,24.269665,-2.994328,0.0,3.104774,2.673918,0.0,0.0
42016,-13.893252,-4.34423,0.003906,24.24493,-3.215221,0.0,3.104774,2.673918,0.0,0.0
42018,-13.936972,-5.915025,0.003906,24.214443,-3.239765,0.0,3.104774,2.673918,0.0,0.0
42023,-13.989702,-6.454986,0.0,24.185871,-2.67526,0.0,3.104774,2.673918,0.0,0.0
42046,-14.034762,-4.736929,-0.007812,24.162479,-1.889863,0.0,3.104774,2.673918,0.0,0.0
42047,-14.07177,-4.025162,-0.011719,24.148674,-0.73631,0.0,3.104774,2.673918,0.0,0.0
42054,-14.102066,-3.460658,0.0,24.141195,-0.785398,0.007812,3.104774,2.673918,0.0,0.0
42075,-14.12661,-2.773435,0.0,24.129498,-1.423533,0.007812,3.104774,2.673918,0.0,0.0
42076,-14.147318,-2.258018,0.0,24.117418,-1.791688,0.003906,3.104774,2.673918,0.0,0.0
42085,-14.162466,-1.448077,0.0,24.100353,-2.110756,0.0,3.104774,2.673918,0.0,0.0
42087,-14.172437,-1.104465,0.0,24.079453,-2.601629,0.003906,3.104774,2.673918,0.0,0.0
42109,-14.180682,-1.276271,0.0,24.050882,-3.215221,-0.003906,3.104774,2.673918,0.0,0.0
42112,-14.189886,-0.834485,-0.003906,24.017134,-3.534289,0.0,3.104774,2.673918,0.0,0.0
42120,-14.198515,-1.153553,-0.003906,23.984154,-3.534289,0.003906,3.104774,2.673918,0.0,0.0
42138,-14.212704,-1.718057,0.0,23.950598,-3.411571,-0.003906,3.104774,2.673918,0.0,0.0
42141,-14.233988,-2.601629,0.003906,23.914932,-3.804269,0.0,3.104774,2.673918,0.0,0.0
42147,-14.263901,-3.509745,0.0,23.877733,-3.755182,-0.003906,3.104774,2.673918,0.0,0.0
42150,-14.300525,-4.049706,0.0,23.849546,-2.331649,-0.007812,3.104774,2.673918,0.0,0.0
42172,-14.335423,-3.853357,-0.003906,23.833248,-1.325358,0.0,3.104774,2.673918,0.0,0.0
42174,-14.353639,-1.300815,-0.007812,23.829031,0.147262,-0.007812,3.104774,2.673918,0.0,0.0
42180,-14.358432,-0.490873,-0.007812,23.831905,0.098175,0.0,3.104774,2.673918,0.0,0.0
42200,-14.357857,0.171806,0.0,23.831905,-0.073631,0.0,3.104774,2.673918,0.0,0.0
42203,-14.359391,-0.245437,0.0,23.832291,0.589048,0.0,3.104774,2.673918,0.0,0.0
42214,-14.362843,-0.883572,0.0,23.832098,0.26998,0.0,3.104774,2.673918,0.0,0.0
42215,-14.369745,-1.227184,0.003906,23.831905,-0.147262,0.0,3.104774,2.673918,0.0,0.0
42233,-14.382209,-1.963494,0.0,23.831715,0.0,0.0,3.104774,2.673918,0.0,0.0
42236,-14.397549,-2.40528,0.0,23.831522,0.098175,0.0,3.104774,2.673918,0.0,0.0
42243,-14.419791,-2.945241,0.0,23.831522,0.220893,0.0,3.104774,2.673918,0.0,0.0
42264,-14.443952,-2.454367,0.0,23.831715,0.245437,0.0,3.104774,2.673918,0.0,0.0
42266,-14.469454,-2.67526,0.0,23.831905,0.490873,0.0,3.104774,2.673918,0.0,0.0
42283,-14.495724,-3.166134,0.0,23.831905,0.245437,0.0,3.104774,2.673918,0.0,0.0
42286,-14.517775,-2.20893,-0.003906,23.831905,-0.220893,-0.003906,3.104774,2.673918,0.0,0.0
42288,-14.53484,-1.66897,-0.003906,23.832481,0.245437,0.0,3.104774,2.673918,0.0,0.0
42307,-14.546536,-1.546251,0.0,23.832481,-0.122718,0.0,3.104774,2.673918,0.0,0.0
42309,-14.561493,-2.40528,0.003906,23.832674,0.098175,0.0,3.104774,2.673918,0.0,0.0
42324,-14.580284,-2.699804,0.0,23.832674,-0.073631,0.0,3.104774,2.673918,0.0,0.0
42327,-14.602718,-2.847066,0.003906,23.833057,0.687223,0.0,3.104774,2.673918,0.0,0.0
42336,-14.621701,-2.061668,0.0,23.832865,0.147262,0.0,3.104774,2.673918,0.0,0.0
42338,-14.641259,-1.914407,0.0,23.832865,-0.049087,0.0,3.104774,2.673918,0.0,0.0
42357,-14.657367,-2.184387,0.0,23.832865,-0.245437,0.0,3.104774,2.673918,0.0,0.0
42359,-14.667337,-1.055378,0.0,23.833248,0.024544,0.0,3.104774,2.673918,0.0,0.0
42368,-14.673857,-0.883572,0.0,23.833441,0.368155,-0.003906,3.104774,2.673918,0.0,0.0
42388,-14.680184,-0.319068,-0.003906,23.833632,0.662679,0.003906,3.104774,2.673918,0.0,0.0
42390,-14.683252,-0.319068,-0.003906,23.833441,0.196349,0.0,3.104774,2.673918,0.0,0.0
42397,-14.684211,-0.638135,0.003906,23.833441,0.220893,0.0,3.104774,2.673918,0.0,0.0
42399,-14.686895,-0.957203,0.003906,23.833632,0.46633,0.0,3.104774,2.673918,0.0,0.0
42420,-14.69073,-0.883572,-0.003906,23.833441,0.171806,0.0,3.104774,2.673918,0.0,0.0
42422,-14.697441,-1.104465,0.0,23.833632,0.539961,0.003906,3.104774,2.673918,0.0,0.0
42430,-14.707029,-1.325358,0.0,23.833441,-0.098175,0.0,3.104774,2.673918,0.0,0.0
42450,-14.714507,-0.834485,-0.003906,23.833824,0.319068,-0.003906,3.104774,2.673918,0.0,0.0
42452,-14.722369,-1.030834,0.0,23.834398,0.319068,0.0,3.104774,2.673918,0.0,0.0
42454,-14.738284,-2.380736,0.0,23.834782,0.220893,0.0,3.104774,2.673918,0.0,0.0
42461,-14.762444,-3.117046,0.007812,23.834974,0.245437,0.0,3.104774,2.673918,0.0,0.0
42483,-14.796383,-4.712385,0.007812,23.83555,0.343611,0.003906,3.104774,2.673918,0.0,0.0
42485,-14.840869,-5.399608,0.003906,23.8367,0.245437,0.0,3.104774,2.673918,0.0,0.0
42493,-14.887655,-5.350521,-0.003906,23.836891,-0.073631,0.0,3.104774,2.673918,0.0,0.0
42514,-14.929456,-5.252346,0.0,23.837467,0.46633,0.0,3.104774,2.673918,0.0,0.0
42516,-14.969914,-5.522326,-0.003906,23.837658,0.171806,0.0,3.104774,2.673918,0.0,0.0
42518,-15.017468,-5.767763,0.0,23.838234,-0.024544,0.003906,3.104774,2.673918,0.0,0.0
42524,-15.058119,-4.098794,0.0,23.838427,0.245437,0.0,3.104774,2.673918,0.0,0.0
42545,-15.086689,-3.166134,0.003906,23.839384,0.073631,0.0,3.104774,2.673918,0.0,0.0
42547,-15.117944,-4.000618,0.003906,23.842453,0.687223,0.0,3.104774,2.673918,0.0,0.0
42559,-15.154376,-4.246056,0.0,23.848396,1.398989,0.0,3.104774,2.673918,0.0,0.0
42586,-15.1933,-4.270599,-0.003906,23.860668,1.693513,0.0,3.104774,2.673918,0.0,0.0
42589,-15.220145,-1.963494,-0.011719,23.874857,1.914407,0.0,3.104774,2.673918,0.0,0.0
42591,-15.226665,-0.147262,-0.007812,23.890772,1.693513,0.0,3.104774,2.673918,0.0,0.0
42592,-15.220337,0.490873,-0.003906,23.901127,1.325358,0.0,3.104774,2.673918,0.0,0.0
42607,-15.213051,0.883572,0.0,23.910332,1.006291,0.003906,3.104774,2.673918,0.0,0.0
42609,-15.204805,0.687223,0.0,23.917809,0.957203,0.0,3.104774,2.673918,0.0,0.0
42618,-15.203655,-0.392699,0.0,23.925287,1.448077,-0.003906,3.104774,2.673918,0.0,0.0
42641,-15.203847,-0.171806,0.0,23.940243,1.791688,0.0,3.104774,2.673918,0.0,0.0
42644,-15.202696,0.245437,-0.003906,23.958651,2.331649,0.0,3.104774,2.673918,0.0,0.0
42648,-15.201162,-0.049087,0.0,23.980701,2.896153,0.0,3.104774,2.673918,0.0,0.0
42650,-15.200011,0.220893,0.0,24.003904,3.362483,-0.007812,3.104774,2.673918,0.0,0.0
42671,-15.195218,0.711766,-0.003906,24.031515,3.313396,-0.003906,3.104774,2.673918,0.0,0.0
42672,-15.174126,2.822522,-0.007812,24.056252,2.724348,-0.003906,3.104774,2.673918,0.0,0.0
42680,-15.145939,3.190677,0.0,24.07715,2.356193,-0.003906,3.104774,2.673918,0.0,0.0
42700,-15.119094,2.773435,0.0,24.09997,2.67526,-0.003906,3.104774,2.673918,0.0,0.0
42702,-15.086689,3.951531,-0.007812,24.13199,3.951531,0.0,3.104774,2.673918,0.0,0.0
42704,-15.040861,5.841394,-0.007812,24.173985,5.203259,-0.007812,3.104774,2.673918,0.0,0.0
42711,-14.983146,6.111374,0.0,24.220963,5.571414,0.0,3.104774,2.673918,0.0,0.0
42731,-14.934825,6.0132,0.0,24.258352,4.393317,0.003906,3.104774,2.673918,0.0,0.0
42733,-14.87826,5.988656,0.0,24.287882,2.822522,0.003906,3.104774,2.673918,0.0,0.0
42742,-14.820735,5.694132,0.003906,24.30744,2.20893,0.003906,3.104774,2.673918,0.0,0.0
42764,-14.775867,4.614211,0.0,24.320095,1.448077,0.003906,3.104774,2.673918,0.0,0.0
42766,-14.738284,4.835104,-0.007812,24.329491,1.300815,0.0,3.104774,2.673918,0.0,0.0
42768,-14.686129,6.602248,-0.003906,24.340996,1.300815,0.003906,3.104774,2.673918,0.0,0.0
42773,-14.627837,6.086831,0.007812,24.353268,1.767144,0.0,3.104774,2.673918,0.0,0.0
42797,-14.579325,4.933278,0.007812,24.367266,1.153553,0.0,3.104774,2.673918,0.0,0.0
42799,-14.541934,4.049706,-0.003906,24.378578,1.718057,0.0,3.104774,2.673918,0.0,0.0
42804,-14.503585,4.319686,-0.003906,24.390274,1.129009,0.003906,3.104774,2.673918,0.0,0.0
42825,-14.473864,3.043416,0.0,24.398903,1.178096,0.0,3.104774,2.673918,0.0,0.0
42828,-14.448936,2.331649,0.0,24.410601,1.300815,0.0,3.104774,2.673918,0.0,0.0
42830,-14.427462,2.307105,0.0,24.414818,0.368155,0.0,3.104774,2.673918,0.0,0.0
42836,-14.405986,2.20893,0.0,24.413094,-0.220893,0.0,3.104774,2.673918,0.0,0.0
42856,-14.384702,2.552542,0.0,24.413094,-0.196349,0.0,3.104774,2.673918,0.0,0.0
42858,-14.361116,3.387027,-0.003906,24.413284,0.0,0.0,3.104774,2.673918,0.0,0.0
42867,-14.325835,3.976075,0.003906,24.413284,0.26998,0.0,3.104774,2.673918,0.0,0.0
42870,-14.296114,2.258018,0.003906,24.413284,0.441786,0.0,3.104774,2.673918,0.0,0.0
42892,-14.280966,1.006291,0.007812,24.413284,0.343611,0.0,3.104774,2.673918,0.0,0.0
42894,-14.282117,-0.73631,0.003906,24.413284,0.392699,0.0,3.104774,2.673918,0.0,0.0
42898,-14.284609,-0.26998,0.0,24.413284,0.343611,0.0,3.104774,2.673918,0.0,0.0
42919,-14.282309,0.343611,0.0,24.413094,-0.024544,0.0,3.104774,2.673918,0.0,0.0
42921,-14.2825,-0.049087,0.0,24.413668,0.343611,0.003906,3.104774,2.673918,0.0,0.0
42929,-14.281925,0.171806,0.003906,24.414244,0.196349,0.0,3.104774,2.673918,0.0,0.0
42932,-14.281925,0.0,0.0,24.41501,0.441786,0.003906,3.104774,2.673918,0.0,0.0
42951,-14.281349,0.26998,0.0,24.415585,0.024544,0.0,3.104774,2.673918,0.0,0.0
42953,-14.281157,-0.539961,0.0,24.417503,0.515417,0.0,3.104774,2.673918,0.0,0.0
42960,-14.279816,0.122718,0.003906,24.42153,0.93266,-0.003906,3.104774,2.673918,0.0,0.0
42982,-14.278474,0.049087,-0.003906,24.431885,1.840775,-0.007812,3.104774,2.673918,0.0,0.0
42984,-14.275213,0.220893,-0.003906,24.44569,1.914407,0.0,3.104774,2.673918,0.0,0.0
42986,-14.268119,1.006291,0.0,24.466398,3.190677,0.0,3.104774,2.673918,0.0,0.0
42993,-14.255464,1.398989,-0.003906,24.489983,2.454367,0.0,3.104774,2.673918,0.0,0.0
43015,-14.243575,1.546251,0.0,24.513569,3.485202,0.0,3.104774,2.673918,0.0,0.0
43018,-14.227085,1.546251,0.0,24.539263,2.601629,0.0,3.104774,2.673918,0.0,0.0
43022,-14.208102,2.40528,-0.003906,24.55863,2.159843,0.0,3.104774,2.673918,0.0,0.0
43044,-14.180682,3.534289,-0.003906,24.572243,1.693513,-0.003906,3.104774,2.673918,0.0,0.0
43046,-14.145976,3.632463,0.0,24.584515,1.129009,0.003906,3.104774,2.673918,0.0,0.0
43048,-14.113955,3.215221,0.0,24.590076,0.539961,0.0,3.104774,2.673918,0.0,0.0
43055,-14.088835,2.797979,0.003906,24.5895,-0.294524,0.007812,3.104774,2.673918,0.0,0.0
43077,-14.059881,2.969784,0.003906,24.589308,-0.073631,-0.003906,3.104774,2.673918,0.0,0.0
43079,-14.028243,3.657007,0.0,24.589693,0.294524,0.003906,3.104774,2.673918,0.0,0.0
43086,-13.987976,4.786016,0.0,24.590076,0.46633,0.0,3.104774,2.673918,0.0,0.0
43105,-13.950394,3.558833,0.003906,24.590267,-0.220893,0.0,3.104774,2.673918,0.0,0.0
43109,-13.926425,2.282562,0.007812,24.591034,0.294524,0.0,3.104774,2.673918,0.0,0.0
43110,-13.902841,2.67526,0.0,24.591993,0.490873,-0.003906,3.104774,2.673918,0.0,0.0
43117,-13.876762,2.847066,0.0,24.595253,0.981747,-0.003906,3.104774,2.673918,0.0,0.0
43138,-13.84359,4.025162,0.0,24.604265,1.570795,0.0,3.104774,2.673918,0.0,0.0
43141,-13.801023,4.761473,0.0,24.619797,1.865319,-0.003906,3.104774,2.673918,0.0,0.0
43148,-13.760947,4.246056,0.007812,24.642424,2.626173,-0.003906,3.104774,2.673918,0.0,0.0
43170,-13.734294,3.117046,0.007812,24.664665,2.773435,0.0,3.104774,2.673918,0.0,0.0
43172,-13.714161,1.20264,0.011719,24.686525,2.67526,0.003906,3.104774,2.673918,0.0,0.0
43174,-13.705915,-0.073631,0.003906,24.705317,2.258018,0.0,3.104774,2.673918,0.0,0.0
43181,-13.708792,-0.539961,0.0,24.719313,1.276271,0.0,3.104774,2.673918,0.0,0.0
43201,-13.710901,-0.147262,0.0,24.725832,1.104465,0.003906,3.104774,2.673918,0.0,0.0
43202,-13.711668,0.294524,0.0,24.730434,0.515417,0.0,3.104774,2.673918,0.0,0.0
43210,-13.71186,-0.147262,0.003906,24.734653,0.687223,0.0,3.104774,2.673918,0.0,0.0
43211,-13.71186,-0.245437,0.0,24.737337,0.245437,0.0,3.104774,2.673918,0.0,0.0
43233,-13.71301,-0.638135,0.0,24.740406,0.441786,0.0,3.104774,2.673918,0.0,0.0
43236,-13.715503,-0.490873,0.0,24.746542,1.006291,0.0,3.104774,2.673918,0.0,0.0
43253,-13.717421,-0.171806,0.0,24.760155,1.619882,0.003906,3.104774,2.673918,0.0,0.0
43255,-13.717804,-0.049087,0.0,24.772043,1.227184,0.0,3.104774,2.673918,0.0,0.0
43274,-13.718954,-0.46633,0.003906,24.782782,1.20264,0.0,3.104774,2.673918,0.0,0.0
43276,-13.722022,-0.343611,0.0,24.794863,1.497164,0.0,3.104774,2.673918,0.0,0.0
43278,-13.729501,-1.325358,0.003906,24.811352,2.110756,0.0,3.104774,2.673918,0.0,0.0
43316,-13.743114,-1.570795,0.0,24.83091,2.159843,0.0,3.104774,2.673918,0.0,0.0
43318,-13.759604,-2.380736,0.0,24.85066,2.601629,0.0,3.104774,2.673918,0.0,0.0
43320,-13.779738,-2.454367,0.0,24.872328,2.748891,-0.003906,3.104774,2.673918,0.0,0.0
43321,-13.79968,-1.791688,0.0,24.894571,2.478911,0.0,3.104774,2.673918,0.0,0.0
43336,-13.812911,-1.276271,0.0,24.913553,2.67526,0.0,3.104774,2.673918,0.0,0.0
43337,-13.819239,-0.441786,-0.007812,24.93618,2.258018,0.0,3.104774,2.673918,0.0,0.0
43340,-13.818279,0.0,0.0,24.958805,2.454367,0.0,3.104774,2.673918,0.0,0.0
43358,-13.818471,-0.196349,0.0,24.980089,2.67526,0.0,3.104774,2.673918,0.0,0.0
43359,-13.818471,-0.171806,0.0,25.000799,2.454367,-0.003906,3.104774,2.673918,0.0,0.0
43368,-13.818471,0.0,0.0,25.018248,1.521708,0.003906,3.104774,2.673918,0.0,0.0
43386,-13.818663,-0.245437,0.0,25.033396,2.135299,0.0,3.104774,2.673918,0.0,0.0
43390,-13.818663,-0.196349,0.0,25.046244,1.718057,0.0,3.104774,2.673918,0.0,0.0
43395,-13.818854,-0.122718,0.0,25.061199,1.448077,0.0,3.104774,2.673918,0.0,0.0
43405,-13.819239,-0.26998,0.0,25.068678,0.785398,0.0,3.104774,2.673918,0.0,0.0
43419,-13.820005,-0.319068,0.0,25.068102,-0.024544,0.0,3.104774,2.673918,0.0,0.0
43421,-13.821539,-0.564505,0.0,25.066376,-0.122718,0.0,3.104774,2.673918,0.0,0.0
43430,-13.826333,-1.153553,0.0,25.066568,0.220893,0.0,3.104774,2.673918,0.0,0.0
43450,-13.835729,-1.20264,0.0,25.066376,0.441786,0.0,3.104774,2.673918,0.0,0.0
43452,-13.846849,-1.178096,0.0,25.066568,0.245437,0.0,3.104774,2.673918,0.0,0.0
43454,-13.859121,-1.963494,0.003906,25.066568,0.368155,0.0,3.104774,2.673918,0.0,0.0
43462,-13.882707,-3.460658,0.007812,25.066376,-0.024544,0.0,3.104774,2.673918,0.0,0.0
43483,-13.919139,-5.375064,0.007812,25.066568,0.220893,0.003906,3.104774,2.673918,0.0,0.0
43485,-13.967267,-6.111374,0.003906,25.066568,0.245437,0.0,3.104774,2.673918,0.0,0.0
43492,-14.01693,-5.006909,-0.003906,25.066568,0.196349,-0.003906,3.104774,2.673918,0.0,0.0
43514,-14.058731,-5.105084,-0.007812,25.066759,0.441786,0.0,3.104774,2.673918,0.0,0.0
43516,-14.097655,-4.07425,-0.007812,25.067142,0.392699,0.0,3.104774,2.673918,0.0,0.0
43518,-14.133512,-4.172424,0.0,25.069445,0.589048,0.0,3.104774,2.673918,0.0,0.0
43525,-14.163041,-3.215221,-0.007812,25.078264,1.276271,0.0,3.104774,2.673918,0.0,0.0
43545,-14.181066,-1.619882,-0.003906,25.093412,1.889863,0.0,3.104774,2.673918,0.0,0.0
43547,-14.188352,0.122718,-0.011719,25.10952,1.570795,0.0,3.104774,2.673918,0.0,0.0
43554,-14.18701,-0.171806,-0.003906,25.115273,0.539961,0.003906,3.104774,2.673918,0.0,0.0
43575,-14.187201,-0.098175,0.0,25.11297,-0.098175,0.0,3.104774,2.673918,0.0,0.0
43577,-14.187201,-0.220893,0.0,25.113163,-0.049087,0.0,3.104774,2.673918,0.0,0.0
43579,-14.187201,-0.245437,0.003906,25.113354,0.441786,0.0,3.104774,2.673918,0.0,0.0
43589,-14.186818,0.0,0.0,25.113163,0.0,0.0,3.104774,2.673918,0.0,0.0
43607,-14.186626,0.122718,0.0,25.113163,0.073631,0.003906,3.104774,2.673918,0.0,0.0
43609,-14.186818,-0.245437,0.0,25.113737,0.515417,0.0,3.104774,2.673918,0.0,0.0
43618,-14.186626,-0.049087,0.0,25.11393,0.098175,0.0,3.104774,2.673918,0.0,0.0
43636,-14.186626,-0.245437,0.0,25.114313,-0.049087,0.0,3.104774,2.673918,0.0,0.0
43638,-14.186243,-0.122718,0.0,25.114889,0.26998,0.0,3.104774,2.673918,0.0,0.0
43640,-14.186051,-0.171806,-0.003906,25.115656,0.93266,0.0,3.104774,2.673918,0.0,0.0
43651,-14.18586,0.024544,0.0,25.116039,-0.073631,0.0,3.104774,2.673918,0.0,0.0
43669,-14.18586,0.024544,0.0,25.116613,0.0,0.0,3.104774,2.673918,0.0,0.0
43671,-14.186051,-0.515417,0.0,25.117956,0.245437,0.0,3.104774,2.673918,0.0,0.0
43680,-14.185668,0.147262,0.0,25.11949,0.46633,-0.003906,3.104774,2.673918,0.0,0.0
43700,-14.18586,-0.122718,0.0,25.121792,1.030834,0.0,3.104774,2.673918,0.0,0.0
43702,-14.186051,-0.539961,0.0,25.124859,0.564505,0.0,3.104774,2.673918,0.0,0.0
43704,-14.186051,-0.441786,0.0,25.129461,0.908116,0.0,3.104774,2.673918,0.0,0.0
43723,-14.186051,0.0,0.0,25.132914,0.319068,0.0,3.104774,2.673918,0.0,0.0
43733,-14.186051,-0.417242,0.003906,25.134254,0.245437,0.003906,3.104774,2.673918,0.0,0.0
43735,-14.186051,-0.319068,0.0,25.135021,-0.073631,0.0,3.104774,2.673918,0.0,0.0
43742,-14.186051,-0.245437,0.0,25.135788,-0.319068,0.0,3.104774,2.673918,0.0,0.0
43762,-14.186051,-0.196349,0.0,25.136173,-0.245437,0.0,3.104774,2.673918,0.0,0.0
43765,-14.186051,-0.245437,0.0,25.136557,0.098175,-0.003906,3.104774,2.673918,0.0,0.0
43766,-14.186051,-0.220893,0.0,25.13694,0.245437,0.0,3.104774,2.673918,0.0,0.0
43775,-14.18586,0.122718,0.0,25.137131,0.392699,0.0,3.104774,2.673918,0.0,0.0
43794,-14.186051,-0.245437,0.003906,25.137323,0.564505,0.0,3.104774,2.673918,0.0,0.0
43797,-14.18586,0.122718,0.003906,25.13694,-0.245437,0.0,3.104774,2.673918,0.0,0.0
43804,-14.18586,0.098175,0.0,25.137323,0.441786,0.0,3.104774,2.673918,0.0,0.0
43836,-14.186051,-0.26998,-0.003906,25.137323,0.417242,0.0,3.104774,2.673918,0.0,0.0
43838,-14.18586,-0.245437,0.0,25.137131,0.343611,0.0,3.104774,2.673918,0.0,0.0
43840,-14.18586,0.073631,0.0,25.137131,0.319068,0.0,3.104774,2.673918,0.0,0.0
43842,-14.18586,0.098175,0.0,25.13694,0.049087,0.0,3.104774,2.673918,0.0,0.0
43857,-14.186051,-0.220893,-0.003906,25.136747,-0.122718,0.0,3.104774,2.673918,0.0,0.0
43858,-14.186051,-0.26998,-0.003906,25.136747,0.0,0.003906,3.104774,2.673918,0.0,0.0
43876,-14.186051,-0.245437,0.0,25.136557,0.147262,0.0,3.104774,2.673918,0.0,0.0
43877,-14.186051,-0.245437,-0.003906,25.136747,0.392699,0.003906,3.104774,2.673918,0.0,0.0
43902,-14.18586,0.147262,-0.003906,25.136557,0.294524,0.0,3.104774,2.673918,0.0,0.0
43904,-14.186051,-0.245437,0.0,25.136364,0.147262,0.0,3.104774,2.673918,0.0,0.0
43906,-14.186051,-0.245437,0.0,25.136364,0.368155,0.003906,3.104774,2.673918,0.0,0.0
43918,-14.186051,-0.245437,0.0,25.135981,-0.122718,0.0,3.104774,2.673918,0.0,0.0
43921,-14.186051,-0.245437,0.0,25.135788,-0.147262,-0.003906,3.104774,2.673918,0.0,0.0
43928,-14.18586,0.122718,-0.003906,25.135597,-0.220893,0.0,3.104774,2.673918,0.0,0.0
43930,-14.186051,-0.245437,0.0,25.135597,0.171806,0.0,3.104774,2.673918,0.0,0.0
43952,-14.18586,0.122718,0.0,25.135597,0.245437,-0.003906,3.104774,2.673918,0.0,0.0
43953,-14.186051,-0.245437,0.003906,25.135405,0.147262,0.0,3.104774,2.673918,0.0,0.0
43961,-14.18586,0.098175,0.0,25.135405,0.26998,0.0,3.104774,2.673918,0.0,0.0
43983,-14.186051,-0.122718,0.0,25.135405,0.343611,-0.003906,3.104774,2.673918,0.0,0.0
43985,-14.186051,0.0,0.0,25.135214,0.0,0.003906,3.104774,2.673918,0.0,0.0
43992,-14.18586,0.319068,-0.003906,25.135405,-0.049087,0.0,3.104774,2.673918,0.0,0.0
43994,-14.186051,0.0,0.0,25.135405,0.245437,0.0,3.104774,2.673918,0.0,0.0
44013,-14.186051,-0.073631,-0.003906,25.135405,0.294524,0.0,3.104774,2.673918,0.0,0.0
44015,-14.186051,0.0,0.0,25.135405,0.245437,0.0,3.104774,2.673918,0.0,0.0
44024,-14.186051,0.0,0.0,25.135597,0.441786,-0.003906,3.104774,2.673918,0.0,0.0
44045,-14.186051,0.0,0.0,25.135597,0.294524,0.0,3.104774,2.673918,0.0,0.0
44047,-14.186051,-0.024544,0.0,25.135597,0.245437,0.0,3.104774,2.673918,0.0,0.0
44053,-14.186243,-0.294524,0.0,25.135597,-0.122718,0.0,3.104774,2.673918,0.0,0.0
44056,-14.186435,-0.711766,0.0,25.135788,-0.171806,-0.003906,3.104774,2.673918,0.0,0.0
44087,-14.186051,0.0,0.0,25.136173,0.26998,-0.003906,3.104774,2.673918,0.0,0.0
44089,-14.186051,0.0,0.0,25.136173,0.049087,0.0,3.104774,2.673918,0.0,0.0
44092,-14.186243,-0.368155,0.0,25.136364,0.26998,0.0,3.104774,2.673918,0.0,0.0
44106,-14.186051,0.0,0.0,25.136557,0.490873,0.0,3.104774,2.673918,0.0,0.0
44109,-14.186051,0.0,0.0,25.136364,0.098175,-0.003906,3.104774,2.673918,0.0,0.0
44110,-14.186243,-0.368155,0.003906,25.136364,0.0,0.0,3.104774,2.673918,0.0,0.0
44128,-14.186435,-0.687223,-0.003906,25.136557,0.368155,0.0,3.104774,2.673918,0.0,0.0
44130,-14.186051,0.0,0.003906,25.136557,0.294524,0.0,3.104774,2.673918,0.0,0.0
44151,-14.186051,-0.368155,0.0,25.136364,0.0,0.003906,3.104774,2.673918,0.0,0.0
44152,-14.186051,0.049087,0.0,25.136557,0.245437,0.0,3.104774,2.673918,0.0,0.0
44168,-14.186051,0.0,0.0,25.136557,0.319068,0.0,3.104774,2.673918,0.0,0.0
44170,-14.186243,-0.294524,0.003906,25.136557,0.024544,0.0,3.104774,2.673918,0.0,0.0
44172,-14.186243,-0.245437,0.003906,25.136747,0.26998,-0.003906,3.104774,2.673918,0.0,0.0
44181,-14.186051,0.122718,0.0,25.136747,0.171806,0.0,3.104774,2.673918,0.0,0.0
44205,-14.186243,-0.171806,-0.003906,25.136557,-0.319068,-0.003906,3.104774,2.673918,0.0,0.0
44207,-14.186051,0.171806,0.0,25.13694,0.441786,0.0,3.104774,2.673918,0.0,0.0
44211,-14.186243,-0.245437,0.0,25.136747,0.098175,0.0,3.104774,2.673918,0.0,0.0
44232,-14.186243,-0.245437,-0.003906,25.136747,0.098175,-0.003906,3.104774,2.673918,0.0,0.0
44234,-14.186243,-0.196349,-0.003906,25.136747,0.245437,0.0,3.104774,2.673918,0.0,0.0
44236,-14.186243,-0.245437,0.003906,25.136747,0.26998,-0.003906,3.104774,2.673918,0.0,0.0
44243,-14.186243,-0.147262,0.0,25.136747,0.245437,0.0,3.104774,2.673918,0.0,0.0
44263,-14.186243,-0.319068,0.003906,25.136557,-0.049087,0.0,3.104774,2.673918,0.0,0.0
44265,-14.186243,-0.319068,0.0,25.136557,0.0,0.0,3.104774,2.673918,0.0,0.0
44274,-14.186243,-0.245437,0.0,25.136747,0.343611,0.0,3.104774,2.673918,0.0,0.0
44292,-14.186243,-0.26998,0.0,25.136557,0.049087,0.0,3.104774,2.673918,0.0,0.0
44293,-14.186243,-0.368155,0.0,25.136557,0.0,0.003906,3.104774,2.673918,0.0,0.0
44296,-14.186243,-0.196349,0.0,25.136557,0.122718,0.0,3.104774,2.673918,0.0,0.0
44307,-14.186051,0.0,0.0,25.136557,0.245437,0.0,3.104774,2.673918,0.0,0.0
44325,-14.186051,-0.343611,0.0,25.136557,0.26998,0.0,3.104774,2.673918,0.0,0.0
44326,-14.186051,0.0,0.0,25.136364,-0.122718,-0.003906,3.104774,2.673918,0.0,0.0
44336,-14.186051,0.0,0.0,25.136557,0.245437,0.0,3.104774,2.673918,0.0,0.0
44355,-14.186243,0.0,0.003906,25.136364,0.0,0.0,3.104774,2.673918,0.0,0.0
44358,-14.186051,0.0,0.0,25.136364,-0.26998,0.0,3.104774,2.673918,0.0,0.0
44360,-14.186051,-0.024544,0.0,25.136364,0.196349,0.0,3.104774,2.673918,0.0,0.0
44369,-14.186051,0.0,0.0,25.136364,0.319068,0.0,3.104774,2.673918,0.0,0.0
44387,-14.186051,0.0,0.0,25.136364,0.368155,0.0,3.104774,2.673918,0.0,0.0
44389,-14.186051,-0.024544,0.0,25.136173,0.0,0.0,3.104774,2.673918,0.0,0.0
44400,-14.186051,-0.073631,0.0,25.136173,0.26998,-0.003906,3.104774,2.673918,0.0,0.0
44417,-14.186051,0.0,-0.003906,25.135981,0.147262,0.0,3.104774,2.673918,0.0,0.0
44420,-14.186051,-0.024544,0.003906,25.135788,0.024544,0.0,3.104774,2.673918,0.0,0.0
44422,-14.186051,0.0,0.003906,25.135597,0.0,-0.003906,3.104774,2.673918,0.0,0.0
44428,-14.186051,-0.098175,0.0,25.135597,0.122718,0.0,3.104774,2.673918,0.0,0.0
44450,-14.186051,-0.098175,-0.003906,25.135405,-0.049087,0.003906,3.104774,2.673918,0.0,0.0
44453,-14.186051,-0.098175,0.0,25.135597,0.392699,0.0,3.104774,2.673918,0.0,0.0
44460,-14.186051,-0.147262,-0.003906,25.135597,0.368155,0.0,3.104774,2.673918,0.0,0.0
44481,-14.186051,-0.024544,0.0,25.135597,0.539961,0.0,3.104774,2.673918,0.0,0.0
44484,-14.186243,-0.392699,-0.003906,25.135597,0.417242,0.0,3.104774,2.673918,0.0,0.0
44485,-14.186051,-0.024544,0.0,25.135597,0.490873,0.0,3.104774,2.673918,0.0,0.0
44493,-14.186051,0.0,0.0,25.135405,0.245437,0.0,3.104774,2.673918,0.0,0.0
44513,-14.186051,0.049087,0.0,25.135214,-0.122718,0.0,3.104774,2.673918,0.0,0.0
44514,-14.186243,-0.368155,0.0,25.135214,0.0,0.0,3.104774,2.673918,0.0,0.0
44524,-14.186051,-0.024544,0.0,25.135214,-0.049087,0.003906,3.104774,2.673918,0.0,0.0
44526,-14.186051,0.0,0.0,25.135214,-0.024544,0.0,3.104774,2.673918,0.0,0.0
44544,-14.186051,0.122718,-0.003906,25.135405,0.392699,0.0,3.104774,2.673918,0.0,0.0
44546,-14.186051,0.122718,0.0,25.135214,0.0,0.0,3.104774,2.673918,0.0,0.0
44556,-14.186051,0.0,0.003906,25.135214,0.073631,0.0,3.104774,2.673918,0.0,0.0
44574,-14.186243,-0.319068,0.0,25.135214,0.024544,0.0,3.104774,2.673918,0.0,0.0
44576,-14.186051,0.049087,0.0,25.135214,0.024544,0.0,3.104774,2.673918,0.0,0.0
44585,-14.186243,-0.368155,0.0,25.135214,0.098175,0.0,3.104774,2.673918,0.0,0.0
44587,-14.186051,0.0,0.003906,25.135214,0.171806,0.0,3.104774,2.673918,0.0,0.0
44607,-14.186051,0.0,0.0,25.135214,0.245437,0.003906,3.104774,2.673918,0.0,0.0
44609,-14.186051,0.098175,0.0,25.135021,-0.098175,-0.003906,3.104774,2.673918,0.0,0.0
44618,-14.186243,-0.343611,0.0,25.135021,0.0,0.0,3.104774,2.673918,0.0,0.0
44638,-14.186051,0.0,0.0,25.135021,0.245437,0.0,3.104774,2.673918,0.0,0.0
44640,-14.186051,0.0,0.0,25.135021,0.245437,0.0,3.104774,2.673918,0.0,0.0
44641,-14.186051,0.0,0.0,25.13483,0.0,0.0,3.104774,2.673918,0.0,0.0
44651,-14.186051,0.0,0.0,25.13483,0.171806,0.0,3.104774,2.673918,0.0,0.0
44669,-14.186051,0.0,0.0,25.134447,-0.220893,-0.003906,3.104774,2.673918,0.0,0.0
44670,-14.186051,-0.098175,0.0,25.134447,0.049087,0.0,3.104774,2.673918,0.0,0.0
44701,-14.186051,-0.098175,0.0,25.134254,0.0,0.0,3.104774,2.673918,0.0,0.0
44702,-14.18586,0.343611,0.0,25.134254,0.171806,0.0,3.104774,2.673918,0.0,0.0
44704,-14.186051,-0.171806,0.0,25.134254,0.26998,0.0,3.104774,2.673918,0.0,0.0
44706,-14.186051,0.0,0.0,25.134254,0.343611,0.0,3.104774,2.673918,0.0,0.0
44725,-14.186051,0.0,0.0,25.134064,0.171806,0.0,3.104774,2.673918,0.0,0.0
44727,-14.186051,-0.024544,0.0,25.134064,0.0,0.0,3.104774,2.673918,0.0,0.0
44747,-14.186051,-0.073631,0.003906,25.134064,0.024544,-0.003906,3.104774,2.673918,0.0,0.0
44748,-14.186051,-0.073631,0.0,25.134064,0.171806,0.003906,3.104774,2.673918,0.0,0.0
44762,-14.186051,0.0,0.003906,25.134064,0.073631,0.0,3.104774,2.673918,0.0,0.0
44763,-14.186243,-0.46633,0.0,25.134064,0.073631,0.0,3.104774,2.673918,0.0,0.0
44765,-14.186051,-0.024544,0.0,25.134064,0.098175,0.0,3.104774,2.673918,0.0,0.0
44775,-14.186051,-0.024544,0.0,25.134064,0.196349,0.0,3.104774,2.673918,0.0,0.0
44792,-14.186051,-0.147262,-0.003906,25.133871,-0.319068,0.0,3.104774,2.673918,0.0,0.0
44794,-14.186051,-0.049087,0.0,25.134064,0.147262,0.003906,3.104774,2.673918,0.0,0.0
44804,-14.186051,-0.122718,0.0,25.134064,0.220893,0.0,3.104774,2.673918,0.0,0.0
44828,-14.186051,-0.098175,0.0,25.134064,0.098175,0.0,3.104774,2.673918,0.0,0.0
44830,-14.18586,0.245437,0.0,25.133871,-0.26998,0.0,3.104774,2.673918,0.0,0.0
44831,-14.186051,-0.122718,0.003906,25.134064,0.245437,0.003906,3.104774,2.673918,0.0,0.0
44837,-14.186051,-0.147262,0.0,25.134064,0.26998,0.0,3.104774,2.673918,0.0,0.0
44856,-14.186051,-0.098175,0.0,25.134064,0.147262,0.0,3.104774,2.673918,0.0,0.0
44858,-14.186051,-0.049087,0.003906,25.134064,0.171806,0.0,3.104774,2.673918,0.0,0.0
44868,-14.186051,-0.024544,0.0,25.134064,0.049087,0.0,3.104774,2.673918,0.0,0.0
44886,-14.186051,-0.024544,0.003906,25.133871,-0.319068,0.0,3.104774,2.673918,0.0,0.0
44887,-14.186051,0.0,0.0,25.134254,0.0,0.0,3.104774,2.673918,0.0,0.0
44888,-14.186051,0.0,0.0,25.134064,-0.024544,0.0,3.104774,2.673918,0.0,0.0
44903,-14.186051,-0.024544,0.003906,25.134064,-0.049087,0.0,3.104774,2.673918,0.0,0.0
44921,-14.186051,0.0,0.0,25.134254,0.343611,0.0,3.104774,2.673918,0.0,0.0
44922,-14.186051,-0.024544,-0.003906,25.134064,0.0,0.0,3.104774,2.673918,0.0,0.0
44930,-14.186051,0.0,0.0,25.134064,0.024544,0.0,3.104774,2.673918,0.0,0.0
44932,-14.186051,0.0,0.0,25.134064,0.0,0.0,3.104774,2.673918,0.0,0.0
44951,-14.18586,0.319068,0.0,25.134254,0.392699,0.0,3.104774,2.673918,0.0,0.0
44953,-14.186051,0.0,0.007812,25.134064,-0.122718,0.0,3.104774,2.673918,0.0,0.0
44960,-14.186051,0.0,0.003906,25.134064,0.0,0.0,3.104774,2.673918,0.0,0.0
44983,-14.186051,0.0,0.0,25.134254,0.343611,0.0,3.104774,2.673918,0.0,0.0
44984,-14.186243,-0.368155,0.0,25.134064,0.0,0.0,3.104774,2.673918,0.0,0.0
44992,-14.186051,-0.343611,-0.003906,25.134254,0.392699,-0.003906,3.104774,2.673918,0.0,0.0
44994,-14.186051,0.024544,0.0,25.134254,0.343611,0.0,3.104774,2.673918,0.0,0.0
45015,-14.186051,0.122718,0.003906,25.134064,0.0,0.0,3.104774,2.673918,0.0,0.0
45018,-14.186243,-0.368155,0.0,25.134064,-0.024544,0.0,3.104774,2.673918,0.0,0.0
45025,-14.186051,0.0,-0.003906,25.134254,0.245437,0.003906,3.104774,2.673918,0.0,0.0
45044,-14.186051,0.073631,0.0,25.134064,-0.049087,0.0,3.104774,2.673918,0.0,0.0
45046,-14.186051,0.0,0.0,25.134064,-0.122718,0.0,3.104774,2.673918,0.0,0.0
45054,-14.186051,0.0,0.0,25.134064,-0.098175,0.0,3.104774,2.673918,0.0,0.0
45055,-14.186243,-0.26998,0.0,25.134064,-0.098175,0.0,3.104774,2.673918,0.0,0.0
45075,-14.186435,-0.589048,0.0,25.134064,0.0,0.003906,3.104774,2.673918,0.0,0.0
45077,-14.186051,0.122718,0.0,25.134254,0.392699,0.0,3.104774,2.673918,0.0,0.0
45086,-14.186051,0.073631,0.0,25.134064,0.0,0.0,3.104774,2.673918,0.0,0.0
45106,-14.186051,0.024544,0.0,25.134064,-0.073631,0.0,3.104774,2.673918,0.0,0.0
45108,-14.186051,0.147262,0.0,25.134254,0.294524,0.0,3.104774,2.673918,0.0,0.0
45109,-14.186435,-0.687223,-0.003906,25.134254,0.245437,-0.003906,3.104774,2.673918,0.0,0.0
45119,-14.186051,0.098175,0.0,25.134064,-0.171806,0.0,3.104774,2.673918,0.0,0.0
45151,-14.186243,-0.245437,-0.003906,25.134254,0.171806,0.0,3.104774,2.673918,0.0,0.0
45153,-14.186243,-0.245437,0.0,25.134254,0.196349,0.0,3.104774,2.673918,0.0,0.0
45154,-14.186243,-0.122718,0.0,25.134064,0.196349,0.0,3.104774,2.673918,0.0,0.0
45168,-14.186243,-0.245437,0.003906,25.134638,0.908116,0.0,3.104774,2.673918,0.0,0.0
45170,-14.186243,-0.049087,0.0,25.134447,0.417242,0.0,3.104774,2.673918,0.0,0.0
45171,-14.186435,-0.539961,0.0,25.134447,0.368155,0.003906,3.104774,2.673918,0.0,0.0
45178,-14.186435,-0.589048,0.003906,25.134447,0.245437,0.0,3.104774,2.673918,0.0,0.0
45201,-14.186243,-0.245437,0.0,25.134447,0.319068,0.003906,3.104774,2.673918,0.0,0.0
45203,-14.186435,-0.490873,0.0,25.134447,0.245437,0.0,3.104774,2.673918,0.0,0.0
45210,-14.186243,-0.220893,-0.003906,25.134447,0.147262,0.003906,3.104774,2.673918,0.0,0.0
45231,-14.186243,0.294524,0.0,25.134638,0.319068,0.0,3.104774,2.673918,0.0,0.0
45233,-14.186435,-0.417242,0.0,25.134254,-0.196349,0.0,3.104774,2.673918,0.0,0.0
45235,-14.186051,0.171806,0.0,25.134638,0.343611,0.0,3.104774,2.673918,0.0,0.0
45243,-14.186051,-0.171806,0.0,25.134638,0.245437,0.0,3.104774,2.673918,0.0,0.0
45263,-14.186051,0.220893,0.0,25.134447,-0.122718,0.0,3.104774,2.673918,0.0,0.0
45264,-14.186435,-0.490873,0.0,25.134447,-0.122718,0.0,3.104774,2.673918,0.0,0.0
45274,-14.186243,-0.098175,0.003906,25.134638,0.245437,0.0,3.104774,2.673918,0.0,0.0
45294,-14.186435,-0.539961,0.003906,25.134638,0.245437,0.0,3.104774,2.673918,0.0,0.0
45295,-14.186243,-0.073631,-0.003906,25.134638,0.245437,0.0,3.104774,2.673918,0.0,0.0
45298,-14.186243,-0.098175,0.0,25.134447,-0.122718,0.003906,3.104774,2.673918,0.0,0.0
45305,-14.186051,0.098175,0.0,25.134447,-0.122718,0.0,3.104774,2.673918,0.0,0.0
45337,-14.186243,-0.220893,0.003906,25.134447,-0.049087,0.0,3.104774,2.673918,0.0,0.0
45338,-14.186435,0.049087,0.0,25.13483,0.564505,0.0,3.104774,2.673918,0.0,0.0
45340,-14.186243,-0.220893,0.0,25.13483,0.515417,0.0,3.104774,2.673918,0.0,0.0
45355,-14.186051,0.024544,0.0,25.134638,0.417242,0.0,3.104774,2.673918,0.0,0.0
45357,-14.186051,0.098175,0.0,25.134638,0.245437,0.0,3.104774,2.673918,0.0,0.0
45359,-14.186243,-0.245437,0.0,25.134638,0.245437,0.0,3.104774,2.673918,0.0,0.0
45366,-14.186051,0.024544,0.0,25.134638,0.392699,0.0,3.104774,2.673918,0.0,0.0
45388,-14.186435,-0.687223,0.0,25.134638,0.245437,0.0,3.104774,2.673918,0.0,0.0
45390,-14.186051,0.024544,0.0,25.134638,-0.122718,0.0,3.104774,2.673918,0.0,0.0
45397,-14.186051,0.0,0.003906,25.134638,0.294524,0.0,3.104774,2.673918,0.0,0.0
45418,-14.186051,0.0,0.0,25.134638,0.319068,0.0,3.104774,2.673918,0.0,0.0
45419,-14.186051,0.0,0.0,25.134254,-0.417242,0.0,3.104774,2.673918,0.0,0.0
45420,-14.186051,0.0,0.003906,25.134254,-0.392699,-0.003906,3.104774,2.673918,0.0,0.0
45431,-14.186051,0.0,0.0,25.134447,-0.024544,0.0,3.104774,2.673918,0.0,0.0
45450,-14.186051,-0.073631,0.0,25.134638,0.26998,0.0,3.104774,2.673918,0.0,0.0
45451,-14.186051,0.0,0.0,25.134638,0.392699,0.0,3.104774,2.673918,0.0,0.0
45460,-14.186051,-0.147262,0.003906,25.134447,0.073631,0.003906,3.104774,2.673918,0.0,0.0
45464,-14.186051,-0.098175,0.0,25.134638,0.368155,0.0,3.104774,2.673918,0.0,0.0
45483,-14.186051,-0.024544,0.0,25.134254,-0.26998,0.0,3.104774,2.673918,0.0,0.0
45484,-14.186051,-0.049087,0.0,25.134447,0.0,0.003906,3.104774,2.673918,0.0,0.0
45493,-14.186051,-0.024544,0.0,25.134638,0.049087,0.0,3.104774,2.673918,0.0,0.0
45513,-14.186051,0.0,0.0,25.134447,0.0,0.0,3.104774,2.673918,0.0,0.0
45514,-14.186051,-0.073631,0.0,25.134254,-0.245437,0.0,3.104774,2.673918,0.0,0.0
45524,-14.186051,-0.049087,0.0,25.134447,0.196349,0.0,3.104774,2.673918,0.0,0.0
45525,-14.186051,-0.073631,0.003906,25.134638,0.46633,0.0,3.104774,2.673918,0.0,0.0
45545,-14.186051,-0.122718,0.0,25.134638,0.515417,0.0,3.104774,2.673918,0.0,0.0
45547,-14.186051,-0.073631,0.003906,25.134447,0.171806,0.0,3.104774,2.673918,0.0,0.0
45555,-14.186051,-0.049087,-0.003906,25.134254,-0.220893,0.0,3.104774,2.673918,0.0,0.0
45575,-14.186051,0.0,0.003906,25.134254,-0.122718,0.0,3.104774,2.673918,0.0,0.0
45576,-14.186051,0.0,0.0,25.134254,-0.220893,0.0,3.104774,2.673918,0.0,0.0
45585,-14.186051,-0.171806,-0.003906,25.134254,-0.049087,0.0,3.104774,2.673918,0.0,0.0
45587,-14.186051,-0.073631,0.0,25.134447,0.368155,0.0,3.104774,2.673918,0.0,0.0
45605,-14.186051,-0.171806,0.003906,25.134447,0.417242,0.0,3.104774,2.673918,0.0,0.0
45607,-14.186051,-0.196349,0.0,25.134254,0.122718,0.0,3.104774,2.673918,0.0,0.0
45619,-14.186051,-0.196349,0.0,25.134447,0.368155,0.0,3.104774,2.673918,0.0,0.0
45639,-14.186051,-0.196349,0.0,25.134254,0.098175,0.0,3.104774,2.673918,0.0,0.0
45640,-14.18586,0.122718,-0.003906,25.134254,0.073631,0.0,3.104774,2.673918,0.0,0.0
45660,-14.186051,-0.196349,0.0,25.134254,0.024544,0.0,3.104774,2.673918,0.0,0.0
45661,-14.186051,-0.245437,0.0,25.134254,0.147262,0.0,3.104774,2.673918,0.0,0.0
45662,-14.18586,-0.098175,0.003906,25.134254,0.245437,0.0,3.104774,2.673918,0.0,0.0
45679,-14.18586,0.0,0.0,25.134254,0.196349,0.0,3.104774,2.673918,0.0,0.0
45681,-14.185668,0.171806,-0.003906,25.134064,-0.024544,0.003906,3.104774,2.673918,0.0,0.0
45700,-14.18586,-0.196349,0.0,25.133871,0.049087,0.0,3.104774,2.673918,0.0,0.0
45701,-14.18586,-0.343611,0.003906,25.134064,0.220893,-0.003906,3.104774,2.673918,0.0,0.0
45703,-14.18586,-0.515417,0.0,25.133871,0.098175,0.0,3.104774,2.673918,0.0,0.0
45710,-14.185476,0.049087,0.0,25.13368,-0.024544,0.0,3.104774,2.673918,0.0,0.0
45733,-14.185476,-0.220893,0.003906,25.13368,0.220893,0.0,3.104774,2.673918,0.0,0.0
45735,-14.185476,-0.319068,0.0,25.133488,0.0,0.0,3.104774,2.673918,0.0,0.0
45742,-14.185285,0.0,0.0,25.133488,0.0,0.0,3.104774,2.673918,0.0,0.0
45765,-14.185285,0.0,0.0,25.133488,0.024544,0.0,3.104774,2.673918,0.0,0.0
45766,-14.185092,0.098175,0.0,25.133488,0.220893,0.0,3.104774,2.673918,0.0,0.0
45767,-14.185092,0.073631,-0.003906,25.133488,0.245437,0.0,3.104774,2.673918,0.0,0.0
45773,-14.185285,-0.343611,-0.003906,25.133488,0.319068,-0.003906,3.104774,2.673918,0.0,0.0
45795,-14.185092,0.0,0.003906,25.133297,0.049087,0.003906,3.104774,2.673918,0.0,0.0
45797,-14.1849,0.0,0.0,25.133297,-0.073631,0.0,3.104774,2.673918,0.0,0.0
45804,-14.1849,0.294524,0.0,25.133104,-0.343611,0.0,3.104774,2.673918,0.0,0.0
45824,-14.185092,-0.073631,0.0,25.133297,0.245437,0.0,3.104774,2.673918,0.0,0.0
45825,-14.185285,-0.490873,0.0,25.133488,0.294524,0.0,3.104774,2.673918,0.0,0.0
45827,-14.185092,-0.122718,0.0,25.133297,0.024544,0.0,3.104774,2.673918,0.0,0.0
45835,-14.185092,-0.122718,0.003906,25.133297,-0.024544,0.0,3.104774,2.673918,0.0,0.0
45857,-14.185285,-0.539961,0.0,25.133297,0.024544,-0.003906,3.104774,2.673918,0.0,0.0
45858,-14.185285,-0.46633,-0.003906,25.133297,0.0,0.0,3.104774,2.673918,0.0,0.0
45870,-14.185092,-0.196349,0.0,25.133104,-0.319068,0.0,3.104774,2.673918,0.0,0.0
45890,-14.1849,0.049087,0.0,25.133297,0.245437,0.003906,3.104774,2.673918,0.0,0.0
45892,-14.185092,-0.26998,-0.003906,25.133104,-0.049087,0.0,3.104774,2.673918,0.0,0.0
45893,-14.1849,0.073631,0.0,25.133297,0.368155,0.0,3.104774,2.673918,0.0,0.0
45898,-14.1849,-0.049087,0.0,25.132914,0.024544,0.003906,3.104774,2.673918,0.0,0.0
45923,-14.1849,0.0,0.003906,25.133104,0.073631,0.0,3.104774,2.673918,0.0,0.0
45925,-14.1849,-0.245437,0.0,25.132914,0.049087,0.0,3.104774,2.673918,0.0,0.0
45927,-14.1849,-0.392699,0.0,25.133104,0.417242,0.0,3.104774,2.673918,0.0,0.0
45954,-14.184709,-0.245437,0.0,25.133104,0.220893,0.0,3.104774,2.673918,0.0,0.0
45955,-14.184517,-0.098175,0.0,25.132721,-0.098175,0.0,3.104774,2.673918,0.0,0.0
45957,-14.184134,0.0,0.0,25.132721,0.122718,0.0,3.104774,2.673918,0.0,0.0
45960,-14.18375,0.0,0.0,25.132528,-0.245437,0.0,3.104774,2.673918,0.0,0.0
45982,-14.183558,-0.098175,-0.003906,25.132528,0.0,0.0,3.104774,2.673918,0.0,0.0
45984,-14.183367,0.0,0.0,25.132528,0.0,0.0,3.104774,2.673918,0.0,0.0
45992,-14.183367,-0.147262,0.0,25.132528,0.098175,0.0,3.104774,2.673918,0.0,0.0
46012,-14.183367,-0.26998,0.0,25.132528,0.147262,0.0,3.104774,2.673918,0.0,0.0
46014,-14.183367,-0.319068,0.0,25.132721,0.589048,0.0,3.104774,2.673918,0.0,0.0
46015,-14.183367,-0.564505,0.0,25.132528,0.220893,0.0,3.104774,2.673918,0.0,0.0
46023,-14.183175,0.26998,0.003906,25.132338,-0.122718,0.0,3.104774,2.673918,0.0,0.0
46048,-14.183175,-0.319068,0.0,25.132338,0.245437,-0.003906,3.104774,2.673918,0.0,0.0
46051,-14.182983,-0.245437,0.0,25.132338,-0.122718,0.0,3.104774,2.673918,0.0,0.0
46054,-14.182792,-0.073631,0.0,25.132338,0.024544,0.0,3.104774,2.673918,0.0,0.0
46058,-14.182792,-0.245437,0.0,25.132528,0.294524,0.0,3.104774,2.673918,0.0,0.0
46079,-14.182792,-0.245437,0.0,25.132338,-0.024544,0.0,3.104774,2.673918,0.0,0.0
46081,-14.1826,-0.049087,0.0,25.132528,0.343611,0.0,3.104774,2.673918,0.0,0.0
46084,-14.1826,-0.26998,0.003906,25.132528,0.343611,0.0,3.104774,2.673918,0.0,0.0
46107,-14.182408,-0.196349,0.003906,25.132338,0.196349,0.0,3.104774,2.673918,0.0,0.0
46108,-14.182217,0.0,0.0,25.132338,0.098175,-0.003906,3.104774,2.673918,0.0,0.0
46116,-14.181832,0.441786,0.0,25.132145,0.049087,0.0,3.104774,2.673918,0.0,0.0
46118,-14.182024,0.0,-0.003906,25.132338,0.417242,0.0,3.104774,2.673918,0.0,0.0
46139,-14.181832,0.147262,0.0,25.131762,-0.417242,0.0,3.104774,2.673918,0.0,0.0
46141,-14.181832,0.098175,0.003906,25.132145,0.294524,0.0,3.104774,2.673918,0.0,0.0
46148,-14.181832,-0.098175,0.0,25.131762,-0.098175,0.0,3.104774,2.673918,0.0,0.0
46171,-14.182024,-0.515417,-0.003906,25.131762,0.0,0.0,3.104774,2.673918,0.0,0.0
46172,-14.181641,0.098175,0.003906,25.131378,-0.319068,0.0,3.104774,2.673918,0.0,0.0
46182,-14.182024,-0.613592,0.0,25.131762,0.46633,0.0,3.104774,2.673918,0.0,0.0
46184,-14.181832,-0.319068,0.003906,25.131187,0.0,0.0,3.104774,2.673918,0.0,0.0
46201,-14.181641,0.024544,0.0,25.131187,0.196349,0.0,3.104774,2.673918,0.0,0.0
46203,-14.181641,-0.024544,0.0,25.131187,0.319068,0.0,3.104774,2.673918,0.0,0.0
46210,-14.181449,-0.073631,0.0,25.130804,-0.122718,0.0,3.104774,2.673918,0.0,0.0
46232,-14.181641,0.049087,0.003906,25.130804,0.0,0.0,3.104774,2.673918,0.0,0.0
46234,-14.181449,0.0,0.003906,25.130611,-0.147262,0.0,3.104774,2.673918,0.0,0.0
46235,-14.181449,0.0,0.0,25.130611,0.073631,0.003906,3.104774,2.673918,0.0,0.0
46243,-14.181641,-0.392699,0.0,25.130421,-0.196349,0.0,3.104774,2.673918,0.0,0.0
46289,-14.181449,-0.147262,0.0,25.130611,0.245437,0.0,3.104774,2.673918,0.0,0.0
46291,-14.181449,-0.024544,-0.003906,25.130611,0.245437,0.0,3.104774,2.673918,0.0,0.0
46293,-14.181449,-0.26998,0.003906,25.130421,-0.122718,-0.007812,3.104774,2.673918,0.0,0.0
46294,-14.181641,-0.539961,0.003906,25.130228,-0.122718,0.0,3.104774,2.673918,0.0,0.0
46296,-14.181449,-0.122718,0.0,25.130421,0.319068,0.0,3.104774,2.673918,0.0,0.0
46298,-14.181641,-0.539961,0.0,25.130228,0.024544,0.003906,3.104774,2.673918,0.0,0.0
46306,-14.181257,0.098175,0.0,25.130228,0.122718,0.0,3.104774,2.673918,0.0,0.0
46325,-14.181449,-0.196349,0.0,25.130037,0.26998,0.0,3.104774,2.673918,0.0,0.0
46326,-14.181449,-0.294524,0.0,25.129845,-0.098175,0.003906,3.104774,2.673918,0.0,0.0
46336,-14.181449,-0.171806,0.0,25.129845,-0.073631,0.003906,3.104774,2.673918,0.0,0.0
46356,-14.181257,0.049087,-0.003906,25.129845,0.073631,0.0,3.104774,2.673918,0.0,0.0
46358,-14.181449,-0.368155,0.0,25.129845,0.098175,0.0,3.104774,2.673918,0.0,0.0
46359,-14.181257,0.049087,0.0,25.129654,0.368155,0.0,3.104774,2.673918,0.0,0.0
46367,-14.181449,-0.368155,0.0,25.129654,0.0,0.0,3.104774,2.673918,0.0,0.0
46388,-14.181449,-0.319068,0.003906,25.129461,-0.122718,0.0,3.104774,2.673918,0.0,0.0
46391,-14.181449,-0.26998,0.0,25.129654,0.662679,0.0,3.104774,2.673918,0.0,0.0
46410,-14.181449,-0.294524,0.0,25.129269,-0.049087,0.003906,3.104774,2.673918,0.0,0.0
46420,-14.181066,0.343611,-0.003906,25.129461,0.613592,0.0,3.104774,2.673918,0.0,0.0
46421,-14.181449,-0.245437,0.0,25.129078,0.245437,0.003906,3.104774,2.673918,0.0,0.0
46423,-14.181449,-0.220893,0.003906,25.128311,0.0,0.003906,3.104774,2.673918,0.0,0.0
46428,-14.181449,-0.417242,0.0,25.126968,-0.098175,0.0,3.104774,2.673918,0.0,0.0
46451,-14.181257,-0.073631,-0.003906,25.125435,0.098175,0.0,3.104774,2.673918,0.0,0.0
46452,-14.181449,-0.368155,0.0,25.123133,-0.441786,0.0,3.104774,2.673918,0.0,0.0
46462,-14.181257,-0.26998,0.0,25.120066,-0.319068,0.0,3.104774,2.673918,0.0,0.0
46482,-14.181257,0.098175,0.0,25.11297,-0.981747,0.0,3.104774,2.673918,0.0,0.0
46484,-14.181449,-0.392699,0.0,25.104151,-0.46633,0.0,3.104774,2.673918,0.0,0.0
46485,-14.181257,0.220893,-0.003906,25.101851,0.073631,0.0,3.104774,2.673918,0.0,0.0
46493,-14.181257,-0.024544,-0.003906,25.102425,-0.073631,0.0,3.104774,2.673918,0.0,0.0
46513,-14.181449,-0.343611,0.003906,25.102041,-0.392699,0.003906,3.104774,2.673918,0.0,0.0
46515,-14.181449,-0.368155,0.0,25.102234,0.196349,0.0,3.104774,2.673918,0.0,0.0
46522,-14.181257,-0.073631,-0.003906,25.102041,0.171806,-0.003906,3.104774,2.673918,0.0,0.0
46546,-14.181641,-0.662679,0.003906,25.102041,0.122718,0.003906,3.104774,2.673918,0.0,0.0
46547,-14.181257,0.024544,0.0,25.102041,0.368155,0.0,3.104774,2.673918,0.0,0.0
46549,-14.181257,0.049087,0.0,25.101851,0.049087,0.0,3.104774,2.673918,0.0,0.0
46554,-14.181449,-0.26998,0.0,25.101851,0.0,0.0,3.104774,2.673918,0.0,0.0
46575,-14.181449,-0.220893,0.0,25.101851,0.147262,0.0,3.104774,2.673918,0.0,0.0
46577,-14.181449,-0.073631,-0.003906,25.101658,0.024544,0.0,3.104774,2.673918,0.0,0.0
46586,-14.181449,0.0,0.003906,25.101658,0.0,0.0,3.104774,2.673918,0.0,0.0
46606,-14.181641,-0.368155,0.0,25.101465,0.0,0.0,3.104774,2.673918,0.0,0.0
46608,-14.181641,-0.294524,0.0,25.101851,0.638135,0.0,3.104774,2.673918,0.0,0.0
46610,-14.181641,-0.171806,0.003906,25.101465,0.098175,0.0,3.104774,2.673918,0.0,0.0
46619,-14.181641,-0.220893,0.0,25.101274,-0.122718,0.0,3.104774,2.673918,0.0,0.0
46639,-14.181641,-0.122718,0.0,25.101274,0.024544,0.0,3.104774,2.673918,0.0,0.0
46640,-14.181641,-0.245437,0.0,25.101082,-0.122718,0.0,3.104774,2.673918,0.0,0.0
46648,-14.181641,-0.024544,-0.003906,25.100698,-0.417242,0.0,3.104774,2.673918,0.0,0.0
46674,-14.181641,-0.245437,0.0,25.100698,0.26998,0.0,3.104774,2.673918,0.0,0.0
46675,-14.181641,0.024544,0.0,25.100124,-0.073631,0.0,3.104774,2.673918,0.0,0.0
46677,-14.181641,-0.024544,0.0,25.099932,0.0,0.0,3.104774,2.673918,0.0,0.0
46679,-14.181641,-0.171806,0.0,25.100124,0.368155,0.0,3.104774,2.673918,0.0,0.0
46701,-14.181832,-0.441786,0.0,25.100124,0.515417,0.0,3.104774,2.673918,0.0,0.0
46703,-14.181641,-0.024544,-0.003906,25.099932,0.098175,0.0,3.104774,2.673918,0.0,0.0
46710,-14.181641,0.0,0.0,25.099741,-0.073631,0.0,3.104774,2.673918,0.0,0.0
46732,-14.181641,0.0,0.0,25.099741,0.024544,0.0,3.104774,2.673918,0.0,0.0
46734,-14.181832,-0.441786,0.003906,25.099548,0.073631,0.0,3.104774,2.673918,0.0,0.0
46735,-14.181641,-0.073631,0.0,25.099165,0.245437,0.0,3.104774,2.673918,0.0,0.0
46742,-14.181641,-0.024544,-0.003906,25.098591,0.171806,0.003906,3.104774,2.673918,0.0,0.0
46763,-14.181641,-0.098175,-0.003906,25.097055,-0.196349,0.0,3.104774,2.673918,0.0,0.0
46764,-14.181641,-0.024544,0.0,25.094179,-0.319068,0.0,3.104774,2.673918,0.0,0.0
46782,-14.181641,-0.147262,-0.003906,25.086893,-0.73631,0.003906,3.104774,2.673918,0.0,0.0
46784,-14.181641,-0.098175,0.0,25.076923,-0.687223,0.0,3.104774,2.673918,0.0,0.0
46786,-14.181641,-0.049087,0.0,25.070211,-0.343611,0.0,3.104774,2.673918,0.0,0.0
46808,-14.181641,0.196349,0.0,25.06024,-1.104465,0.003906,3.104774,2.673918,0.0,0.0
46810,-14.181641,-0.245437,0.0,25.050653,-0.441786,0.0,3.104774,2.673918,0.0,0.0
46825,-14.181257,0.46633,0.0,25.047777,0.220893,0.0,3.104774,2.673918,0.0,0.0
46827,-14.181641,-0.343611,0.0,25.04586,-0.171806,0.0,3.104774,2.673918,0.0,0.0
46836,-14.181641,-0.319068,0.0,25.041832,-0.441786,0.0,3.104774,2.673918,0.0,0.0
46856,-14.181641,-0.245437,0.0,25.035122,-1.251727,0.0,3.104774,2.673918,0.0,0.0
46858,-14.181641,-0.245437,0.003906,25.028219,-0.490873,0.0,3.104774,2.673918,0.0,0.0
46860,-14.181641,0.073631,0.0,25.024384,-0.490873,0.0,3.104774,2.673918,0.0,0.0
46868,-14.181641,-0.343611,-0.003906,25.0217,-0.122718,0.003906,3.104774,2.673918,0.0,0.0
46886,-14.181641,-0.245437,0.0,25.014412,-1.006291,0.003906,3.104774,2.673918,0.0,0.0
46888,-14.181449,0.098175,0.0,25.000416,-1.66897,-0.003906,3.104774,2.673918,0.0,0.0
46900,-14.181449,-0.098175,0.0,24.986034,-1.570795,0.003906,3.104774,2.673918,0.0,0.0
46918,-14.181641,-0.417242,0.0,24.969736,-1.840775,0.0,3.104774,2.673918,0.0,0.0
46920,-14.181257,0.122718,0.0,24.949795,-2.331649,0.0,3.104774,2.673918,0.0,0.0
46920,-14.181449,-0.122718,0.0,24.924099,-2.994328,-0.003906,3.104774,2.673918,0.0,0.0
46931,-14.181449,-0.294524,0.0,24.898405,-2.577086,0.0,3.104774,2.673918,0.0,0.0
46949,-14.181066,0.147262,0.003906,24.871178,-2.626173,0.0,3.104774,2.673918,0.0,0.0
46950,-14.181066,-0.368155,0.0,24.846441,-2.307105,-0.003906,3.104774,2.673918,0.0,0.0
46962,-14.18049,0.098175,0.0,24.8242,-1.816232,0.0,3.104774,2.673918,0.0,0.0
46980,-14.179724,-0.049087,0.0,24.804642,-1.816232,0.0,3.104774,2.673918,0.0,0.0
46982,-14.177998,0.0,0.0,24.792944,-1.153553,0.0,3.104774,2.673918,0.0,0.0
46983,-14.174738,0.245437,0.0,24.778179,-1.767144,0.003906,3.104774,2.673918,0.0,0.0
46993,-14.169369,0.834485,0.0,24.7638,-1.300815,0.0,3.104774,2.673918,0.0,0.0
47012,-14.160933,1.423533,0.0,24.749418,-0.883572,0.0,3.104774,2.673918,0.0,0.0
47014,-14.155372,0.196349,0.0,24.742706,-0.26998,0.0,3.104774,2.673918,0.0,0.0
47024,-14.154605,-0.245437,0.003906,24.73542,-0.760854,0.0,3.104774,2.673918,0.0,0.0
47041,-14.154797,-0.392699,0.0,24.728708,-0.294524,0.0,3.104774,2.673918,0.0,0.0
47043,-14.154605,0.0,0.0,24.725832,-0.147262,0.0,3.065274,2.673918,0.0,0.0
47045,-14.154797,-0.343611,-0.003906,24.725449,-0.343611,0.0,3.065274,2.673918,0.0,0.0
47056,-14.154797,-0.392699,0.0,24.725449,0.196349,0.0,3.065274,2.673918,0.0,0.0
47079,-14.154605,0.0,0.0,24.724874,0.26998,0.0,3.065274,2.673918,0.0,0.0
47080,-14.154605,0.0,0.0,24.723532,-0.098175,0.0,3.063932,2.673918,0.0,0.0
47086,-14.154797,-0.417242,0.0,24.720655,-0.613592,0.0,3.063932,2.673918,0.0,0.0
47088,-14.154605,-0.147262,0.0,24.713369,-0.859029,0.0,3.063932,2.673918,0.0,0.0
47106,-14.154605,0.024544,0.0,24.702824,-0.809941,0.0,3.063932,2.673918,0.0,0.0
47107,-14.154605,0.0,0.0,24.699371,0.073631,-0.003906,3.063932,2.673918,0.0,0.0
47116,-14.154797,-0.392699,0.0,24.699181,-0.171806,0.0,3.063932,2.673918,0.0,0.0
47137,-14.154413,0.319068,0.0,24.699371,0.319068,0.003906,3.063932,2.673918,0.0,0.0
47139,-14.154797,-0.368155,0.0,24.699371,0.319068,0.0,3.063932,2.673918,0.0,0.0
47150,-14.154797,-0.46633,0.0,24.698988,0.0,0.0,3.063932,2.673918,0.0,0.0
47151,-14.154605,-0.098175,0.0,24.698988,0.0,0.0,3.063932,2.673918,0.0,0.0
47169,-14.154605,-0.245437,0.0,24.698988,0.073631,0.0,3.063932,2.673918,0.0,0.0
47171,-14.154605,0.196349,0.0,24.698797,-0.073631,0.0,3.063932,2.673918,0.0,0.0
47190,-14.154413,-0.245437,0.0,24.698988,0.245437,0.0,3.063932,2.673918,0.0,0.0
47199,-14.154605,-0.662679,0.0,24.698988,0.196349,0.0,3.063932,2.673918,0.0,0.0
47202,-14.154221,0.26998,0.0,24.698988,0.122718,0.0,3.063932,2.673918,0.0,0.0
47211,-14.154605,-0.147262,0.0,24.698988,0.147262,0.0,3.063932,2.673918,0.0,0.0
47215,-14.154221,0.098175,0.0,24.698797,-0.368155,0.0,3.063932,2.673918,0.0,0.0
47246,-14.154413,-0.171806,0.0,24.699371,0.711766,0.0,3.063932,2.673918,0.0,0.0
47248,-14.154413,-0.073631,0.0,24.699181,0.46633,0.0,3.063932,2.673918,0.0,0.0
47250,-14.154605,-0.220893,-0.003906,24.698988,0.098175,0.0,3.063932,2.673918,0.0,0.0
47262,-14.154413,-0.098175,0.0,24.699181,0.245437,0.0,3.063932,2.673918,0.0,0.0
47265,-14.154221,0.26998,-0.003906,24.698988,0.0,-0.003906,3.063932,2.673918,0.0,0.0
47267,-14.154605,-0.392699,0.0,24.699181,0.319068,0.0,3.063932,2.673918,0.0,0.0
47276,-14.154413,-0.049087,0.0,24.699181,0.294524,0.0,3.063932,2.673918,0.0,0.0
47295,-14.154797,-0.834485,0.0,24.699371,0.711766,0.0,3.063932,2.673918,0.0,0.0
47296,-14.154605,-0.46633,0.0,24.698988,-0.122718,0.0,3.063932,2.673918,0.0,0.0
47304,-14.154605,-0.245437,0.0,24.699181,0.073631,0.0,3.063932,2.673918,0.0,0.0
47324,-14.154605,-0.319068,0.0,24.698988,-0.098175,0.0,3.063932,2.673918,0.0,0.0
47326,-14.154221,0.319068,0.0,24.698988,-0.098175,0.0,3.063932,2.673918,0.0,0.0
47328,-14.154605,-0.515417,0.0,24.699181,0.196349,0.0,3.063932,2.673918,0.0,0.0
47337,-14.154413,-0.392699,0.0,24.699181,0.122718,0.0,3.063932,2.673918,0.0,0.0
47357,-14.154605,-0.490873,0.0,24.699371,0.294524,0.0,3.063932,2.673918,0.0,0.0
47359,-14.154605,-0.073631,0.003906,24.699181,0.245437,0.0,3.063932,2.673918,0.0,0.0
47366,-14.154413,-0.049087,0.0,24.699371,0.024544,0.0,3.063932,2.673918,0.0,0.0
47386,-14.154413,0.343611,0.0,24.699564,0.245437,-0.003906,3.063932,2.673918,0.0,0.0
47388,-14.154605,-0.368155,0.0,24.699371,-0.26998,0.0,3.063932,2.673918,0.0,0.0
47390,-14.154605,-0.26998,0.0,24.699564,-0.024544,0.0,3.063932,2.673918,0.0,0.0
47399,-14.154605,-0.441786,0.0,24.699371,-0.294524,0.0,3.063932,2.673918,0.0,0.0
47419,-14.154413,-0.343611,0.0,24.699755,0.368155,0.003906,3.063932,2.673918,0.0,0.0
47421,-14.154413,-0.122718,0.0,24.699564,-0.073631,0.0,3.063932,2.673918,0.0,0.0
47432,-14.154605,-0.46633,0.0,24.699564,-0.049087,0.0,3.063932,2.673918,0.0,0.0
47450,-14.154605,-0.392699,0.0,24.699755,0.343611,0.0,3.063932,2.673918,0.0,0.0
47451,-14.154605,-0.687223,0.003906,24.699564,0.0,0.0,3.063932,2.673918,0.0,0.0
47453,-14.154605,-0.392699,0.0,24.699755,0.368155,0.0,3.063932,2.673918,0.0,0.0
47463,-14.154605,-0.294524,0.0,24.699371,-0.343611,0.0,3.063932,2.673918,0.0,0.0
47480,-14.154221,0.294524,0.0,24.699755,0.245437,0.0,3.063932,2.673918,0.0,0.0
47482,-14.154605,-0.343611,0.0,24.699755,0.220893,0.003906,3.063932,2.673918,0.0,0.0
47502,-14.154413,-0.098175,0.0,24.699755,0.26998,0.0,3.063932,2.673918,0.0,0.0
47504,-14.154605,-0.368155,0.0,24.699564,-0.049087,0.0,3.063932,2.673918,0.0,0.0
47522,-14.154221,0.343611,0.0,24.699564,-0.122718,0.003906,3.063932,2.673918,0.0,0.0
47523,-14.154221,0.171806,0.0,24.699755,0.319068,0.0,3.063932,2.673918,0.0,0.0
47525,-14.154605,-0.515417,0.0,24.699564,-0.098175,0.0,3.063932,2.673918,0.0,0.0
47545,-14.154413,0.098175,0.0,24.699564,-0.147262,0.0,3.063932,2.673918,0.0,0.0
47546,-14.154605,-0.417242,0.0,24.699947,0.441786,0.0,3.063932,2.673918,0.0,0.0
47554,-14.154413,-0.147262,0.0,24.699755,0.098175,0.0,3.063932,2.673918,0.0,0.0
47575,-14.154413,0.122718,0.0,24.699755,0.073631,0.003906,3.063932,2.673918,0.0,0.0
47577,-14.154413,0.0,0.0,24.699755,0.024544,0.0,3.063932,2.673918,0.0,0.0
47579,-14.154413,0.098175,0.0,24.699755,0.098175,0.0,3.063932,2.673918,0.0,0.0
47591,-14.154413,-0.098175,0.0,24.699564,-0.319068,0.003906,3.063932,2.673918,0.0,0.0
47607,-14.154605,-0.245437,0.0,24.699947,0.392699,0.0,3.063932,2.673918,0.0,0.0
47610,-14.154605,-0.368155,0.0,24.699755,0.0,0.0,3.063932,2.673918,0.0,0.0
47620,-14.154221,0.26998,0.0,24.699564,-0.343611,0.0,3.063932,2.673918,0.0,0.0
47648,-14.154605,-0.46633,0.0,24.699755,0.049087,0.0,3.063932,2.673918,0.0,0.0
47650,-14.154413,-0.049087,0.0,24.699755,0.171806,0.0,3.063932,2.673918,0.0,0.0
47652,-14.154221,0.319068,0.0,24.699947,0.515417,-0.003906,3.063932,2.673918,0.0,0.0
47653,-14.154605,-0.343611,0.0,24.699755,0.073631,0.0,3.063932,2.673918,0.0,0.0
47669,-14.154605,-0.343611,-0.003906,24.699564,-0.26998,0.0,3.063932,2.673918,0.0,0.0
47670,-14.154605,-0.368155,0.0,24.699755,0.196349,0.0,3.063932,2.673918,0.0,0.0
47680,-14.154413,-0.073631,0.0,24.699755,0.220893,0.0,3.063932,2.673918,0.0,0.0
47698,-14.154413,0.0,0.0,24.699755,0.122718,0.0,3.063932,2.673918,0.0,0.0
47700,-14.154413,-0.073631,0.0,24.699755,0.171806,0.0,3.063932,2.673918,0.0,0.0
47702,-14.154221,0.171806,0.0,24.699755,0.024544,0.0,3.063932,2.673918,0.0,0.0
47712,-14.154413,-0.098175,0.0,24.699755,0.196349,0.0,3.063932,2.673918,0.0,0.0
47731,-14.154605,-0.392699,0.0,24.699755,0.245437,0.0,3.063932,2.673918,0.0,0.0
47733,-14.154221,0.245437,0.0,24.699564,-0.171806,-0.003906,3.063932,2.673918,0.0,0.0
47743,-14.154413,0.024544,0.0,24.699755,0.171806,0.0,3.063932,2.673918,0.0,0.0
47745,-14.154413,-0.343611,0.0,24.699755,0.171806,0.003906,3.063932,2.673918,0.0,0.0
47773,-14.154221,0.294524,0.0,24.699755,0.171806,0.0,3.063932,2.673918,0.0,0.0
47775,-14.154605,-0.515417,0.0,24.699755,0.220893,0.0,3.063932,2.673918,0.0,0.0
47776,-14.154413,-0.196349,0.0,24.699947,0.147262,0.0,3.063932,2.673918,0.0,0.0
47794,-14.154221,0.098175,0.0,24.699755,0.171806,0.0,3.063932,2.673918,0.0,0.0
47796,-14.154413,-0.368155,0.0,24.699755,0.220893,0.0,3.063932,2.673918,0.0,0.0
47804,-14.154413,-0.245437,0.0,24.699755,0.319068,0.0,3.063932,2.673918,0.0,0.0
47805,-14.154413,-0.147262,0.0,24.699947,0.441786,0.0,3.063932,2.673918,0.0,0.0
47825,-14.154413,-0.122718,-0.007812,24.699755,0.245437,0.0,3.063932,2.673918,0.0,0.0
47826,-14.154221,0.098175,0.003906,24.699755,0.0,0.0,3.063932,2.673918,0.0,0.0
47836,-14.154221,0.196349,0.0,24.699755,0.245437,0.0,3.063932,2.673918,0.0,0.0
47856,-14.154221,0.171806,0.0,24.699564,-0.122718,0.0,3.063932,2.673918,0.0,0.0
47858,-14.154605,-0.46633,0.0,24.699947,0.46633,0.0,3.063932,2.673918,0.0,0.0
47860,-14.154605,-0.490873,0.0,24.699564,-0.220893,0.0,3.063932,2.673918,0.0,0.0
